ioc_type,value,risk_score,risk_level,sources,source_count,seen_count,collector_first_seen,collector_last_seen,source_first_seen,source_last_seen,source_status,feed_updated_at,source_url,description
domain,chiroartist.com,73,high,URLhaus,1,18,2026-10-01T02:05:25+00:00,2026-10-04T00:13:52+00:00,2026-09-04 07:20:17 UTC,2026-10-03 18:47:29 UTC,URLhaus: online,"Sun, 04 Oct 2026 00:05:45 GMT",https://urlhaus.abuse.ch/downloads/json_recent/,Zərərli URL host-u (malware_download)
domain,baolongwes.oss-ap-southeast-1.aliyuncs.com,73,high,URLhaus,1,18,2026-10-01T02:05:25+00:00,2026-10-04T00:13:52+00:00,2026-09-04T06:44:06+00:00,2026-10-03T23:52:12+00:00,URLhaus: offline,2026-10-04T00:05:45+00:00,https://urlhaus.abuse.ch/downloads/json_recent/,Zərərli URL host-u (malware_download)
domain,qqwwaa.tos-cn-hongkong.volces.com,73,high,URLhaus,1,18,2026-10-01T02:05:25+00:00,2026-10-04T00:13:52+00:00,2026-09-06 06:21:12 UTC,2026-10-03 22:55:36 UTC,URLhaus: online,"Sun, 04 Oct 2026 00:05:45 GMT",https://urlhaus.abuse.ch/downloads/json_recent/,Zərərli URL host-u (malware_download)
domain,gaode11223.oss-ap-southeast-7.aliyuncs.com,73,high,URLhaus,1,18,2026-10-01T02:05:25+00:00,2026-10-04T00:13:52+00:00,2026-09-06 06:21:20 UTC,2026-10-03 18:33:57 UTC,URLhaus: online,"Sun, 04 Oct 2026 00:05:45 GMT",https://urlhaus.abuse.ch/downloads/json_recent/,Zərərli URL host-u (malware_download)
domain,multiplay.at,73,high,URLhaus,1,18,2026-10-01T02:05:25+00:00,2026-10-04T00:13:52+00:00,2026-09-06T06:21:10+00:00,2026-10-03T23:05:48+00:00,URLhaus: online,2026-10-04T00:05:45+00:00,https://urlhaus.abuse.ch/downloads/json_recent/,Zərərli URL host-u (malware_download)
domain,loop-lumen.com,73,high,URLhaus,1,18,2026-10-01T02:05:25+00:00,2026-10-04T00:13:52+00:00,2026-09-09T15:59:13+00:00,2026-10-03 23:13:35 UTC,URLhaus: offline,2026-10-04T00:05:45+00:00,https://urlhaus.abuse.ch/downloads/json_recent/,Zərərli URL host-u (malware_download)
domain,epsinf.com,73,high,URLhaus,1,18,2026-10-01T02:05:25+00:00,2026-10-04T00:13:52+00:00,2026-09-09 18:28:13 UTC,2026-10-04 00:02:01 UTC,URLhaus: online,"Sun, 04 Oct 2026 00:05:45 GMT",https://urlhaus.abuse.ch/downloads/json_recent/,Zərərli URL host-u (malware_download)
domain,87130921-60-20220830152356.webstarterz.com,73,high,URLhaus,1,18,2026-10-01T02:05:25+00:00,2026-10-04T00:13:52+00:00,2026-09-09T18:31:19+00:00,2026-10-03T23:54:54+00:00,URLhaus: offline,2026-10-04T00:05:45+00:00,https://urlhaus.abuse.ch/downloads/json_recent/,Zərərli URL host-u (malware_download)
domain,awarenessexhibition.com,73,high,URLhaus,1,18,2026-10-01T02:05:25+00:00,2026-10-04T00:13:52+00:00,2026-09-11 12:22:07 UTC,2026-10-03 22:58:19 UTC,URLhaus: online,"Sun, 04 Oct 2026 00:05:45 GMT",https://urlhaus.abuse.ch/downloads/json_recent/,Zərərli URL host-u (malware_download)
domain,cid.gov.so,73,high,URLhaus,1,18,2026-10-01T02:05:25+00:00,2026-10-04T00:13:52+00:00,2026-09-11 13:57:21 UTC,2026-10-03 23:28:24 UTC,URLhaus: online,"Sun, 04 Oct 2026 00:05:45 GMT",https://urlhaus.abuse.ch/downloads/json_recent/,Zərərli URL host-u (malware_download)
domain,tweakz-dream-launcher.lovable.app,73,high,URLhaus,1,18,2026-10-01T02:05:25+00:00,2026-10-04T00:13:52+00:00,2026-09-14 14:15:20 UTC,2026-10-03 22:48:28 UTC,URLhaus: online,"Sun, 04 Oct 2026 00:05:45 GMT",https://urlhaus.abuse.ch/downloads/json_recent/,Zərərli URL host-u (malware_download)
domain,talkandtypeapp.com,73,high,URLhaus,1,18,2026-10-01T02:05:25+00:00,2026-10-04T00:13:52+00:00,2026-09-14 14:15:35 UTC,2026-10-03 23:41:16 UTC,URLhaus: online,"Sun, 04 Oct 2026 00:05:45 GMT",https://urlhaus.abuse.ch/downloads/json_recent/,Zərərli URL host-u (malware_download)
domain,thankful-cliff-01dfec010.7.azurestaticapps.net,73,high,URLhaus,1,18,2026-10-01T02:05:25+00:00,2026-10-04T00:13:52+00:00,2026-09-14 14:15:44 UTC,2026-10-03 22:57:09 UTC,URLhaus: online,"Sun, 04 Oct 2026 00:05:45 GMT",https://urlhaus.abuse.ch/downloads/json_recent/,Zərərli URL host-u (malware_download)
domain,lai-1451610695.cos.ap-guangzhou.myqcloud.com,73,high,URLhaus,1,18,2026-10-01T02:05:25+00:00,2026-10-04T00:13:52+00:00,2026-09-14 15:15:17 UTC,2026-10-03 23:53:42 UTC,URLhaus: online,"Sun, 04 Oct 2026 00:05:45 GMT",https://urlhaus.abuse.ch/downloads/json_recent/,Zərərli URL host-u (malware_download)
domain,debugify.net,73,high,URLhaus,1,18,2026-10-01T02:05:25+00:00,2026-10-04T00:13:52+00:00,2026-09-16 06:26:23 UTC,2026-10-03 23:40:51 UTC,URLhaus: online,"Sun, 04 Oct 2026 00:05:45 GMT",https://urlhaus.abuse.ch/downloads/json_recent/,Zərərli URL host-u (malware_download)
domain,198-macros.com,73,high,URLhaus,1,18,2026-10-01T02:05:25+00:00,2026-10-04T00:13:52+00:00,2026-09-16 06:26:24 UTC,2026-10-03 23:25:59 UTC,URLhaus: online,"Sun, 04 Oct 2026 00:05:45 GMT",https://urlhaus.abuse.ch/downloads/json_recent/,Zərərli URL host-u (malware_download)
domain,meteorclients.com,73,high,URLhaus,1,18,2026-10-01T02:05:25+00:00,2026-10-04T00:13:52+00:00,2026-09-16 06:26:26 UTC,2026-10-04 00:04:26 UTC,URLhaus: online,"Sun, 04 Oct 2026 00:05:45 GMT",https://urlhaus.abuse.ch/downloads/json_recent/,Zərərli URL host-u (malware_download)
domain,22qq-client.com,73,high,URLhaus,1,18,2026-10-01T02:05:25+00:00,2026-10-04T00:13:52+00:00,2026-09-16 06:41:17 UTC,2026-10-03 22:53:27 UTC,URLhaus: online,"Sun, 04 Oct 2026 00:05:45 GMT",https://urlhaus.abuse.ch/downloads/json_recent/,Zərərli URL host-u (malware_download)
domain,polinexclient.org,73,high,URLhaus,1,18,2026-10-01T02:05:25+00:00,2026-10-04T00:13:52+00:00,2026-09-16 06:41:17 UTC,2026-10-03 18:16:49 UTC,URLhaus: online,"Sun, 04 Oct 2026 00:05:45 GMT",https://urlhaus.abuse.ch/downloads/json_recent/,Zərərli URL host-u (malware_download)
domain,phantom-client.com,73,high,URLhaus,1,18,2026-10-01T02:05:25+00:00,2026-10-04T00:13:52+00:00,2026-09-16 06:41:17 UTC,2026-10-03 23:47:04 UTC,URLhaus: online,"Sun, 04 Oct 2026 00:05:45 GMT",https://urlhaus.abuse.ch/downloads/json_recent/,Zərərli URL host-u (malware_download)
domain,polarclient.net,73,high,URLhaus,1,18,2026-10-01T02:05:25+00:00,2026-10-04T00:13:52+00:00,2026-09-16 06:41:26 UTC,2026-10-03 23:13:14 UTC,URLhaus: online,"Sun, 04 Oct 2026 00:05:45 GMT",https://urlhaus.abuse.ch/downloads/json_recent/,Zərərli URL host-u (malware_download)
domain,windowsdiagnostics.st,73,high,URLhaus,1,18,2026-10-01T02:05:25+00:00,2026-10-04T00:13:52+00:00,2026-09-16T06:26:26+00:00,2026-10-03T23:55:18+00:00,URLhaus: online,2026-10-04T00:05:45+00:00,https://urlhaus.abuse.ch/downloads/json_recent/,Zərərli URL host-u (malware_download)
domain,star.zcnet.net,73,high,URLhaus,1,18,2026-10-01T02:05:25+00:00,2026-10-04T00:13:52+00:00,2026-09-17T14:13:41+00:00,2026-10-03T23:18:00+00:00,URLhaus: online,2026-10-04T00:05:45+00:00,https://urlhaus.abuse.ch/downloads/json_recent/,Zərərli URL host-u (malware_download)
domain,taunahi.st,73,high,URLhaus,1,18,2026-10-01T02:05:25+00:00,2026-10-04T00:13:52+00:00,2026-09-19 15:48:18 UTC,2026-10-03 22:52:39 UTC,URLhaus: online,"Sun, 04 Oct 2026 00:05:45 GMT",https://urlhaus.abuse.ch/downloads/json_recent/,Zərərli URL host-u (malware_download)
domain,fileupdates.blob.core.windows.net,73,high,URLhaus,1,18,2026-10-01T02:05:25+00:00,2026-10-04T00:13:52+00:00,2026-09-19 15:48:22 UTC,2026-10-03 23:29:30 UTC,URLhaus: online,"Sun, 04 Oct 2026 00:05:45 GMT",https://urlhaus.abuse.ch/downloads/json_recent/,Zərərli URL host-u (malware_download)
domain,the.earth.li,73,high,URLhaus,1,18,2026-10-01T02:05:25+00:00,2026-10-04T00:13:52+00:00,2026-09-20 05:32:11 UTC,2026-10-03 23:03:15 UTC,URLhaus: online,"Sun, 04 Oct 2026 00:05:45 GMT",https://urlhaus.abuse.ch/downloads/json_recent/,Zərərli URL host-u (malware_download)
domain,cn.devglobal.biz,73,high,URLhaus,1,18,2026-10-01T02:05:25+00:00,2026-10-04T00:13:52+00:00,2026-09-20 14:53:15 UTC,2026-10-03 22:57:02 UTC,URLhaus: online,"Sun, 04 Oct 2026 00:05:45 GMT",https://urlhaus.abuse.ch/downloads/json_recent/,Zərərli URL host-u (malware_download)
domain,prestigeclient.st,73,high,URLhaus,1,18,2026-10-01T02:05:25+00:00,2026-10-04T00:13:52+00:00,2026-09-20T14:53:15+00:00,2026-10-03T22:53:32+00:00,URLhaus: online,2026-10-04T00:05:45+00:00,https://urlhaus.abuse.ch/downloads/json_recent/,Zərərli URL host-u (malware_download)
domain,opsecmod.st,73,high,URLhaus,1,18,2026-10-01T02:05:25+00:00,2026-10-04T00:13:52+00:00,2026-09-20 14:53:16 UTC,2026-10-03 23:53:39 UTC,URLhaus: online,"Sun, 04 Oct 2026 00:05:45 GMT",https://urlhaus.abuse.ch/downloads/json_recent/,Zərərli URL host-u (malware_download)
domain,photolivebook.pro,73,high,URLhaus,1,18,2026-10-01T02:05:25+00:00,2026-10-04T00:13:52+00:00,2026-09-22 06:27:13 UTC,2026-10-03 23:53:48 UTC,URLhaus: online,"Sun, 04 Oct 2026 00:05:45 GMT",https://urlhaus.abuse.ch/downloads/json_recent/,Zərərli URL host-u (malware_download)
domain,firebasestorage.googleapis.com,73,high,URLhaus,1,18,2026-10-01T02:05:25+00:00,2026-10-04T00:13:52+00:00,2026-09-14T17:33:18+00:00,2026-10-03T23:30:33+00:00,URLhaus: online,2026-10-04T00:05:45+00:00,https://urlhaus.abuse.ch/downloads/json_recent/,Zərərli URL host-u (malware_download)
domain,obearo.com,73,high,URLhaus,1,18,2026-10-01T02:05:25+00:00,2026-10-04T00:13:52+00:00,2026-09-22 15:38:19 UTC,2026-10-04 00:05:26 UTC,URLhaus: online,"Sun, 04 Oct 2026 00:05:45 GMT",https://urlhaus.abuse.ch/downloads/json_recent/,Zərərli URL host-u (malware_download)
domain,pub-ce02802067934e0eb072f69bf6427bf6.r2.dev,73,high,URLhaus,1,18,2026-10-01T02:05:25+00:00,2026-10-04T00:13:52+00:00,2026-09-22T15:45:17+00:00,2026-10-03T23:24:58+00:00,URLhaus: offline,2026-10-04T00:05:45+00:00,https://urlhaus.abuse.ch/downloads/json_recent/,Zərərli URL host-u (malware_download)
domain,pub-43fc211373d547278dd3d5bd0b4d9dac.r2.dev,73,high,URLhaus,1,18,2026-10-01T02:05:25+00:00,2026-10-04T00:13:52+00:00,2026-09-23T17:21:18+00:00,2026-10-03 23:26:43 UTC,URLhaus: online,2026-10-04T00:05:45+00:00,https://urlhaus.abuse.ch/downloads/json_recent/,Zərərli URL host-u (malware_download)
domain,hponline.run.place,73,high,URLhaus,1,18,2026-10-01T02:05:25+00:00,2026-10-04T00:13:52+00:00,2026-09-24T06:31:16+00:00,2026-10-03T23:26:44+00:00,URLhaus: offline,2026-10-04T00:05:45+00:00,https://urlhaus.abuse.ch/downloads/json_recent/,Zərərli URL host-u (malware_download)
domain,romeopirlanta.com,73,high,URLhaus,1,18,2026-10-01T02:05:25+00:00,2026-10-04T00:13:52+00:00,2026-09-23T13:57:18+00:00,2026-10-03T23:33:03+00:00,URLhaus: online,2026-10-04T00:05:45+00:00,https://urlhaus.abuse.ch/downloads/json_recent/,Zərərli URL host-u (malware_download)
domain,wielixclient.net,73,high,URLhaus,1,18,2026-10-01T02:05:25+00:00,2026-10-04T00:13:52+00:00,2026-09-24 12:37:24 UTC,2026-10-03 23:53:39 UTC,URLhaus: online,"Sun, 04 Oct 2026 00:05:45 GMT",https://urlhaus.abuse.ch/downloads/json_recent/,Zərərli URL host-u (malware_download)
domain,luminexclient.net,73,high,URLhaus,1,18,2026-10-01T02:05:25+00:00,2026-10-04T00:13:52+00:00,2026-09-24 12:37:24 UTC,2026-10-03 22:53:22 UTC,URLhaus: online,"Sun, 04 Oct 2026 00:05:45 GMT",https://urlhaus.abuse.ch/downloads/json_recent/,Zərərli URL host-u (malware_download)
domain,odinclient.com,73,high,URLhaus,1,18,2026-10-01T02:05:25+00:00,2026-10-04T00:13:52+00:00,2026-09-16T06:41:26+00:00,2026-10-03T21:36:13+00:00,URLhaus: online,2026-10-04T00:05:45+00:00,https://urlhaus.abuse.ch/downloads/json_recent/,Zərərli URL host-u (malware_download)
domain,skyblock-addons.com,73,high,URLhaus,1,18,2026-10-01T02:05:25+00:00,2026-10-04T00:13:52+00:00,2026-09-16T06:41:25+00:00,2026-10-03T23:10:28+00:00,URLhaus: online,2026-10-04T00:05:45+00:00,https://urlhaus.abuse.ch/downloads/json_recent/,Zərərli URL host-u (malware_download)
domain,wielixclient.com,73,high,URLhaus,1,18,2026-10-01T02:05:25+00:00,2026-10-04T00:13:52+00:00,2026-09-16T06:41:17+00:00,2026-10-03T23:37:37+00:00,URLhaus: offline,2026-10-04T00:05:45+00:00,https://urlhaus.abuse.ch/downloads/json_recent/,Zərərli URL host-u (malware_download)
domain,royalcuts.co.uk,73,high,URLhaus,1,18,2026-10-01T02:05:25+00:00,2026-10-04T00:13:52+00:00,2026-09-21T13:01:14+00:00,2026-10-03T23:41:09+00:00,URLhaus: offline,2026-10-04T00:05:45+00:00,https://urlhaus.abuse.ch/downloads/json_recent/,Zərərli URL host-u (malware_download)
domain,urbanpro.mycpanel.rs,73,high,URLhaus,1,18,2026-10-01T02:05:25+00:00,2026-10-04T00:13:52+00:00,2026-09-24T13:42:12+00:00,2026-10-03T23:48:32+00:00,URLhaus: online,2026-10-04T00:05:45+00:00,https://urlhaus.abuse.ch/downloads/json_recent/,Zərərli URL host-u (malware_download)
domain,pub-0216fa08b2b94e129cb9e002cf7cb1f4.r2.dev,73,high,URLhaus,1,18,2026-10-01T02:05:25+00:00,2026-10-04T00:13:52+00:00,2026-09-01T06:55:08+00:00,2026-10-03T18:36:40+00:00,URLhaus: offline,2026-10-04T00:05:45+00:00,https://urlhaus.abuse.ch/downloads/json_recent/,Zərərli URL host-u (malware_download)
domain,quillchant14.com,73,high,URLhaus,1,18,2026-10-01T02:05:25+00:00,2026-10-04T00:13:52+00:00,2026-09-26T06:23:15+00:00,2026-10-03 23:09:58 UTC,URLhaus: offline,2026-10-04T00:05:45+00:00,https://urlhaus.abuse.ch/downloads/json_recent/,Zərərli URL host-u (malware_download)
domain,wemqmewkqewq.work.gd,73,high,URLhaus,1,18,2026-10-01T02:05:25+00:00,2026-10-04T00:13:52+00:00,2026-09-27T06:34:10+00:00,2026-10-04T00:00:33+00:00,URLhaus: online,2026-10-04T00:05:45+00:00,https://urlhaus.abuse.ch/downloads/json_recent/,Zərərli URL host-u (malware_download)
domain,odinclient.st,73,high,URLhaus,1,18,2026-10-01T02:05:25+00:00,2026-10-04T00:13:52+00:00,2026-09-27T17:06:17+00:00,2026-10-03T18:20:47+00:00,URLhaus: online,2026-10-04T00:05:45+00:00,https://urlhaus.abuse.ch/downloads/json_recent/,Zərərli URL host-u (malware_download)
domain,rabbids.cc,73,high,URLhaus,1,18,2026-10-01T02:05:25+00:00,2026-10-04T00:13:52+00:00,2026-09-28T06:11:19+00:00,2026-10-03T23:55:03+00:00,URLhaus: online,2026-10-04T00:05:45+00:00,https://urlhaus.abuse.ch/downloads/json_recent/,Zərərli URL host-u (malware_download)
domain,moniquejhingon.com,73,high,URLhaus,1,18,2026-10-01T02:05:25+00:00,2026-10-04T00:13:52+00:00,2026-09-28T12:52:23+00:00,2026-10-04T00:05:09+00:00,URLhaus: online,2026-10-04T00:05:45+00:00,https://urlhaus.abuse.ch/downloads/json_recent/,Zərərli URL host-u (malware_download)
domain,xenonclient.com,73,high,URLhaus,1,18,2026-10-01T02:05:25+00:00,2026-10-04T00:13:52+00:00,2026-09-28 13:50:15 UTC,2026-10-03 23:56:00 UTC,URLhaus: online,"Sun, 04 Oct 2026 00:05:45 GMT",https://urlhaus.abuse.ch/downloads/json_recent/,Zərərli URL host-u (malware_download)
domain,blaxllantas.com,73,high,URLhaus,1,18,2026-10-01T02:05:25+00:00,2026-10-04T00:13:52+00:00,2026-09-29T12:41:30+00:00,2026-10-03T23:59:43+00:00,URLhaus: online,2026-10-04T00:05:45+00:00,https://urlhaus.abuse.ch/downloads/json_recent/,Zərərli URL host-u (malware_download)
domain,argon-client.com,73,high,URLhaus,1,18,2026-10-01T02:05:25+00:00,2026-10-04T00:13:52+00:00,2026-09-30T04:40:20+00:00,2026-10-04T00:03:03+00:00,URLhaus: online,2026-10-04T00:05:45+00:00,https://urlhaus.abuse.ch/downloads/json_recent/,Zərərli URL host-u (malware_download)
domain,tradingengineers.in,73,high,URLhaus,1,18,2026-10-01T02:05:25+00:00,2026-10-04T00:13:52+00:00,2026-09-30 08:22:13 UTC,2026-10-03 23:45:05 UTC,URLhaus: online,"Sun, 04 Oct 2026 00:05:45 GMT",https://urlhaus.abuse.ch/downloads/json_recent/,Zərərli URL host-u (malware_download)
domain,bumcoinc.site,73,high,URLhaus,1,18,2026-10-01T02:05:25+00:00,2026-10-04T00:13:52+00:00,2026-09-30 10:02:32 UTC,2026-10-03 23:49:16 UTC,URLhaus: online,"Sun, 04 Oct 2026 00:05:45 GMT",https://urlhaus.abuse.ch/downloads/json_recent/,Zərərli URL host-u (malware_download)
domain,pub-a06eb79f0ebe4a6999bcc71a2227d8e3.r2.dev,73,high,URLhaus,1,18,2026-10-01T02:05:25+00:00,2026-10-04T00:13:52+00:00,2026-09-30 10:03:13 UTC,2026-10-03 23:28:19 UTC,URLhaus: online,"Sun, 04 Oct 2026 00:05:45 GMT",https://urlhaus.abuse.ch/downloads/json_recent/,Zərərli URL host-u (malware_download)
domain,fujeigroup.com,73,high,URLhaus,1,18,2026-10-01T02:05:25+00:00,2026-10-04T00:13:52+00:00,2026-09-30T10:05:15+00:00,2026-10-03T23:14:09+00:00,URLhaus: online,2026-10-04T00:05:45+00:00,https://urlhaus.abuse.ch/downloads/json_recent/,Zərərli URL host-u (malware_download)
domain,fussionmd.com,73,high,URLhaus,1,18,2026-10-01T02:05:25+00:00,2026-10-04T00:13:52+00:00,2026-09-30T11:09:25+00:00,2026-10-03T23:50:34+00:00,URLhaus: online,2026-10-04T00:05:45+00:00,https://urlhaus.abuse.ch/downloads/json_recent/,Zərərli URL host-u (malware_download)
domain,grupocaprem.com,73,high,URLhaus,1,18,2026-10-01T02:05:25+00:00,2026-10-04T00:13:52+00:00,2026-09-30T11:09:24+00:00,2026-10-03T23:26:02+00:00,URLhaus: online,2026-10-04T00:05:45+00:00,https://urlhaus.abuse.ch/downloads/json_recent/,Zərərli URL host-u (malware_download)
domain,hotelhungry.com,73,high,URLhaus,1,18,2026-10-01T02:05:25+00:00,2026-10-04T00:13:52+00:00,2026-09-30T12:41:20+00:00,2026-10-03T23:42:03+00:00,URLhaus: online,2026-10-04T00:05:45+00:00,https://urlhaus.abuse.ch/downloads/json_recent/,Zərərli URL host-u (malware_download)
domain,fa-1464303226.cos.ap-guangzhou.myqcloud.com,73,high,URLhaus,1,18,2026-10-01T02:05:25+00:00,2026-10-04T00:13:52+00:00,2026-09-30 12:55:26 UTC,2026-10-03 23:56:50 UTC,URLhaus: online,"Sun, 04 Oct 2026 00:05:45 GMT",https://urlhaus.abuse.ch/downloads/json_recent/,Zərərli URL host-u (malware_download)
domain,tk-1464303226.cos.ap-guangzhou.myqcloud.com,73,high,URLhaus,1,18,2026-10-01T02:05:25+00:00,2026-10-04T00:13:52+00:00,2026-09-30 12:56:19 UTC,2026-10-04 00:02:52 UTC,URLhaus: online,"Sun, 04 Oct 2026 00:05:45 GMT",https://urlhaus.abuse.ch/downloads/json_recent/,Zərərli URL host-u (malware_download)
domain,fe29jf323.kesug.com,73,high,URLhaus,1,18,2026-10-01T02:05:25+00:00,2026-10-04T00:13:52+00:00,2026-09-30 14:55:12 UTC,2026-10-03 22:55:42 UTC,URLhaus: online,"Sun, 04 Oct 2026 00:05:45 GMT",https://urlhaus.abuse.ch/downloads/json_recent/,Zərərli URL host-u (malware_download)
domain,porterneuman.mx,73,high,URLhaus,1,18,2026-10-01T02:05:25+00:00,2026-10-04T00:13:52+00:00,2026-09-30T15:00:18+00:00,2026-10-03 23:02:52 UTC,URLhaus: offline,2026-10-04T00:05:45+00:00,https://urlhaus.abuse.ch/downloads/json_recent/,Zərərli URL host-u (malware_download)
domain,sqpengg.com,73,high,URLhaus,1,18,2026-10-01T02:05:25+00:00,2026-10-04T00:13:52+00:00,2026-09-30T15:03:12+00:00,2026-10-03 23:08:48 UTC,URLhaus: offline,2026-10-04T00:05:45+00:00,https://urlhaus.abuse.ch/downloads/json_recent/,Zərərli URL host-u (malware_download)
domain,communication-hub.vg,73,high,URLhaus,1,17,2026-10-01T02:05:25+00:00,2026-10-03T21:53:59+00:00,2026-09-03 13:40:06 UTC,2026-10-03 18:30:31 UTC,URLhaus: online,"Sat, 03 Oct 2026 21:50:45 GMT",https://urlhaus.abuse.ch/downloads/json_recent/,Zərərli URL host-u (malware_download)
domain,prestige-client.live,71,high,URLhaus,1,10,2026-10-02T07:43:14+00:00,2026-10-04T00:13:52+00:00,2026-10-02 06:35:18 UTC,2026-10-03 23:21:11 UTC,URLhaus: online,"Sun, 04 Oct 2026 00:05:45 GMT",https://urlhaus.abuse.ch/downloads/json_recent/,Zərərli URL host-u (malware_download)
domain,pomorutecvo.vercel.app,71,high,URLhaus,1,10,2026-10-02T07:43:14+00:00,2026-10-04T00:13:52+00:00,2026-10-02 06:36:24 UTC,2026-10-03 23:49:18 UTC,URLhaus: online,"Sun, 04 Oct 2026 00:05:45 GMT",https://urlhaus.abuse.ch/downloads/json_recent/,Zərərli URL host-u (malware_download)
domain,polksvo.vercel.app,71,high,URLhaus,1,10,2026-10-02T07:43:14+00:00,2026-10-04T00:13:52+00:00,2026-10-02 06:36:24 UTC,2026-10-03 23:10:14 UTC,URLhaus: online,"Sun, 04 Oct 2026 00:05:45 GMT",https://urlhaus.abuse.ch/downloads/json_recent/,Zərərli URL host-u (malware_download)
domain,pub-e33c72ad3ac74028914da0187313eeb3.r2.dev,71,high,URLhaus,1,10,2026-10-02T07:43:14+00:00,2026-10-04T00:13:52+00:00,2026-10-02 06:48:13 UTC,2026-10-03 22:48:21 UTC,URLhaus: online,"Sun, 04 Oct 2026 00:05:45 GMT",https://urlhaus.abuse.ch/downloads/json_recent/,Zərərli URL host-u (malware_download)
domain,c2.teamzeroday.net,71,high,URLhaus,1,15,2026-10-01T14:03:27+00:00,2026-10-04T00:13:52+00:00,2026-10-01T13:48:15+00:00,2026-10-04T00:01:40+00:00,URLhaus: online,2026-10-04T00:05:45+00:00,https://urlhaus.abuse.ch/downloads/json_recent/,Zərərli URL host-u (malware_download)
domain,fahrzeugvergabe.de,69,medium,URLhaus,1,4,2026-10-03T14:03:45+00:00,2026-10-04T00:13:52+00:00,2026-10-03T09:10:11+00:00,2026-10-03 23:19:50 UTC,URLhaus: offline,2026-10-04T00:05:45+00:00,https://urlhaus.abuse.ch/downloads/json_recent/,Zərərli URL host-u (malware_download)
domain,nordmann-automobilgruppe.de,69,medium,URLhaus,1,4,2026-10-03T14:03:45+00:00,2026-10-04T00:13:52+00:00,2026-10-03T09:10:10+00:00,2026-10-03 23:13:15 UTC,URLhaus: offline,2026-10-04T00:05:45+00:00,https://urlhaus.abuse.ch/downloads/json_recent/,Zərərli URL host-u (malware_download)
domain,baainbw-vergabe.de,69,medium,URLhaus,1,4,2026-10-03T14:03:45+00:00,2026-10-04T00:13:52+00:00,2026-10-03T09:10:10+00:00,2026-10-04 00:00:58 UTC,URLhaus: offline,2026-10-04T00:05:45+00:00,https://urlhaus.abuse.ch/downloads/json_recent/,Zərərli URL host-u (malware_download)
domain,www.wuming0.tech,69,medium,URLhaus,1,4,2026-10-03T14:03:45+00:00,2026-10-04T00:13:52+00:00,2026-10-03T10:15:24+00:00,2026-10-04T00:02:32+00:00,URLhaus: online,2026-10-04T00:05:45+00:00,https://urlhaus.abuse.ch/downloads/json_recent/,Zərərli URL host-u (malware_download)
domain,iloveanal.work.gd,69,medium,URLhaus,1,4,2026-10-03T14:03:45+00:00,2026-10-04T00:13:52+00:00,2026-10-03T10:34:22+00:00,2026-10-03T23:59:48+00:00,URLhaus: online,2026-10-04T00:05:45+00:00,https://urlhaus.abuse.ch/downloads/json_recent/,Zərərli URL host-u (malware_download)
domain,emwqkekwqmekwq.work.gd,69,medium,URLhaus,1,4,2026-10-03T14:03:45+00:00,2026-10-04T00:13:52+00:00,2026-10-03T10:49:26+00:00,2026-10-03T23:52:33+00:00,URLhaus: online,2026-10-04T00:05:45+00:00,https://urlhaus.abuse.ch/downloads/json_recent/,Zərərli URL host-u (malware_download)
domain,dinamikakargo.com,69,medium,URLhaus,1,18,2026-10-01T02:05:25+00:00,2026-10-04T00:13:52+00:00,2026-09-07 18:13:11 UTC,2026-10-03 17:20:47 UTC,URLhaus: online,"Sun, 04 Oct 2026 00:05:45 GMT",https://urlhaus.abuse.ch/downloads/json_recent/,Zərərli URL host-u (malware_download)
domain,4eclient.com,69,medium,URLhaus,1,18,2026-10-01T02:05:25+00:00,2026-10-04T00:13:52+00:00,2026-09-09 07:15:12 UTC,2026-10-03 05:49:42 UTC,URLhaus: offline,"Sun, 04 Oct 2026 00:05:45 GMT",https://urlhaus.abuse.ch/downloads/json_recent/,Zərərli URL host-u (malware_download)
domain,themaintechnician.us,69,medium,URLhaus,1,18,2026-10-01T02:05:25+00:00,2026-10-04T00:13:52+00:00,2026-09-14 12:05:31 UTC,2026-10-03 18:05:07 UTC,URLhaus: online,"Sun, 04 Oct 2026 00:05:45 GMT",https://urlhaus.abuse.ch/downloads/json_recent/,Zərərli URL host-u (malware_download)
domain,kryptonclientcrack.lovable.app,69,medium,URLhaus,1,18,2026-10-01T02:05:25+00:00,2026-10-04T00:13:52+00:00,2026-09-16 06:26:24 UTC,2026-10-03 16:54:25 UTC,URLhaus: online,"Sun, 04 Oct 2026 00:05:45 GMT",https://urlhaus.abuse.ch/downloads/json_recent/,Zərərli URL host-u (malware_download)
domain,invmove.com,69,medium,URLhaus,1,18,2026-10-01T02:05:25+00:00,2026-10-04T00:13:52+00:00,2026-09-16 06:26:25 UTC,2026-10-03 17:18:40 UTC,URLhaus: online,"Sun, 04 Oct 2026 00:05:45 GMT",https://urlhaus.abuse.ch/downloads/json_recent/,Zərərli URL host-u (malware_download)
domain,pub-45a83f302a1943ed8d62418c2af947ef.r2.dev,69,medium,URLhaus,1,18,2026-10-01T02:05:25+00:00,2026-10-04T00:13:52+00:00,2026-09-17 16:00:20 UTC,2026-10-03 16:47:36 UTC,URLhaus: online,"Sun, 04 Oct 2026 00:05:45 GMT",https://urlhaus.abuse.ch/downloads/json_recent/,Zərərli URL host-u (malware_download)
domain,download-files.wixmp.com,69,medium,URLhaus,1,18,2026-10-01T02:05:25+00:00,2026-10-04T00:13:52+00:00,2026-09-21 14:33:24 UTC,2026-10-03 17:03:40 UTC,URLhaus: online,"Sun, 04 Oct 2026 00:05:45 GMT",https://urlhaus.abuse.ch/downloads/json_recent/,Zərərli URL host-u (malware_download)
domain,adcentral.com.mx,69,medium,URLhaus,1,18,2026-10-01T02:05:25+00:00,2026-10-04T00:13:52+00:00,2026-09-22 17:09:17 UTC,2026-10-03 17:11:36 UTC,URLhaus: online,"Sun, 04 Oct 2026 00:05:45 GMT",https://urlhaus.abuse.ch/downloads/json_recent/,Zərərli URL host-u (malware_download)
domain,helpdesk09-26.com,69,medium,URLhaus,1,18,2026-10-01T02:05:25+00:00,2026-10-04T00:13:52+00:00,2026-09-22 17:46:17 UTC,2026-10-03 17:09:00 UTC,URLhaus: online,"Sun, 04 Oct 2026 00:05:45 GMT",https://urlhaus.abuse.ch/downloads/json_recent/,Zərərli URL host-u (malware_download)
domain,delta-canvas.com,69,medium,URLhaus,1,18,2026-10-01T02:05:25+00:00,2026-10-04T00:13:52+00:00,2026-09-23T07:22:14+00:00,2026-10-03T17:27:13+00:00,URLhaus: offline,2026-10-04T00:05:45+00:00,https://urlhaus.abuse.ch/downloads/json_recent/,Zərərli URL host-u (malware_download)
domain,makemewin.club,69,medium,URLhaus,1,18,2026-10-01T02:05:25+00:00,2026-10-04T00:13:52+00:00,2026-09-23 08:02:18 UTC,2026-10-03 17:22:41 UTC,URLhaus: online,"Sun, 04 Oct 2026 00:05:45 GMT",https://urlhaus.abuse.ch/downloads/json_recent/,Zərərli URL host-u (malware_download)
domain,floppaclient.com,69,medium,URLhaus,1,18,2026-10-01T02:05:25+00:00,2026-10-04T00:13:52+00:00,2026-09-16T06:26:22+00:00,2026-10-03T17:51:50+00:00,URLhaus: offline,2026-10-04T00:05:45+00:00,https://urlhaus.abuse.ch/downloads/json_recent/,Zərərli URL host-u (malware_download)
domain,maple30.com,69,medium,URLhaus,1,18,2026-10-01T02:05:25+00:00,2026-10-04T00:13:52+00:00,2026-09-26T06:23:15+00:00,2026-10-03 16:58:24 UTC,URLhaus: offline,2026-10-04T00:05:45+00:00,https://urlhaus.abuse.ch/downloads/json_recent/,Zərərli URL host-u (malware_download)
domain,dstats.qzz.io,69,medium,URLhaus,1,18,2026-10-01T02:05:25+00:00,2026-10-04T00:13:52+00:00,2026-09-28T18:41:20+00:00,2026-10-03T09:50:38+00:00,URLhaus: offline,2026-10-04T00:05:45+00:00,https://urlhaus.abuse.ch/downloads/json_recent/,Zərərli URL host-u (malware_download)
domain,6ab746fb57212ca6e1e7b121.imgix.net,69,medium,URLhaus,1,18,2026-10-01T02:05:25+00:00,2026-10-04T00:13:52+00:00,2026-09-30 08:43:18 UTC,2026-10-03 17:55:33 UTC,URLhaus: online,"Sun, 04 Oct 2026 00:05:45 GMT",https://urlhaus.abuse.ch/downloads/json_recent/,Zərərli URL host-u (malware_download)
domain,playuno.me,69,medium,URLhaus,1,18,2026-10-01T02:05:25+00:00,2026-10-04T00:13:52+00:00,2026-09-30 15:14:39 UTC,2026-10-03 17:09:04 UTC,URLhaus: online,"Sun, 04 Oct 2026 00:05:45 GMT",https://urlhaus.abuse.ch/downloads/json_recent/,Zərərli URL host-u (malware_download)
domain,donutsmpclient.com,67,medium,URLhaus,1,3,2026-10-03T18:25:47+00:00,2026-10-04T00:13:52+00:00,2026-10-03T17:29:14+00:00,2026-10-03T23:32:03+00:00,URLhaus: online,2026-10-04T00:05:45+00:00,https://urlhaus.abuse.ch/downloads/json_recent/,Zərərli URL host-u (malware_download)
domain,xiangduck.sld.tw,67,medium,URLhaus,1,8,2026-10-02T19:39:32+00:00,2026-10-04T00:13:52+00:00,2026-10-02T15:55:25+00:00,2026-10-03T18:12:36+00:00,URLhaus: online,2026-10-04T00:05:45+00:00,https://urlhaus.abuse.ch/downloads/json_recent/,Zərərli URL host-u (malware_download)
domain,tmpfiles.org,67,medium,URLhaus,1,10,2026-10-02T07:43:14+00:00,2026-10-04T00:13:52+00:00,2026-10-02T06:36:22+00:00,,URLhaus: offline,2026-10-04T00:05:45+00:00,https://urlhaus.abuse.ch/downloads/json_recent/,Zərərli URL host-u (malware_download)
domain,ik.imagekit.io,67,medium,URLhaus,1,10,2026-10-02T07:43:14+00:00,2026-10-04T00:13:52+00:00,2026-10-02 06:48:14 UTC,2026-10-03 05:14:57 UTC,URLhaus: offline,"Sun, 04 Oct 2026 00:05:45 GMT",https://urlhaus.abuse.ch/downloads/json_recent/,Zərərli URL host-u (malware_download)
domain,autoflotte-vergabe.de,65,medium,URLhaus,1,4,2026-10-03T14:03:45+00:00,2026-10-04T00:13:52+00:00,2026-10-03T09:10:10+00:00,2026-10-03 16:47:39 UTC,URLhaus: offline,2026-10-04T00:05:45+00:00,https://urlhaus.abuse.ch/downloads/json_recent/,Zərərli URL host-u (malware_download)
domain,files.54daysaverage.qzz.io,65,medium,URLhaus,1,4,2026-10-03T14:03:45+00:00,2026-10-04T00:13:52+00:00,2026-10-03T10:15:24+00:00,2026-10-03T10:15:25+00:00,URLhaus: offline,2026-10-04T00:05:45+00:00,https://urlhaus.abuse.ch/downloads/json_recent/,Zərərli URL host-u (malware_download)
domain,truswallet.foundation,65,medium,URLhaus,1,4,2026-10-03T14:03:45+00:00,2026-10-04T00:13:52+00:00,2026-10-03T10:29:13+00:00,2026-10-03T12:34:00+00:00,URLhaus: offline,2026-10-04T00:05:45+00:00,https://urlhaus.abuse.ch/downloads/json_recent/,Zərərli URL host-u (malware_download)
domain,facai.makaaop.cc,65,medium,URLhaus,1,4,2026-10-03T14:03:45+00:00,2026-10-04T00:13:52+00:00,2026-10-03 10:56:27 UTC,,URLhaus: offline,"Sun, 04 Oct 2026 00:05:45 GMT",https://urlhaus.abuse.ch/downloads/json_recent/,Zərərli URL host-u (malware_download)
domain,astroliper.ac,65,medium,URLhaus,1,5,2026-10-03T08:42:27+00:00,2026-10-04T00:13:52+00:00,2026-10-03T06:15:19+00:00,,URLhaus: offline,2026-10-04T00:05:45+00:00,https://urlhaus.abuse.ch/downloads/json_recent/,Zərərli URL host-u (malware_download)
domain,clownguard.us,65,medium,URLhaus,1,5,2026-10-03T08:42:27+00:00,2026-10-04T00:13:52+00:00,2026-10-03 06:15:34 UTC,2026-10-03 11:26:17 UTC,URLhaus: offline,"Sun, 04 Oct 2026 00:05:45 GMT",https://urlhaus.abuse.ch/downloads/json_recent/,Zərərli URL host-u (malware_download)
domain,expirience.icu,65,medium,URLhaus,1,5,2026-10-03T08:42:27+00:00,2026-10-04T00:13:52+00:00,2026-10-03T06:30:16+00:00,2026-10-03T06:30:19+00:00,URLhaus: offline,2026-10-04T00:05:45+00:00,https://urlhaus.abuse.ch/downloads/json_recent/,Zərərli URL host-u (malware_download)
domain,nfadealer.top,65,medium,URLhaus,1,6,2026-10-03T02:50:46+00:00,2026-10-04T00:13:52+00:00,2026-10-02 23:54:20 UTC,2026-10-03 11:29:03 UTC,URLhaus: offline,"Sun, 04 Oct 2026 00:05:45 GMT",https://urlhaus.abuse.ch/downloads/json_recent/,Zərərli URL host-u (malware_download)
domain,sandiegomobiletire.com,65,medium,URLhaus,1,17,2026-10-01T09:35:21+00:00,2026-10-04T00:13:52+00:00,2026-10-01 05:33:11 UTC,,URLhaus: offline,"Sun, 04 Oct 2026 00:05:45 GMT",https://urlhaus.abuse.ch/downloads/json_recent/,Zərərli URL host-u (malware_download)
domain,api-willserver.phonkstyle-workers.workers.dev,65,medium,URLhaus,1,17,2026-10-01T09:35:21+00:00,2026-10-04T00:13:52+00:00,2026-10-01 05:34:13 UTC,2026-10-01 05:34:13 UTC,URLhaus: offline,"Sun, 04 Oct 2026 00:05:45 GMT",https://urlhaus.abuse.ch/downloads/json_recent/,Zərərli URL host-u (malware_download)
domain,luminexclient.com,65,medium,URLhaus,1,18,2026-10-01T02:05:25+00:00,2026-10-04T00:13:52+00:00,2026-09-16 06:26:22 UTC,2026-10-01 10:43:41 UTC,URLhaus: offline,"Sun, 04 Oct 2026 00:05:45 GMT",https://urlhaus.abuse.ch/downloads/json_recent/,Zərərli URL host-u (malware_download)
domain,breezeclient.com,65,medium,URLhaus,1,18,2026-10-01T02:05:25+00:00,2026-10-04T00:13:52+00:00,2026-09-16 06:26:25 UTC,2026-10-01 05:22:49 UTC,URLhaus: offline,"Sun, 04 Oct 2026 00:05:45 GMT",https://urlhaus.abuse.ch/downloads/json_recent/,Zərərli URL host-u (malware_download)
domain,kryptonclient-cracked.com,65,medium,URLhaus,1,18,2026-10-01T02:05:25+00:00,2026-10-04T00:13:52+00:00,2026-09-16 06:26:25 UTC,2026-10-01 06:06:15 UTC,URLhaus: offline,"Sun, 04 Oct 2026 00:05:45 GMT",https://urlhaus.abuse.ch/downloads/json_recent/,Zərərli URL host-u (malware_download)
domain,nova-client.com,65,medium,URLhaus,1,18,2026-10-01T02:05:25+00:00,2026-10-04T00:13:52+00:00,2026-09-16 06:41:16 UTC,2026-10-01 10:41:10 UTC,URLhaus: offline,"Sun, 04 Oct 2026 00:05:45 GMT",https://urlhaus.abuse.ch/downloads/json_recent/,Zərərli URL host-u (malware_download)
domain,chrome.windows-browser.net,65,medium,URLhaus,1,18,2026-10-01T02:05:25+00:00,2026-10-04T00:13:52+00:00,2026-09-24T05:10:43+00:00,2026-10-01T14:49:36+00:00,URLhaus: offline,2026-10-04T00:05:45+00:00,https://urlhaus.abuse.ch/downloads/json_recent/,Zərərli URL host-u (malware_download)
domain,sigmaclient.net,65,medium,URLhaus,1,18,2026-10-01T02:05:25+00:00,2026-10-04T00:13:52+00:00,2026-09-16T06:41:18+00:00,2026-10-01T11:16:21+00:00,URLhaus: offline,2026-10-04T00:05:45+00:00,https://urlhaus.abuse.ch/downloads/json_recent/,Zərərli URL host-u (malware_download)
domain,familyaddons.org,65,medium,URLhaus,1,18,2026-10-01T02:05:25+00:00,2026-10-04T00:13:52+00:00,2026-09-24 12:37:24 UTC,2026-10-01 00:15:13 UTC,URLhaus: offline,"Sun, 04 Oct 2026 00:05:45 GMT",https://urlhaus.abuse.ch/downloads/json_recent/,Zərərli URL host-u (malware_download)
domain,breezeclient.org,65,medium,URLhaus,1,18,2026-10-01T02:05:25+00:00,2026-10-04T00:13:52+00:00,2026-09-24 12:37:24 UTC,2026-10-01 04:52:58 UTC,URLhaus: offline,"Sun, 04 Oct 2026 00:05:45 GMT",https://urlhaus.abuse.ch/downloads/json_recent/,Zərərli URL host-u (malware_download)
domain,cheetoclient.com,65,medium,URLhaus,1,18,2026-10-01T02:05:25+00:00,2026-10-04T00:13:52+00:00,2026-09-16T06:26:25+00:00,2026-10-01T11:41:54+00:00,URLhaus: offline,2026-10-04T00:05:45+00:00,https://urlhaus.abuse.ch/downloads/json_recent/,Zərərli URL host-u (malware_download)
domain,funnymap.net,65,medium,URLhaus,1,18,2026-10-01T02:05:25+00:00,2026-10-04T00:13:52+00:00,2026-09-16T06:26:21+00:00,2026-10-01T11:03:21+00:00,URLhaus: offline,2026-10-04T00:05:45+00:00,https://urlhaus.abuse.ch/downloads/json_recent/,Zərərli URL host-u (malware_download)
domain,odinmod.org,65,medium,URLhaus,1,18,2026-10-01T02:05:25+00:00,2026-10-04T00:13:52+00:00,2026-09-24 12:37:24 UTC,2026-10-01 14:04:48 UTC,URLhaus: offline,"Sun, 04 Oct 2026 00:05:45 GMT",https://urlhaus.abuse.ch/downloads/json_recent/,Zərərli URL host-u (malware_download)
domain,sigmaclient.org,65,medium,URLhaus,1,18,2026-10-01T02:05:25+00:00,2026-10-04T00:13:52+00:00,2026-09-24 12:37:25 UTC,2026-10-01 11:30:22 UTC,URLhaus: offline,"Sun, 04 Oct 2026 00:05:45 GMT",https://urlhaus.abuse.ch/downloads/json_recent/,Zərərli URL host-u (malware_download)
domain,familyaddons.com,65,medium,URLhaus,1,18,2026-10-01T02:05:25+00:00,2026-10-04T00:13:52+00:00,2026-09-16T06:26:23+00:00,2026-10-01T10:40:03+00:00,URLhaus: offline,2026-10-04T00:05:45+00:00,https://urlhaus.abuse.ch/downloads/json_recent/,Zərərli URL host-u (malware_download)
domain,198macros.org,65,medium,URLhaus,1,18,2026-10-01T02:05:25+00:00,2026-10-04T00:13:52+00:00,2026-09-24 12:39:22 UTC,2026-10-01 10:43:48 UTC,URLhaus: offline,"Sun, 04 Oct 2026 00:05:45 GMT",https://urlhaus.abuse.ch/downloads/json_recent/,Zərərli URL host-u (malware_download)
domain,noamaddons.com,65,medium,URLhaus,1,18,2026-10-01T02:05:25+00:00,2026-10-04T00:13:52+00:00,2026-09-16T06:41:18+00:00,2026-10-02T06:17:40+00:00,URLhaus: offline,2026-10-04T00:05:45+00:00,https://urlhaus.abuse.ch/downloads/json_recent/,Zərərli URL host-u (malware_download)
domain,elrneba.com,65,medium,URLhaus,1,18,2026-10-01T02:05:25+00:00,2026-10-04T00:13:52+00:00,2026-09-24T13:39:17+00:00,2026-10-01T12:01:34+00:00,URLhaus: offline,2026-10-04T00:05:45+00:00,https://urlhaus.abuse.ch/downloads/json_recent/,Zərərli URL host-u (malware_download)
domain,pixeldrain.com,65,medium,URLhaus,1,18,2026-10-01T02:05:25+00:00,2026-10-04T00:13:52+00:00,2026-09-27T07:10:00+00:00,2026-09-27T08:51:23+00:00,URLhaus: offline,2026-10-04T00:05:45+00:00,https://urlhaus.abuse.ch/downloads/json_recent/,Zərərli URL host-u (malware_download)
domain,www.oj44472.com,65,medium,URLhaus,1,18,2026-10-01T02:05:25+00:00,2026-10-04T00:13:52+00:00,2026-09-27 17:06:26 UTC,2026-10-01 05:47:48 UTC,URLhaus: offline,"Sun, 04 Oct 2026 00:05:45 GMT",https://urlhaus.abuse.ch/downloads/json_recent/,Zərərli URL host-u (malware_download)
domain,astraluxclient.com,65,medium,URLhaus,1,18,2026-10-01T02:05:25+00:00,2026-10-04T00:13:52+00:00,2026-09-28 13:50:16 UTC,2026-10-01 05:19:45 UTC,URLhaus: offline,"Sun, 04 Oct 2026 00:05:45 GMT",https://urlhaus.abuse.ch/downloads/json_recent/,Zərərli URL host-u (malware_download)
domain,noxxclient.org,65,medium,URLhaus,1,18,2026-10-01T02:05:25+00:00,2026-10-04T00:13:52+00:00,2026-09-30T04:40:22+00:00,2026-10-02T17:37:42+00:00,URLhaus: offline,2026-10-04T00:05:45+00:00,https://urlhaus.abuse.ch/downloads/json_recent/,Zərərli URL host-u (malware_download)
domain,tutpaste.com,65,medium,URLhaus,1,18,2026-10-01T02:05:25+00:00,2026-10-04T00:13:52+00:00,2026-09-30T07:41:15+00:00,2026-10-01T16:27:16+00:00,URLhaus: offline,2026-10-04T00:05:45+00:00,https://urlhaus.abuse.ch/downloads/json_recent/,Zərərli URL host-u (malware_download)
domain,rough-truth-e072.publicftpresend.workers.dev,65,medium,URLhaus,1,18,2026-10-01T02:05:25+00:00,2026-10-04T00:13:52+00:00,2026-09-17T16:35:20+00:00,2026-10-01T16:27:17+00:00,URLhaus: offline,2026-10-04T00:05:45+00:00,https://urlhaus.abuse.ch/downloads/json_recent/,Zərərli URL host-u (malware_download)
domain,ficus.in,65,medium,URLhaus,1,18,2026-10-01T02:05:25+00:00,2026-10-04T00:13:52+00:00,2026-09-15T15:27:16+00:00,2026-10-01T23:57:21+00:00,URLhaus: offline,2026-10-04T00:05:45+00:00,https://urlhaus.abuse.ch/downloads/json_recent/,Zərərli URL host-u (malware_download)
domain,nsci.space,65,medium,URLhaus,1,18,2026-10-01T02:05:25+00:00,2026-10-04T00:13:52+00:00,2026-09-30T15:01:13+00:00,,URLhaus: offline,2026-10-04T00:05:45+00:00,https://urlhaus.abuse.ch/downloads/json_recent/,Zərərli URL host-u (malware_download)
domain,hjha.ao,65,medium,URLhaus,1,18,2026-10-01T02:05:25+00:00,2026-10-04T00:13:52+00:00,2026-09-29T07:29:15+00:00,,URLhaus: offline,2026-10-04T00:05:45+00:00,https://urlhaus.abuse.ch/downloads/json_recent/,Zərərli URL host-u (malware_download)
domain,app.ezmarketz.com,65,medium,URLhaus,1,18,2026-10-01T02:05:25+00:00,2026-10-04T00:13:52+00:00,2026-09-30 16:25:14 UTC,2026-10-02 17:16:21 UTC,URLhaus: offline,"Sun, 04 Oct 2026 00:05:45 GMT",https://urlhaus.abuse.ch/downloads/json_recent/,Zərərli URL host-u (malware_download)
domain,kryptonclientplus.lovable.app,63,medium,URLhaus,1,3,2026-10-03T18:25:47+00:00,2026-10-04T00:13:52+00:00,2026-10-03 17:29:23 UTC,2026-10-03 17:29:23 UTC,URLhaus: offline,"Sun, 04 Oct 2026 00:05:45 GMT",https://urlhaus.abuse.ch/downloads/json_recent/,Zərərli URL host-u (malware_download)
domain,onlyfiles.com,63,medium,URLhaus,1,3,2026-10-03T18:25:47+00:00,2026-10-04T00:13:52+00:00,2026-10-03 17:30:13 UTC,,URLhaus: offline,"Sun, 04 Oct 2026 00:05:45 GMT",https://urlhaus.abuse.ch/downloads/json_recent/,Zərərli URL host-u (malware_download)
domain,chekcms432.cc,63,medium,URLhaus,1,3,2026-10-03T18:25:47+00:00,2026-10-04T00:13:52+00:00,2026-10-03 17:30:26 UTC,2026-10-03 17:30:26 UTC,URLhaus: online,"Sun, 04 Oct 2026 00:05:45 GMT",https://urlhaus.abuse.ch/downloads/json_recent/,Zərərli URL host-u (malware_download)
domain,allowcsxan2.site,63,medium,URLhaus,1,3,2026-10-03T18:25:47+00:00,2026-10-04T00:13:52+00:00,2026-10-03 17:30:27 UTC,2026-10-03 17:30:27 UTC,URLhaus: online,"Sun, 04 Oct 2026 00:05:45 GMT",https://urlhaus.abuse.ch/downloads/json_recent/,Zərərli URL host-u (malware_download)
domain,donutsmp-mod.github.io,63,medium,URLhaus,1,3,2026-10-03T18:25:47+00:00,2026-10-04T00:13:52+00:00,2026-10-03 17:30:33 UTC,2026-10-03 17:30:33 UTC,URLhaus: online,"Sun, 04 Oct 2026 00:05:45 GMT",https://urlhaus.abuse.ch/downloads/json_recent/,Zərərli URL host-u (malware_download)
domain,donutclients.org,63,medium,URLhaus,1,3,2026-10-03T18:25:47+00:00,2026-10-04T00:13:52+00:00,2026-10-03T17:30:27+00:00,2026-10-03T17:30:35+00:00,URLhaus: online,2026-10-04T00:05:45+00:00,https://urlhaus.abuse.ch/downloads/json_recent/,Zərərli URL host-u (malware_download)
domain,chibomaydan.devs.surf,63,medium,URLhaus,1,3,2026-10-03T18:25:47+00:00,2026-10-04T00:13:52+00:00,2026-10-03T17:42:18+00:00,2026-10-03T17:42:27+00:00,URLhaus: offline,2026-10-04T00:05:45+00:00,https://urlhaus.abuse.ch/downloads/json_recent/,Zərərli URL host-u (malware_download)
domain,downloader.exeexe.workers.dev,63,medium,URLhaus,1,10,2026-10-02T07:43:14+00:00,2026-10-04T00:13:52+00:00,2026-10-02T06:35:30+00:00,2026-10-02T06:35:42+00:00,URLhaus: offline,2026-10-04T00:05:45+00:00,https://urlhaus.abuse.ch/downloads/json_recent/,Zərərli URL host-u (malware_download)
domain,stratos-delta.com,63,medium,URLhaus,1,10,2026-10-02T07:43:14+00:00,2026-10-04T00:13:52+00:00,2026-10-02T06:35:12+00:00,,URLhaus: offline,2026-10-04T00:05:45+00:00,https://urlhaus.abuse.ch/downloads/json_recent/,Zərərli URL host-u (malware_download)
domain,chrome.browserdownloads.ru,63,medium,URLhaus,1,10,2026-10-02T07:43:14+00:00,2026-10-04T00:13:52+00:00,2026-10-02 06:36:58 UTC,2026-10-02 06:36:58 UTC,URLhaus: offline,"Sun, 04 Oct 2026 00:05:45 GMT",https://urlhaus.abuse.ch/downloads/json_recent/,Zərərli URL host-u (malware_download)
domain,pub-a327f9d03def4b07b51dba5303fc3620.r2.dev,63,medium,URLhaus,1,13,2026-10-01T16:47:10+00:00,2026-10-04T00:13:52+00:00,2026-10-01 14:28:14 UTC,2026-10-01 14:28:14 UTC,URLhaus: offline,"Sun, 04 Oct 2026 00:05:45 GMT",https://urlhaus.abuse.ch/downloads/json_recent/,Zərərli URL host-u (malware_download)
domain,pub-fcf9a4a0a9f54d8b8240c682f65e12f9.r2.dev,63,medium,URLhaus,1,13,2026-10-01T16:47:10+00:00,2026-10-04T00:13:52+00:00,2026-10-01 14:28:16 UTC,,URLhaus: offline,"Sun, 04 Oct 2026 00:05:45 GMT",https://urlhaus.abuse.ch/downloads/json_recent/,Zərərli URL host-u (malware_download)
domain,localfiles.live,63,medium,URLhaus,1,13,2026-10-01T16:47:10+00:00,2026-10-04T00:13:52+00:00,2026-10-01 14:37:24 UTC,2026-10-01 16:47:50 UTC,URLhaus: offline,"Sun, 04 Oct 2026 00:05:45 GMT",https://urlhaus.abuse.ch/downloads/json_recent/,Zərərli URL host-u (malware_download)
domain,ikechux.publicvm.com,63,medium,URLhaus,1,13,2026-10-01T16:47:10+00:00,2026-10-04T00:13:52+00:00,2026-10-01T14:59:22+00:00,,URLhaus: offline,2026-10-04T00:05:45+00:00,https://urlhaus.abuse.ch/downloads/json_recent/,Zərərli URL host-u (malware_download)
domain,www.correa.ind.br,63,medium,URLhaus,1,13,2026-10-01T16:47:10+00:00,2026-10-04T00:13:52+00:00,2026-10-01 15:50:26 UTC,,URLhaus: offline,"Sun, 04 Oct 2026 00:05:45 GMT",https://urlhaus.abuse.ch/downloads/json_recent/,Zərərli URL host-u (malware_download)
domain,maciejbi.hosting24.pl,63,medium,URLhaus,1,13,2026-10-01T16:47:10+00:00,2026-10-04T00:13:52+00:00,2026-10-01T16:10:17+00:00,2026-10-02T08:51:28+00:00,URLhaus: offline,2026-10-04T00:05:45+00:00,https://urlhaus.abuse.ch/downloads/json_recent/,Zərərli URL host-u (malware_download)
domain,out-agent.duckdns.org,63,medium,URLhaus,1,12,2026-10-01T02:05:25+00:00,2026-10-02T23:24:55+00:00,2026-09-02T08:19:26+00:00,2026-10-02 17:21:36 UTC,URLhaus: online,2026-10-02T23:21:15+00:00,https://urlhaus.abuse.ch/downloads/json_recent/,Zərərli URL host-u (malware_download)
domain,tetris-supdate.xyz,61,medium,URLhaus,1,7,2026-10-02T23:24:55+00:00,2026-10-04T00:13:52+00:00,2026-10-02 20:46:17 UTC,,URLhaus: offline,"Sun, 04 Oct 2026 00:05:45 GMT",https://urlhaus.abuse.ch/downloads/json_recent/,Zərərli URL host-u (malware_download)
domain,geoxsecurity.ro,61,medium,URLhaus,1,7,2026-10-01T02:05:25+00:00,2026-10-01T21:30:30+00:00,2026-09-01 06:54:07 UTC,2026-10-01 16:54:47 UTC,URLhaus: online,"Thu, 01 Oct 2026 21:25:39 GMT",https://urlhaus.abuse.ch/downloads/json_recent/,Zərərli URL host-u (malware_download)
domain,trusting-golick.93-152-221-234.plesk.page,61,medium,URLhaus,1,7,2026-10-01T02:05:25+00:00,2026-10-01T21:30:30+00:00,2026-09-01T16:02:12+00:00,2026-10-01T12:14:19+00:00,URLhaus: offline,2026-10-01T21:25:39+00:00,https://urlhaus.abuse.ch/downloads/json_recent/,Zərərli URL host-u (malware_download)
domain,www.93-152-221-234.plesk.page,61,medium,URLhaus,1,7,2026-10-01T02:05:25+00:00,2026-10-01T21:30:30+00:00,2026-09-01T16:03:13+00:00,2026-10-01T12:01:21+00:00,URLhaus: offline,2026-10-01T21:25:39+00:00,https://urlhaus.abuse.ch/downloads/json_recent/,Zərərli URL host-u (malware_download)
domain,opalcraftsmp.com,59,medium,URLhaus,1,18,2026-10-01T02:05:25+00:00,2026-10-04T00:13:52+00:00,2026-09-08T05:05:11+00:00,2026-09-28T23:53:48+00:00,URLhaus: offline,2026-10-04T00:05:45+00:00,https://urlhaus.abuse.ch/downloads/json_recent/,Zərərli URL host-u (malware_download)
domain,gamblerigmod.org,59,medium,URLhaus,1,18,2026-10-01T02:05:25+00:00,2026-10-04T00:13:52+00:00,2026-09-16 06:41:17 UTC,2026-09-30 10:41:47 UTC,URLhaus: offline,"Sun, 04 Oct 2026 00:05:45 GMT",https://urlhaus.abuse.ch/downloads/json_recent/,Zərərli URL host-u (malware_download)
domain,kbskitchen1.screenconnect.com,59,medium,URLhaus,1,18,2026-10-01T02:05:25+00:00,2026-10-04T00:13:52+00:00,2026-09-19 09:20:23 UTC,2026-09-30 18:03:51 UTC,URLhaus: offline,"Sun, 04 Oct 2026 00:05:45 GMT",https://urlhaus.abuse.ch/downloads/json_recent/,Zərərli URL host-u (malware_download)
domain,ertdyfiabwggujakd.duckdns.org,59,medium,URLhaus,1,18,2026-10-01T02:05:25+00:00,2026-10-04T00:13:52+00:00,2026-09-21T07:07:18+00:00,2026-09-28T15:50:12+00:00,URLhaus: offline,2026-10-04T00:05:45+00:00,https://urlhaus.abuse.ch/downloads/json_recent/,Zərərli URL host-u (malware_download)
domain,activegrp.co.za,59,medium,URLhaus,1,18,2026-10-01T02:05:25+00:00,2026-10-04T00:13:52+00:00,2026-09-24T06:35:20+00:00,2026-09-28T05:09:04+00:00,URLhaus: offline,2026-10-04T00:05:45+00:00,https://urlhaus.abuse.ch/downloads/json_recent/,Zərərli URL host-u (malware_download)
domain,fastsrunners.com,59,medium,URLhaus,1,18,2026-10-01T02:05:25+00:00,2026-10-04T00:13:52+00:00,2026-09-24T05:09:18+00:00,2026-09-27T13:28:48+00:00,URLhaus: offline,2026-10-04T00:05:45+00:00,https://urlhaus.abuse.ch/downloads/json_recent/,Zərərli URL host-u (malware_download)
domain,floppaclient.org,59,medium,URLhaus,1,18,2026-10-01T02:05:25+00:00,2026-10-04T00:13:52+00:00,2026-09-24 12:37:23 UTC,2026-09-30 05:57:33 UTC,URLhaus: offline,"Sun, 04 Oct 2026 00:05:45 GMT",https://urlhaus.abuse.ch/downloads/json_recent/,Zərərli URL host-u (malware_download)
domain,nebula-client.org,59,medium,URLhaus,1,18,2026-10-01T02:05:25+00:00,2026-10-04T00:13:52+00:00,2026-09-25T06:23:13+00:00,2026-09-27T18:22:13+00:00,URLhaus: offline,2026-10-04T00:05:45+00:00,https://urlhaus.abuse.ch/downloads/json_recent/,Zərərli URL host-u (malware_download)
domain,4flng-filedrive.sbs,59,medium,URLhaus,1,18,2026-10-01T02:05:25+00:00,2026-10-04T00:13:52+00:00,2026-09-27T07:09:14+00:00,,URLhaus: offline,2026-10-04T00:05:45+00:00,https://urlhaus.abuse.ch/downloads/json_recent/,Zərərli URL host-u (malware_download)
domain,kimdoo-app.top,59,medium,URLhaus,1,18,2026-10-01T02:05:25+00:00,2026-10-04T00:13:52+00:00,2026-09-27 07:09:33 UTC,2026-09-27 07:09:33 UTC,URLhaus: offline,"Sun, 04 Oct 2026 00:05:45 GMT",https://urlhaus.abuse.ch/downloads/json_recent/,Zərərli URL host-u (malware_download)
domain,bucket-cf-weur-a.uploadnow.io,59,medium,URLhaus,1,18,2026-10-01T02:05:25+00:00,2026-10-04T00:13:52+00:00,2026-09-27 07:09:37 UTC,2026-09-27 13:46:40 UTC,URLhaus: offline,"Sun, 04 Oct 2026 00:05:45 GMT",https://urlhaus.abuse.ch/downloads/json_recent/,Zərərli URL host-u (malware_download)
domain,swatting.wiki,59,medium,URLhaus,1,18,2026-10-01T02:05:25+00:00,2026-10-04T00:13:52+00:00,2026-09-27T06:54:15+00:00,2026-09-27T07:09:40+00:00,URLhaus: offline,2026-10-04T00:05:45+00:00,https://urlhaus.abuse.ch/downloads/json_recent/,Zərərli URL host-u (malware_download)
domain,kabarberita.eu.cc,59,medium,URLhaus,1,18,2026-10-01T02:05:25+00:00,2026-10-04T00:13:52+00:00,2026-09-26T13:36:15+00:00,2026-09-29T11:19:29+00:00,URLhaus: offline,2026-10-04T00:05:45+00:00,https://urlhaus.abuse.ch/downloads/json_recent/,Zərərli URL host-u (malware_download)
domain,gitlab.com,59,medium,URLhaus,1,18,2026-10-01T02:05:25+00:00,2026-10-04T00:13:52+00:00,2026-09-27 14:07:19 UTC,2026-09-28 10:39:19 UTC,URLhaus: offline,"Sun, 04 Oct 2026 00:05:45 GMT",https://urlhaus.abuse.ch/downloads/json_recent/,Zərərli URL host-u (malware_download)
domain,trust-soft.cc,59,medium,URLhaus,1,18,2026-10-01T02:05:25+00:00,2026-10-04T00:13:52+00:00,2026-09-28 06:11:22 UTC,,URLhaus: offline,"Sun, 04 Oct 2026 00:05:45 GMT",https://urlhaus.abuse.ch/downloads/json_recent/,Zərərli URL host-u (malware_download)
domain,cdn.jsdelivr.net,59,medium,URLhaus,1,18,2026-10-01T02:05:25+00:00,2026-10-04T00:13:52+00:00,2026-09-12T07:25:20+00:00,2026-09-15T22:29:59+00:00,URLhaus: offline,2026-10-04T00:05:45+00:00,https://urlhaus.abuse.ch/downloads/json_recent/,Zərərli URL host-u (malware_download)
domain,build.polysupport.team,59,medium,URLhaus,1,18,2026-10-01T02:05:25+00:00,2026-10-04T00:13:52+00:00,2026-09-28T06:11:40+00:00,2026-09-29T08:00:47+00:00,URLhaus: offline,2026-10-04T00:05:45+00:00,https://urlhaus.abuse.ch/downloads/json_recent/,Zərərli URL host-u (malware_download)
domain,crystalbranchtw.blog,59,medium,URLhaus,1,18,2026-10-01T02:05:25+00:00,2026-10-04T00:13:52+00:00,2026-09-28T18:41:15+00:00,2026-09-29T14:40:22+00:00,URLhaus: offline,2026-10-04T00:05:45+00:00,https://urlhaus.abuse.ch/downloads/json_recent/,Zərərli URL host-u (malware_download)
domain,simplecheck.online,59,medium,URLhaus,1,18,2026-10-01T02:05:25+00:00,2026-10-04T00:13:52+00:00,2026-09-29 06:30:21 UTC,2026-09-29 06:30:21 UTC,URLhaus: offline,"Sun, 04 Oct 2026 00:05:45 GMT",https://urlhaus.abuse.ch/downloads/json_recent/,Zərərli URL host-u (malware_download)
domain,6tu2zzl7q5wtdm6icmutlb6ifr7zz3z2svxvieaz7u4pqxrbblc7ltid.onion,59,medium,URLhaus,1,18,2026-10-01T02:05:25+00:00,2026-10-04T00:13:52+00:00,2026-09-29 06:30:21 UTC,,URLhaus: offline,"Sun, 04 Oct 2026 00:05:45 GMT",https://urlhaus.abuse.ch/downloads/json_recent/,Zərərli URL host-u (malware_download)
domain,webpagehelp.online,59,medium,URLhaus,1,18,2026-10-01T02:05:25+00:00,2026-10-04T00:13:52+00:00,2026-09-29 06:30:23 UTC,2026-09-29 06:30:23 UTC,URLhaus: offline,"Sun, 04 Oct 2026 00:05:45 GMT",https://urlhaus.abuse.ch/downloads/json_recent/,Zərərli URL host-u (malware_download)
domain,delphiaonline.top,59,medium,URLhaus,1,18,2026-10-01T02:05:25+00:00,2026-10-04T00:13:52+00:00,2026-09-29T07:09:10+00:00,2026-09-29 07:10:20 UTC,URLhaus: offline,2026-10-04T00:05:45+00:00,https://urlhaus.abuse.ch/downloads/json_recent/,Zərərli URL host-u (malware_download)
domain,download.youlovemybiba.com,59,medium,URLhaus,1,18,2026-10-01T02:05:25+00:00,2026-10-04T00:13:52+00:00,2026-09-29 07:27:12 UTC,2026-09-29 19:52:24 UTC,URLhaus: offline,"Sun, 04 Oct 2026 00:05:45 GMT",https://urlhaus.abuse.ch/downloads/json_recent/,Zərərli URL host-u (malware_download)
domain,evacompltd.site,59,medium,URLhaus,1,18,2026-10-01T02:05:25+00:00,2026-10-04T00:13:52+00:00,2026-09-29T07:39:18+00:00,2026-09-29T07:40:19+00:00,URLhaus: offline,2026-10-04T00:05:45+00:00,https://urlhaus.abuse.ch/downloads/json_recent/,Zərərli URL host-u (malware_download)
domain,kazdiyden.ru,59,medium,URLhaus,1,18,2026-10-01T02:05:25+00:00,2026-10-04T00:13:52+00:00,2026-09-29 07:43:28 UTC,2026-09-29 07:43:28 UTC,URLhaus: offline,"Sun, 04 Oct 2026 00:05:45 GMT",https://urlhaus.abuse.ch/downloads/json_recent/,Zərərli URL host-u (malware_download)
domain,uasputnik.com,59,medium,URLhaus,1,18,2026-10-01T02:05:25+00:00,2026-10-04T00:13:52+00:00,2026-09-17T05:44:21+00:00,2026-09-17T05:45:19+00:00,URLhaus: offline,2026-10-04T00:05:45+00:00,https://urlhaus.abuse.ch/downloads/json_recent/,Zərərli URL host-u (malware_download)
domain,otkrytkadnya.ru,59,medium,URLhaus,1,18,2026-10-01T02:05:25+00:00,2026-10-04T00:13:52+00:00,2026-09-29 08:20:24 UTC,,URLhaus: offline,"Sun, 04 Oct 2026 00:05:45 GMT",https://urlhaus.abuse.ch/downloads/json_recent/,Zərərli URL host-u (malware_download)
domain,pevrix.com,59,medium,URLhaus,1,18,2026-10-01T02:05:25+00:00,2026-10-04T00:13:52+00:00,2026-09-29 12:11:16 UTC,,URLhaus: offline,"Sun, 04 Oct 2026 00:05:45 GMT",https://urlhaus.abuse.ch/downloads/json_recent/,Zərərli URL host-u (malware_download)
domain,gammanort.thekielement.com,59,medium,URLhaus,1,18,2026-10-01T02:05:25+00:00,2026-10-04T00:13:52+00:00,2026-09-29 12:12:16 UTC,,URLhaus: offline,"Sun, 04 Oct 2026 00:05:45 GMT",https://urlhaus.abuse.ch/downloads/json_recent/,Zərərli URL host-u (malware_download)
domain,idid.pl,59,medium,URLhaus,1,18,2026-10-01T02:05:25+00:00,2026-10-04T00:13:52+00:00,2026-09-29 12:39:16 UTC,,URLhaus: offline,"Sun, 04 Oct 2026 00:05:45 GMT",https://urlhaus.abuse.ch/downloads/json_recent/,Zərərli URL host-u (malware_download)
domain,reinigung-kosanke.de,59,medium,URLhaus,1,18,2026-10-01T02:05:25+00:00,2026-10-04T00:13:52+00:00,2026-09-29T06:33:13+00:00,2026-09-29T17:06:01+00:00,URLhaus: offline,2026-10-04T00:05:45+00:00,https://urlhaus.abuse.ch/downloads/json_recent/,Zərərli URL host-u (malware_download)
domain,telpak.icu,59,medium,URLhaus,1,18,2026-10-01T02:05:25+00:00,2026-10-04T00:13:52+00:00,2026-09-29 16:37:52 UTC,2026-09-29 16:37:52 UTC,URLhaus: offline,"Sun, 04 Oct 2026 00:05:45 GMT",https://urlhaus.abuse.ch/downloads/json_recent/,Zərərli URL host-u (malware_download)
domain,www.cakkaao.com,59,medium,URLhaus,1,18,2026-10-01T02:05:25+00:00,2026-10-04T00:13:52+00:00,2026-09-29 18:05:33 UTC,2026-09-29 18:05:33 UTC,URLhaus: offline,"Sun, 04 Oct 2026 00:05:45 GMT",https://urlhaus.abuse.ch/downloads/json_recent/,Zərərli URL host-u (malware_download)
domain,donutsmpcheats.org,59,medium,URLhaus,1,18,2026-10-01T02:05:25+00:00,2026-10-04T00:13:52+00:00,2026-09-30T04:39:15+00:00,,URLhaus: offline,2026-10-04T00:05:45+00:00,https://urlhaus.abuse.ch/downloads/json_recent/,Zərərli URL host-u (malware_download)
domain,larpaddon.net,59,medium,URLhaus,1,18,2026-10-01T02:05:25+00:00,2026-10-04T00:13:52+00:00,2026-09-30 04:40:14 UTC,,URLhaus: offline,"Sun, 04 Oct 2026 00:05:45 GMT",https://urlhaus.abuse.ch/downloads/json_recent/,Zərərli URL host-u (malware_download)
domain,ahsniper.org,59,medium,URLhaus,1,18,2026-10-01T02:05:25+00:00,2026-10-04T00:13:52+00:00,2026-09-28T13:50:16+00:00,2026-09-30T05:56:20+00:00,URLhaus: offline,2026-10-04T00:05:45+00:00,https://urlhaus.abuse.ch/downloads/json_recent/,Zərərli URL host-u (malware_download)
domain,rough-glade-bfc8.pentagon-e8b.workers.dev,59,medium,URLhaus,1,18,2026-10-01T02:05:25+00:00,2026-10-04T00:13:52+00:00,2026-09-30T04:39:15+00:00,2026-09-30T04:55:16+00:00,URLhaus: offline,2026-10-04T00:05:45+00:00,https://urlhaus.abuse.ch/downloads/json_recent/,Zərərli URL host-u (malware_download)
domain,bins.oceanic-node.su,59,medium,URLhaus,1,18,2026-10-01T02:05:25+00:00,2026-10-04T00:13:52+00:00,2026-09-30T06:29:16+00:00,,URLhaus: offline,2026-10-04T00:05:45+00:00,https://urlhaus.abuse.ch/downloads/json_recent/,Zərərli URL host-u (malware_download)
domain,meteorrejects.net,59,medium,URLhaus,1,18,2026-10-01T02:05:25+00:00,2026-10-04T00:13:52+00:00,2026-09-14T06:01:20+00:00,2026-09-30T10:37:30+00:00,URLhaus: offline,2026-10-04T00:05:45+00:00,https://urlhaus.abuse.ch/downloads/json_recent/,Zərərli URL host-u (malware_download)
domain,xaerosminimap.com,59,medium,URLhaus,1,18,2026-10-01T02:05:25+00:00,2026-10-04T00:13:52+00:00,2026-09-30T09:58:17+00:00,2026-09-30T09:58:20+00:00,URLhaus: offline,2026-10-04T00:05:45+00:00,https://urlhaus.abuse.ch/downloads/json_recent/,Zərərli URL host-u (malware_download)
domain,b.9-9-11.com,59,medium,URLhaus,1,18,2026-10-01T02:05:25+00:00,2026-10-04T00:13:52+00:00,2026-09-30 09:58:28 UTC,,URLhaus: offline,"Sun, 04 Oct 2026 00:05:45 GMT",https://urlhaus.abuse.ch/downloads/json_recent/,Zərərli URL host-u (malware_download)
domain,fa.windows32.men,59,medium,URLhaus,1,18,2026-10-01T02:05:25+00:00,2026-10-04T00:13:52+00:00,2026-09-30T12:55:16+00:00,,URLhaus: offline,2026-10-04T00:05:45+00:00,https://urlhaus.abuse.ch/downloads/json_recent/,Zərərli URL host-u (malware_download)
domain,limelight.ie,59,medium,URLhaus,1,18,2026-10-01T02:05:25+00:00,2026-10-04T00:13:52+00:00,2026-09-30T13:02:15+00:00,2026-09-30T17:42:35+00:00,URLhaus: offline,2026-10-04T00:05:45+00:00,https://urlhaus.abuse.ch/downloads/json_recent/,Zərərli URL host-u (malware_download)
domain,nota-fical-online.lat,59,medium,URLhaus,1,18,2026-10-01T02:05:25+00:00,2026-10-04T00:13:52+00:00,2026-09-30 14:50:08 UTC,,URLhaus: offline,"Sun, 04 Oct 2026 00:05:45 GMT",https://urlhaus.abuse.ch/downloads/json_recent/,Zərərli URL host-u (malware_download)
domain,finmonologips.top,59,medium,URLhaus,1,18,2026-10-01T02:05:25+00:00,2026-10-04T00:13:52+00:00,2026-09-30 14:57:10 UTC,,URLhaus: offline,"Sun, 04 Oct 2026 00:05:45 GMT",https://urlhaus.abuse.ch/downloads/json_recent/,Zərərli URL host-u (malware_download)
domain,aksiyononline.best,59,medium,URLhaus,1,18,2026-10-01T02:05:25+00:00,2026-10-04T00:13:52+00:00,2026-09-30 15:00:19 UTC,,URLhaus: offline,"Sun, 04 Oct 2026 00:05:45 GMT",https://urlhaus.abuse.ch/downloads/json_recent/,Zərərli URL host-u (malware_download)
domain,johnsonsvalves.cam,59,medium,URLhaus,1,18,2026-10-01T02:05:25+00:00,2026-10-04T00:13:52+00:00,2026-09-30T10:02:19+00:00,2026-09-30 11:08:12 UTC,URLhaus: offline,2026-10-04T00:05:45+00:00,https://urlhaus.abuse.ch/downloads/json_recent/,Zərərli URL host-u (malware_download)
domain,nze.work.gd,59,medium,URLhaus,1,18,2026-10-01T02:05:25+00:00,2026-10-04T00:13:52+00:00,2026-09-30 15:06:17 UTC,,URLhaus: offline,"Sun, 04 Oct 2026 00:05:45 GMT",https://urlhaus.abuse.ch/downloads/json_recent/,Zərərli URL host-u (malware_download)
domain,update-acrobatdc.shop,59,medium,URLhaus,1,18,2026-10-01T02:05:25+00:00,2026-10-04T00:13:52+00:00,2026-09-30 16:25:13 UTC,2026-09-30 16:25:13 UTC,URLhaus: offline,"Sun, 04 Oct 2026 00:05:45 GMT",https://urlhaus.abuse.ch/downloads/json_recent/,Zərərli URL host-u (malware_download)
domain,pokegard.com,59,medium,URLhaus,1,18,2026-10-01T02:05:25+00:00,2026-10-04T00:13:52+00:00,2026-09-30T17:15:23+00:00,,URLhaus: offline,2026-10-04T00:05:45+00:00,https://urlhaus.abuse.ch/downloads/json_recent/,Zərərli URL host-u (malware_download)
domain,bvaco.com,51,medium,URLhaus,1,18,2026-10-01T02:05:25+00:00,2026-10-04T00:13:52+00:00,2026-09-04 06:44:13 UTC,2026-09-07 07:01:44 UTC,URLhaus: offline,"Sun, 04 Oct 2026 00:05:45 GMT",https://urlhaus.abuse.ch/downloads/json_recent/,Zərərli URL host-u (malware_download)
domain,cloudeliveryenterprise.com,51,medium,URLhaus,1,18,2026-10-01T02:05:25+00:00,2026-10-04T00:13:52+00:00,2026-09-04 06:44:16 UTC,,URLhaus: offline,"Sun, 04 Oct 2026 00:05:45 GMT",https://urlhaus.abuse.ch/downloads/json_recent/,Zərərli URL host-u (malware_download)
domain,pub-77d009eac01a41e0a84eaf9d00acd597.r2.dev,51,medium,URLhaus,1,18,2026-10-01T02:05:25+00:00,2026-10-04T00:13:52+00:00,2026-09-04 07:20:15 UTC,2026-09-04 07:20:15 UTC,URLhaus: offline,"Sun, 04 Oct 2026 00:05:45 GMT",https://urlhaus.abuse.ch/downloads/json_recent/,Zərərli URL host-u (malware_download)
domain,megawrzuta.pl,51,medium,URLhaus,1,18,2026-10-01T02:05:25+00:00,2026-10-04T00:13:52+00:00,2026-09-04 07:21:05 UTC,,URLhaus: offline,"Sun, 04 Oct 2026 00:05:45 GMT",https://urlhaus.abuse.ch/downloads/json_recent/,Zərərli URL host-u (malware_download)
domain,ccoffice.site,51,medium,URLhaus,1,18,2026-10-01T02:05:25+00:00,2026-10-04T00:13:52+00:00,2026-09-04T11:17:04+00:00,,URLhaus: offline,2026-10-04T00:05:45+00:00,https://urlhaus.abuse.ch/downloads/json_recent/,Zərərli URL host-u (malware_download)
domain,filecon.sbs,51,medium,URLhaus,1,18,2026-10-01T02:05:25+00:00,2026-10-04T00:13:52+00:00,2026-09-04T11:17:06+00:00,2026-09-05T15:25:25+00:00,URLhaus: offline,2026-10-04T00:05:45+00:00,https://urlhaus.abuse.ch/downloads/json_recent/,Zərərli URL host-u (malware_download)
domain,jswen.com,51,medium,URLhaus,1,18,2026-10-01T02:05:25+00:00,2026-10-04T00:13:52+00:00,2026-09-04T12:42:06+00:00,2026-09-24T06:23:10+00:00,URLhaus: offline,2026-10-04T00:05:45+00:00,https://urlhaus.abuse.ch/downloads/json_recent/,Zərərli URL host-u (malware_download)
domain,wind.ntlsmartfull.com,51,medium,URLhaus,1,18,2026-10-01T02:05:25+00:00,2026-10-04T00:13:52+00:00,2026-09-04 13:14:07 UTC,,URLhaus: offline,"Sun, 04 Oct 2026 00:05:45 GMT",https://urlhaus.abuse.ch/downloads/json_recent/,Zərərli URL host-u (malware_download)
domain,seobandung.site,51,medium,URLhaus,1,18,2026-10-01T02:05:25+00:00,2026-10-04T00:13:52+00:00,2026-09-04 13:58:08 UTC,,URLhaus: offline,"Sun, 04 Oct 2026 00:05:45 GMT",https://urlhaus.abuse.ch/downloads/json_recent/,Zərərli URL host-u (malware_download)
domain,gaiadeqi.com,51,medium,URLhaus,1,18,2026-10-01T02:05:25+00:00,2026-10-04T00:13:52+00:00,2026-09-04 15:38:11 UTC,2026-09-11 04:11:39 UTC,URLhaus: offline,"Sun, 04 Oct 2026 00:05:45 GMT",https://urlhaus.abuse.ch/downloads/json_recent/,Zərərli URL host-u (malware_download)
domain,teleabonent.ru,51,medium,URLhaus,1,18,2026-10-01T02:05:25+00:00,2026-10-04T00:13:52+00:00,2026-09-05 11:31:12 UTC,2026-09-10 10:23:38 UTC,URLhaus: offline,"Sun, 04 Oct 2026 00:05:45 GMT",https://urlhaus.abuse.ch/downloads/json_recent/,Zərərli URL host-u (malware_download)
domain,curlservice.com,51,medium,URLhaus,1,18,2026-10-01T02:05:25+00:00,2026-10-04T00:13:52+00:00,2026-09-06 06:21:08 UTC,2026-09-06 06:21:08 UTC,URLhaus: offline,"Sun, 04 Oct 2026 00:05:45 GMT",https://urlhaus.abuse.ch/downloads/json_recent/,Zərərli URL host-u (malware_download)
domain,qdzip-1476850762.cos.ap-singapore.myqcloud.com,51,medium,URLhaus,1,18,2026-10-01T02:05:25+00:00,2026-10-04T00:13:52+00:00,2026-09-06 06:21:12 UTC,2026-09-14 22:03:48 UTC,URLhaus: offline,"Sun, 04 Oct 2026 00:05:45 GMT",https://urlhaus.abuse.ch/downloads/json_recent/,Zərərli URL host-u (malware_download)
domain,ferhfw.oss-cn-hongkong.aliyuncs.com,51,medium,URLhaus,1,18,2026-10-01T02:05:25+00:00,2026-10-04T00:13:52+00:00,2026-09-06 06:21:29 UTC,2026-09-13 10:52:25 UTC,URLhaus: offline,"Sun, 04 Oct 2026 00:05:45 GMT",https://urlhaus.abuse.ch/downloads/json_recent/,Zərərli URL host-u (malware_download)
domain,dl1.claudflare-gateway.net,51,medium,URLhaus,1,18,2026-10-01T02:05:25+00:00,2026-10-04T00:13:52+00:00,2026-09-06 07:49:05 UTC,,URLhaus: offline,"Sun, 04 Oct 2026 00:05:45 GMT",https://urlhaus.abuse.ch/downloads/json_recent/,Zərərli URL host-u (malware_download)
domain,waveplus.mediabyte.be,51,medium,URLhaus,1,18,2026-10-01T02:05:25+00:00,2026-10-04T00:13:52+00:00,2026-09-06 18:13:13 UTC,2026-09-06 18:13:13 UTC,URLhaus: offline,"Sun, 04 Oct 2026 00:05:45 GMT",https://urlhaus.abuse.ch/downloads/json_recent/,Zərərli URL host-u (malware_download)
domain,0rder-ver1f2345.com,51,medium,URLhaus,1,18,2026-10-01T02:05:25+00:00,2026-10-04T00:13:52+00:00,2026-09-06T18:13:11+00:00,2026-09-06T18:13:14+00:00,URLhaus: offline,2026-10-04T00:05:45+00:00,https://urlhaus.abuse.ch/downloads/json_recent/,Zərərli URL host-u (malware_download)
domain,pdfmun.software,51,medium,URLhaus,1,18,2026-10-01T02:05:25+00:00,2026-10-04T00:13:52+00:00,2026-09-07 00:23:12 UTC,2026-09-07 03:31:38 UTC,URLhaus: offline,"Sun, 04 Oct 2026 00:05:45 GMT",https://urlhaus.abuse.ch/downloads/json_recent/,Zərərli URL host-u (malware_download)
domain,signaturenib.rest,51,medium,URLhaus,1,18,2026-10-01T02:05:25+00:00,2026-10-04T00:13:52+00:00,2026-09-07 00:23:21 UTC,2026-09-07 03:21:36 UTC,URLhaus: offline,"Sun, 04 Oct 2026 00:05:45 GMT",https://urlhaus.abuse.ch/downloads/json_recent/,Zərərli URL host-u (malware_download)
domain,pdf-editore.com,51,medium,URLhaus,1,18,2026-10-01T02:05:25+00:00,2026-10-04T00:13:52+00:00,2026-09-07 00:23:26 UTC,2026-09-07 06:43:33 UTC,URLhaus: offline,"Sun, 04 Oct 2026 00:05:45 GMT",https://urlhaus.abuse.ch/downloads/json_recent/,Zərərli URL host-u (malware_download)
domain,adps.pro,51,medium,URLhaus,1,18,2026-10-01T02:05:25+00:00,2026-10-04T00:13:52+00:00,2026-09-07 00:23:26 UTC,2026-09-07 00:23:26 UTC,URLhaus: offline,"Sun, 04 Oct 2026 00:05:45 GMT",https://urlhaus.abuse.ch/downloads/json_recent/,Zərərli URL host-u (malware_download)
domain,authgen.deals,51,medium,URLhaus,1,18,2026-10-01T02:05:25+00:00,2026-10-04T00:13:52+00:00,2026-09-07 00:23:26 UTC,2026-09-07 00:23:26 UTC,URLhaus: offline,"Sun, 04 Oct 2026 00:05:45 GMT",https://urlhaus.abuse.ch/downloads/json_recent/,Zərərli URL host-u (malware_download)
domain,www.oringosmod.com,51,medium,URLhaus,1,18,2026-10-01T02:05:25+00:00,2026-10-04T00:13:52+00:00,2026-09-07 05:46:09 UTC,2026-09-07 05:46:09 UTC,URLhaus: offline,"Sun, 04 Oct 2026 00:05:45 GMT",https://urlhaus.abuse.ch/downloads/json_recent/,Zərərli URL host-u (malware_download)
domain,filmchill.net,51,medium,URLhaus,1,18,2026-10-01T02:05:25+00:00,2026-10-04T00:13:52+00:00,2026-09-07 06:21:06 UTC,,URLhaus: offline,"Sun, 04 Oct 2026 00:05:45 GMT",https://urlhaus.abuse.ch/downloads/json_recent/,Zərərli URL host-u (malware_download)
domain,cu.srijanajha.com.np,51,medium,URLhaus,1,18,2026-10-01T02:05:25+00:00,2026-10-04T00:13:52+00:00,2026-09-07 07:12:08 UTC,2026-09-09 22:32:18 UTC,URLhaus: offline,"Sun, 04 Oct 2026 00:05:45 GMT",https://urlhaus.abuse.ch/downloads/json_recent/,Zərərli URL host-u (malware_download)
domain,pub-cbeeb81b1c2d40df823a412f702451a3.r2.dev,51,medium,URLhaus,1,18,2026-10-01T02:05:25+00:00,2026-10-04T00:13:52+00:00,2026-09-07 07:26:08 UTC,2026-09-07 07:26:08 UTC,URLhaus: offline,"Sun, 04 Oct 2026 00:05:45 GMT",https://urlhaus.abuse.ch/downloads/json_recent/,Zərərli URL host-u (malware_download)
domain,pub-17ab5f90ca394fc2a98a106eb938ff35.r2.dev,51,medium,URLhaus,1,18,2026-10-01T02:05:25+00:00,2026-10-04T00:13:52+00:00,2026-09-07 07:26:08 UTC,2026-09-07 07:26:08 UTC,URLhaus: offline,"Sun, 04 Oct 2026 00:05:45 GMT",https://urlhaus.abuse.ch/downloads/json_recent/,Zərərli URL host-u (malware_download)
domain,pinewoodchristian.screenconnect.com,51,medium,URLhaus,1,18,2026-10-01T02:05:25+00:00,2026-10-04T00:13:52+00:00,2026-09-07 12:00:16 UTC,2026-09-07 12:00:16 UTC,URLhaus: offline,"Sun, 04 Oct 2026 00:05:45 GMT",https://urlhaus.abuse.ch/downloads/json_recent/,Zərərli URL host-u (malware_download)
domain,landersauto3.screenconnect.com,51,medium,URLhaus,1,18,2026-10-01T02:05:25+00:00,2026-10-04T00:13:52+00:00,2026-09-07 14:54:21 UTC,2026-09-07 21:07:57 UTC,URLhaus: offline,"Sun, 04 Oct 2026 00:05:45 GMT",https://urlhaus.abuse.ch/downloads/json_recent/,Zərərli URL host-u (malware_download)
domain,api.cdn22.net,51,medium,URLhaus,1,18,2026-10-01T02:05:25+00:00,2026-10-04T00:13:52+00:00,2026-09-07 15:55:07 UTC,,URLhaus: offline,"Sun, 04 Oct 2026 00:05:45 GMT",https://urlhaus.abuse.ch/downloads/json_recent/,Zərərli URL host-u (malware_download)
domain,aura.tcplegit.space,51,medium,URLhaus,1,18,2026-10-01T02:05:25+00:00,2026-10-04T00:13:52+00:00,2026-09-07T18:22:13+00:00,2026-09-07T21:34:30+00:00,URLhaus: offline,2026-10-04T00:05:45+00:00,https://urlhaus.abuse.ch/downloads/json_recent/,Zərərli URL host-u (malware_download)
domain,mail.quietsurfwi.help,51,medium,URLhaus,1,18,2026-10-01T02:05:25+00:00,2026-10-04T00:13:52+00:00,2026-09-07T18:37:17+00:00,2026-09-07T22:35:03+00:00,URLhaus: offline,2026-10-04T00:05:45+00:00,https://urlhaus.abuse.ch/downloads/json_recent/,Zərərli URL host-u (malware_download)
domain,www.iloveboats.st,51,medium,URLhaus,1,18,2026-10-01T02:05:25+00:00,2026-10-04T00:13:52+00:00,2026-09-07T18:37:09+00:00,2026-09-08T10:39:26+00:00,URLhaus: offline,2026-10-04T00:05:45+00:00,https://urlhaus.abuse.ch/downloads/json_recent/,Zərərli URL host-u (malware_download)
domain,quietsurfwi.help,51,medium,URLhaus,1,18,2026-10-01T02:05:25+00:00,2026-10-04T00:13:52+00:00,2026-09-07T18:37:06+00:00,2026-09-07T22:06:58+00:00,URLhaus: offline,2026-10-04T00:05:45+00:00,https://urlhaus.abuse.ch/downloads/json_recent/,Zərərli URL host-u (malware_download)
domain,iloveboats.st,51,medium,URLhaus,1,18,2026-10-01T02:05:25+00:00,2026-10-04T00:13:52+00:00,2026-09-07T18:37:18+00:00,2026-09-08T10:29:48+00:00,URLhaus: offline,2026-10-04T00:05:45+00:00,https://urlhaus.abuse.ch/downloads/json_recent/,Zərərli URL host-u (malware_download)
domain,rubburizee.es,51,medium,URLhaus,1,18,2026-10-01T02:05:25+00:00,2026-10-04T00:13:52+00:00,2026-09-08 05:05:10 UTC,,URLhaus: offline,"Sun, 04 Oct 2026 00:05:45 GMT",https://urlhaus.abuse.ch/downloads/json_recent/,Zərərli URL host-u (malware_download)
domain,snowproject.lol,51,medium,URLhaus,1,18,2026-10-01T02:05:25+00:00,2026-10-04T00:13:52+00:00,2026-09-08 05:05:39 UTC,2026-09-08 05:05:39 UTC,URLhaus: offline,"Sun, 04 Oct 2026 00:05:45 GMT",https://urlhaus.abuse.ch/downloads/json_recent/,Zərərli URL host-u (malware_download)
domain,dropboxb3.duckdns.org,51,medium,URLhaus,1,18,2026-10-01T02:05:25+00:00,2026-10-04T00:13:52+00:00,2026-09-08T08:29:11+00:00,2026-09-12T10:41:27+00:00,URLhaus: offline,2026-10-04T00:05:45+00:00,https://urlhaus.abuse.ch/downloads/json_recent/,Zərərli URL host-u (malware_download)
domain,sex.gemlogin.space,51,medium,URLhaus,1,18,2026-10-01T02:05:25+00:00,2026-10-04T00:13:52+00:00,2026-09-08T08:37:13+00:00,2026-09-08T15:54:52+00:00,URLhaus: offline,2026-10-04T00:05:45+00:00,https://urlhaus.abuse.ch/downloads/json_recent/,Zərərli URL host-u (malware_download)
domain,archway.cozyvistany.com,51,medium,URLhaus,1,18,2026-10-01T02:05:25+00:00,2026-10-04T00:13:52+00:00,2026-09-08T08:44:07+00:00,2026-09-08T10:49:19+00:00,URLhaus: offline,2026-10-04T00:05:45+00:00,https://urlhaus.abuse.ch/downloads/json_recent/,Zərərli URL host-u (malware_download)
domain,scooter.cozyvistany.com,51,medium,URLhaus,1,18,2026-10-01T02:05:25+00:00,2026-10-04T00:13:52+00:00,2026-09-08T08:44:06+00:00,2026-09-08T10:52:22+00:00,URLhaus: offline,2026-10-04T00:05:45+00:00,https://urlhaus.abuse.ch/downloads/json_recent/,Zərərli URL host-u (malware_download)
domain,nershalom.screenconnect.com,51,medium,URLhaus,1,18,2026-10-01T02:05:25+00:00,2026-10-04T00:13:52+00:00,2026-09-08 09:00:16 UTC,2026-09-13 03:32:29 UTC,URLhaus: offline,"Sun, 04 Oct 2026 00:05:45 GMT",https://urlhaus.abuse.ch/downloads/json_recent/,Zərərli URL host-u (malware_download)
domain,liikepalvelu.com,51,medium,URLhaus,1,18,2026-10-01T02:05:25+00:00,2026-10-04T00:13:52+00:00,2026-09-08 12:36:05 UTC,,URLhaus: offline,"Sun, 04 Oct 2026 00:05:45 GMT",https://urlhaus.abuse.ch/downloads/json_recent/,Zərərli URL host-u (malware_download)
domain,spa-com.com,51,medium,URLhaus,1,18,2026-10-01T02:05:25+00:00,2026-10-04T00:13:52+00:00,2026-09-08 12:36:09 UTC,,URLhaus: offline,"Sun, 04 Oct 2026 00:05:45 GMT",https://urlhaus.abuse.ch/downloads/json_recent/,Zərərli URL host-u (malware_download)
domain,zetaval.metcalfphoto.com,51,medium,URLhaus,1,18,2026-10-01T02:05:25+00:00,2026-10-04T00:13:52+00:00,2026-09-09 07:15:16 UTC,2026-09-09 07:15:16 UTC,URLhaus: offline,"Sun, 04 Oct 2026 00:05:45 GMT",https://urlhaus.abuse.ch/downloads/json_recent/,Zərərli URL host-u (malware_download)
domain,software-gateway.click,51,medium,URLhaus,1,18,2026-10-01T02:05:25+00:00,2026-10-04T00:13:52+00:00,2026-09-09 07:15:19 UTC,2026-09-10 06:21:44 UTC,URLhaus: offline,"Sun, 04 Oct 2026 00:05:45 GMT",https://urlhaus.abuse.ch/downloads/json_recent/,Zərərli URL host-u (malware_download)
domain,178-83-121-204.cprapid.com,51,medium,URLhaus,1,18,2026-10-01T02:05:25+00:00,2026-10-04T00:13:52+00:00,2026-09-09 14:37:15 UTC,,URLhaus: offline,"Sun, 04 Oct 2026 00:05:45 GMT",https://urlhaus.abuse.ch/downloads/json_recent/,Zərərli URL host-u (malware_download)
domain,hip-hop-comms.com,51,medium,URLhaus,1,18,2026-10-01T02:05:25+00:00,2026-10-04T00:13:52+00:00,2026-09-09 16:59:14 UTC,,URLhaus: offline,"Sun, 04 Oct 2026 00:05:45 GMT",https://urlhaus.abuse.ch/downloads/json_recent/,Zərərli URL host-u (malware_download)
domain,02teste.cc,51,medium,URLhaus,1,18,2026-10-01T02:05:25+00:00,2026-10-04T00:13:52+00:00,2026-09-09 18:10:09 UTC,,URLhaus: offline,"Sun, 04 Oct 2026 00:05:45 GMT",https://urlhaus.abuse.ch/downloads/json_recent/,Zərərli URL host-u (malware_download)
domain,panel.mkk9991999912.observer,51,medium,URLhaus,1,18,2026-10-01T02:05:25+00:00,2026-10-04T00:13:52+00:00,2026-09-09 18:17:40 UTC,2026-09-09 18:17:40 UTC,URLhaus: offline,"Sun, 04 Oct 2026 00:05:45 GMT",https://urlhaus.abuse.ch/downloads/json_recent/,Zərərli URL host-u (malware_download)
domain,blueoceanealtd.co.ke,51,medium,URLhaus,1,18,2026-10-01T02:05:25+00:00,2026-10-04T00:13:52+00:00,2026-09-09 18:28:12 UTC,2026-09-10 15:50:41 UTC,URLhaus: offline,"Sun, 04 Oct 2026 00:05:45 GMT",https://urlhaus.abuse.ch/downloads/json_recent/,Zərərli URL host-u (malware_download)
domain,pub-80a0cc6d7e3d475dac1422cf49122362.r2.dev,51,medium,URLhaus,1,18,2026-10-01T02:05:25+00:00,2026-10-04T00:13:52+00:00,2026-09-09 18:34:18 UTC,2026-09-09 18:34:18 UTC,URLhaus: offline,"Sun, 04 Oct 2026 00:05:45 GMT",https://urlhaus.abuse.ch/downloads/json_recent/,Zərərli URL host-u (malware_download)
domain,long-wildflower-b4f5.gustavosoftware.workers.dev,51,medium,URLhaus,1,18,2026-10-01T02:05:25+00:00,2026-10-04T00:13:52+00:00,2026-09-09 18:34:19 UTC,2026-09-09 18:34:19 UTC,URLhaus: offline,"Sun, 04 Oct 2026 00:05:45 GMT",https://urlhaus.abuse.ch/downloads/json_recent/,Zərərli URL host-u (malware_download)
domain,od.lk,51,medium,URLhaus,1,18,2026-10-01T02:05:25+00:00,2026-10-04T00:13:52+00:00,2026-09-07T18:18:05+00:00,,URLhaus: offline,2026-10-04T00:05:45+00:00,https://urlhaus.abuse.ch/downloads/json_recent/,Zərərli URL host-u (malware_download)
domain,globalsupportupdate.top,51,medium,URLhaus,1,18,2026-10-01T02:05:25+00:00,2026-10-04T00:13:52+00:00,2026-09-09 19:01:17 UTC,2026-09-09 19:01:17 UTC,URLhaus: offline,"Sun, 04 Oct 2026 00:05:45 GMT",https://urlhaus.abuse.ch/downloads/json_recent/,Zərərli URL host-u (malware_download)
domain,api.vexxuhq.site,51,medium,URLhaus,1,18,2026-10-01T02:05:25+00:00,2026-10-04T00:13:52+00:00,2026-09-10 05:12:48 UTC,2026-09-10 05:12:48 UTC,URLhaus: offline,"Sun, 04 Oct 2026 00:05:45 GMT",https://urlhaus.abuse.ch/downloads/json_recent/,Zərərli URL host-u (malware_download)
domain,dugovicova.sk,51,medium,URLhaus,1,18,2026-10-01T02:05:25+00:00,2026-10-04T00:13:52+00:00,2026-09-10 05:24:16 UTC,,URLhaus: offline,"Sun, 04 Oct 2026 00:05:45 GMT",https://urlhaus.abuse.ch/downloads/json_recent/,Zərərli URL host-u (malware_download)
domain,fileget.plumbco.co.nz,51,medium,URLhaus,1,18,2026-10-01T02:05:25+00:00,2026-10-04T00:13:52+00:00,2026-09-10 05:41:15 UTC,,URLhaus: offline,"Sun, 04 Oct 2026 00:05:45 GMT",https://urlhaus.abuse.ch/downloads/json_recent/,Zərərli URL host-u (malware_download)
domain,download.pocketbitcoindesktop.com,51,medium,URLhaus,1,18,2026-10-01T02:05:25+00:00,2026-10-04T00:13:52+00:00,2026-09-10 05:47:13 UTC,,URLhaus: offline,"Sun, 04 Oct 2026 00:05:45 GMT",https://urlhaus.abuse.ch/downloads/json_recent/,Zərərli URL host-u (malware_download)
domain,zunimar.cl,51,medium,URLhaus,1,18,2026-10-01T02:05:25+00:00,2026-10-04T00:13:52+00:00,2026-09-10 06:05:10 UTC,2026-09-10 15:19:24 UTC,URLhaus: offline,"Sun, 04 Oct 2026 00:05:45 GMT",https://urlhaus.abuse.ch/downloads/json_recent/,Zərərli URL host-u (malware_download)
domain,wwalucircle.com,51,medium,URLhaus,1,18,2026-10-01T02:05:25+00:00,2026-10-04T00:13:52+00:00,2026-09-10 06:17:05 UTC,,URLhaus: offline,"Sun, 04 Oct 2026 00:05:45 GMT",https://urlhaus.abuse.ch/downloads/json_recent/,Zərərli URL host-u (malware_download)
domain,adopdf.shop,51,medium,URLhaus,1,18,2026-10-01T02:05:25+00:00,2026-10-04T00:13:52+00:00,2026-09-10T06:18:10+00:00,2026-09-10T22:03:11+00:00,URLhaus: offline,2026-10-04T00:05:45+00:00,https://urlhaus.abuse.ch/downloads/json_recent/,Zərərli URL host-u (malware_download)
domain,productoslili.cl,51,medium,URLhaus,1,18,2026-10-01T02:05:25+00:00,2026-10-04T00:13:52+00:00,2026-09-10T06:54:17+00:00,2026-09-11T17:39:48+00:00,URLhaus: offline,2026-10-04T00:05:45+00:00,https://urlhaus.abuse.ch/downloads/json_recent/,Zərərli URL host-u (malware_download)
domain,web.opendrive.com,51,medium,URLhaus,1,18,2026-10-01T02:05:25+00:00,2026-10-04T00:13:52+00:00,2026-09-07T18:18:07+00:00,2026-09-10T15:21:19+00:00,URLhaus: offline,2026-10-04T00:05:45+00:00,https://urlhaus.abuse.ch/downloads/json_recent/,Zərərli URL host-u (malware_download)
domain,sumnitasinvestment.com,51,medium,URLhaus,1,18,2026-10-01T02:05:25+00:00,2026-10-04T00:13:52+00:00,2026-09-10T15:23:18+00:00,2026-09-11T16:42:35+00:00,URLhaus: offline,2026-10-04T00:05:45+00:00,https://urlhaus.abuse.ch/downloads/json_recent/,Zərərli URL host-u (malware_download)
domain,abilityindisabilityindia.org,51,medium,URLhaus,1,18,2026-10-01T02:05:25+00:00,2026-10-04T00:13:52+00:00,2026-09-09T18:39:21+00:00,2026-09-21T16:29:17+00:00,URLhaus: offline,2026-10-04T00:05:45+00:00,https://urlhaus.abuse.ch/downloads/json_recent/,Zərərli URL host-u (malware_download)
domain,lively-fog-af49.pablosoftwareplus.workers.dev,51,medium,URLhaus,1,18,2026-10-01T02:05:25+00:00,2026-10-04T00:13:52+00:00,2026-09-01T06:53:07+00:00,2026-09-10T15:46:16+00:00,URLhaus: offline,2026-10-04T00:05:45+00:00,https://urlhaus.abuse.ch/downloads/json_recent/,Zərərli URL host-u (malware_download)
domain,auravibes04ko.shop,51,medium,URLhaus,1,18,2026-10-01T02:05:25+00:00,2026-10-04T00:13:52+00:00,2026-09-10 15:47:17 UTC,2026-09-12 15:59:11 UTC,URLhaus: offline,"Sun, 04 Oct 2026 00:05:45 GMT",https://urlhaus.abuse.ch/downloads/json_recent/,Zərərli URL host-u (malware_download)
domain,pub-82f13abd468442119ddfb068e9f5ad33.r2.dev,51,medium,URLhaus,1,18,2026-10-01T02:05:25+00:00,2026-10-04T00:13:52+00:00,2026-09-10 18:06:15 UTC,2026-09-10 18:06:15 UTC,URLhaus: offline,"Sun, 04 Oct 2026 00:05:45 GMT",https://urlhaus.abuse.ch/downloads/json_recent/,Zərərli URL host-u (malware_download)
domain,pub-7390aebc53504408b09c0dc5390d6cc4.r2.dev,51,medium,URLhaus,1,18,2026-10-01T02:05:25+00:00,2026-10-04T00:13:52+00:00,2026-09-10T18:06:14+00:00,2026-09-10T18:06:16+00:00,URLhaus: offline,2026-10-04T00:05:45+00:00,https://urlhaus.abuse.ch/downloads/json_recent/,Zərərli URL host-u (malware_download)
domain,www.craftsparkdimensions.com,51,medium,URLhaus,1,18,2026-10-01T02:05:25+00:00,2026-10-04T00:13:52+00:00,2026-09-11 06:09:15 UTC,2026-09-14 15:40:08 UTC,URLhaus: offline,"Sun, 04 Oct 2026 00:05:45 GMT",https://urlhaus.abuse.ch/downloads/json_recent/,Zərərli URL host-u (malware_download)
domain,www.0akw8w.com,51,medium,URLhaus,1,18,2026-10-01T02:05:25+00:00,2026-10-04T00:13:52+00:00,2026-09-11 13:57:18 UTC,2026-09-15 03:49:33 UTC,URLhaus: offline,"Sun, 04 Oct 2026 00:05:45 GMT",https://urlhaus.abuse.ch/downloads/json_recent/,Zərərli URL host-u (malware_download)
domain,xolep1.tos-cn-beijing.volces.com,51,medium,URLhaus,1,18,2026-10-01T02:05:25+00:00,2026-10-04T00:13:52+00:00,2026-09-11 17:31:33 UTC,2026-09-14 03:52:05 UTC,URLhaus: offline,"Sun, 04 Oct 2026 00:05:45 GMT",https://urlhaus.abuse.ch/downloads/json_recent/,Zərərli URL host-u (malware_download)
domain,adpayworks.b-cdn.net,51,medium,URLhaus,1,18,2026-10-01T02:05:25+00:00,2026-10-04T00:13:52+00:00,2026-09-11 20:18:18 UTC,2026-09-11 20:18:18 UTC,URLhaus: offline,"Sun, 04 Oct 2026 00:05:45 GMT",https://urlhaus.abuse.ch/downloads/json_recent/,Zərərli URL host-u (malware_download)
domain,v7yp4wts.fourstarcampground.com,51,medium,URLhaus,1,18,2026-10-01T02:05:25+00:00,2026-10-04T00:13:52+00:00,2026-09-12 07:30:12 UTC,,URLhaus: offline,"Sun, 04 Oct 2026 00:05:45 GMT",https://urlhaus.abuse.ch/downloads/json_recent/,Zərərli URL host-u (malware_download)
domain,tinyurls.in,51,medium,URLhaus,1,18,2026-10-01T02:05:25+00:00,2026-10-04T00:13:52+00:00,2026-09-12 07:30:17 UTC,,URLhaus: offline,"Sun, 04 Oct 2026 00:05:45 GMT",https://urlhaus.abuse.ch/downloads/json_recent/,Zərərli URL host-u (malware_download)
domain,oss.cop.lat,51,medium,URLhaus,1,18,2026-10-01T02:05:25+00:00,2026-10-04T00:13:52+00:00,2026-09-12 07:30:18 UTC,2026-09-12 07:30:18 UTC,URLhaus: offline,"Sun, 04 Oct 2026 00:05:45 GMT",https://urlhaus.abuse.ch/downloads/json_recent/,Zərərli URL host-u (malware_download)
domain,pub-e10d56052d2542d0b2f74abed3691951.r2.dev,51,medium,URLhaus,1,18,2026-10-01T02:05:25+00:00,2026-10-04T00:13:52+00:00,2026-09-12 14:33:21 UTC,2026-09-12 14:33:21 UTC,URLhaus: offline,"Sun, 04 Oct 2026 00:05:45 GMT",https://urlhaus.abuse.ch/downloads/json_recent/,Zərərli URL host-u (malware_download)
domain,true-soft.su,51,medium,URLhaus,1,18,2026-10-01T02:05:25+00:00,2026-10-04T00:13:52+00:00,2026-09-12 16:39:14 UTC,,URLhaus: offline,"Sun, 04 Oct 2026 00:05:45 GMT",https://urlhaus.abuse.ch/downloads/json_recent/,Zərərli URL host-u (malware_download)
domain,ndigitals.in,51,medium,URLhaus,1,18,2026-10-01T02:05:25+00:00,2026-10-04T00:13:52+00:00,2026-09-13 09:29:12 UTC,,URLhaus: offline,"Sun, 04 Oct 2026 00:05:45 GMT",https://urlhaus.abuse.ch/downloads/json_recent/,Zərərli URL host-u (malware_download)
domain,authshipup.net,51,medium,URLhaus,1,18,2026-10-01T02:05:25+00:00,2026-10-04T00:13:52+00:00,2026-09-13 09:30:19 UTC,2026-09-13 09:30:19 UTC,URLhaus: offline,"Sun, 04 Oct 2026 00:05:45 GMT",https://urlhaus.abuse.ch/downloads/json_recent/,Zərərli URL host-u (malware_download)
domain,update-notif.com,51,medium,URLhaus,1,18,2026-10-01T02:05:25+00:00,2026-10-04T00:13:52+00:00,2026-09-13 13:43:25 UTC,,URLhaus: offline,"Sun, 04 Oct 2026 00:05:45 GMT",https://urlhaus.abuse.ch/downloads/json_recent/,Zərərli URL host-u (malware_download)
domain,fingerprint-veri.info,51,medium,URLhaus,1,18,2026-10-01T02:05:25+00:00,2026-10-04T00:13:52+00:00,2026-09-13 13:43:27 UTC,,URLhaus: offline,"Sun, 04 Oct 2026 00:05:45 GMT",https://urlhaus.abuse.ch/downloads/json_recent/,Zərərli URL host-u (malware_download)
domain,executorhub.space,51,medium,URLhaus,1,18,2026-10-01T02:05:25+00:00,2026-10-04T00:13:52+00:00,2026-09-13 15:36:41 UTC,2026-09-14 04:36:55 UTC,URLhaus: offline,"Sun, 04 Oct 2026 00:05:45 GMT",https://urlhaus.abuse.ch/downloads/json_recent/,Zərərli URL host-u (malware_download)
domain,tapped.top,51,medium,URLhaus,1,18,2026-10-01T02:05:25+00:00,2026-10-04T00:13:52+00:00,2026-09-13 18:07:16 UTC,2026-09-14 15:46:45 UTC,URLhaus: offline,"Sun, 04 Oct 2026 00:05:45 GMT",https://urlhaus.abuse.ch/downloads/json_recent/,Zərərli URL host-u (malware_download)
domain,startvsgame.com,51,medium,URLhaus,1,18,2026-10-01T02:05:25+00:00,2026-10-04T00:13:52+00:00,2026-09-13 18:43:13 UTC,2026-09-14 21:50:58 UTC,URLhaus: offline,"Sun, 04 Oct 2026 00:05:45 GMT",https://urlhaus.abuse.ch/downloads/json_recent/,Zərərli URL host-u (malware_download)
domain,pub-c6d653e19fd545129fdfd7d6f8cd8b17.r2.dev,51,medium,URLhaus,1,18,2026-10-01T02:05:25+00:00,2026-10-04T00:13:52+00:00,2026-09-13 19:07:13 UTC,,URLhaus: offline,"Sun, 04 Oct 2026 00:05:45 GMT",https://urlhaus.abuse.ch/downloads/json_recent/,Zərərli URL host-u (malware_download)
domain,pub-72295f71e45d431995028c79cf261dae.r2.dev,51,medium,URLhaus,1,18,2026-10-01T02:05:25+00:00,2026-10-04T00:13:52+00:00,2026-09-13T19:07:13+00:00,2026-09-13T19:07:51+00:00,URLhaus: offline,2026-10-04T00:05:45+00:00,https://urlhaus.abuse.ch/downloads/json_recent/,Zərərli URL host-u (malware_download)
domain,server.miranarts-top.cc,51,medium,URLhaus,1,18,2026-10-01T02:05:25+00:00,2026-10-04T00:13:52+00:00,2026-09-13 19:49:16 UTC,2026-09-13 19:49:16 UTC,URLhaus: offline,"Sun, 04 Oct 2026 00:05:45 GMT",https://urlhaus.abuse.ch/downloads/json_recent/,Zərərli URL host-u (malware_download)
domain,up.devmicro7.workers.dev,51,medium,URLhaus,1,18,2026-10-01T02:05:25+00:00,2026-10-04T00:13:52+00:00,2026-09-14 06:01:20 UTC,2026-09-14 06:01:20 UTC,URLhaus: offline,"Sun, 04 Oct 2026 00:05:45 GMT",https://urlhaus.abuse.ch/downloads/json_recent/,Zərərli URL host-u (malware_download)
domain,trouserstreak.net,51,medium,URLhaus,1,18,2026-10-01T02:05:25+00:00,2026-10-04T00:13:52+00:00,2026-09-14T06:01:19+00:00,2026-09-14T09:50:45+00:00,URLhaus: offline,2026-10-04T00:05:45+00:00,https://urlhaus.abuse.ch/downloads/json_recent/,Zərərli URL host-u (malware_download)
domain,get.activatd.win,51,medium,URLhaus,1,18,2026-10-01T02:05:25+00:00,2026-10-04T00:13:52+00:00,2026-09-14T06:02:15+00:00,2026-09-18T07:14:36+00:00,URLhaus: offline,2026-10-04T00:05:45+00:00,https://urlhaus.abuse.ch/downloads/json_recent/,Zərərli URL host-u (malware_download)
domain,srv.conti.pk,51,medium,URLhaus,1,18,2026-10-01T02:05:25+00:00,2026-10-04T00:13:52+00:00,2026-09-14 06:02:31 UTC,2026-09-22 22:38:16 UTC,URLhaus: offline,"Sun, 04 Oct 2026 00:05:45 GMT",https://urlhaus.abuse.ch/downloads/json_recent/,Zərərli URL host-u (malware_download)
domain,acrobat.proposal.name.ng,51,medium,URLhaus,1,18,2026-10-01T02:05:25+00:00,2026-10-04T00:13:52+00:00,2026-09-14 09:17:11 UTC,,URLhaus: offline,"Sun, 04 Oct 2026 00:05:45 GMT",https://urlhaus.abuse.ch/downloads/json_recent/,Zərərli URL host-u (malware_download)
domain,statementreaderdownload.com,51,medium,URLhaus,1,18,2026-10-01T02:05:25+00:00,2026-10-04T00:13:52+00:00,2026-09-14 09:17:18 UTC,2026-09-15 03:51:24 UTC,URLhaus: offline,"Sun, 04 Oct 2026 00:05:45 GMT",https://urlhaus.abuse.ch/downloads/json_recent/,Zərərli URL host-u (malware_download)
domain,robertsonelectrlcal.screenconnect.com,51,medium,URLhaus,1,18,2026-10-01T02:05:25+00:00,2026-10-04T00:13:52+00:00,2026-09-14 09:17:20 UTC,2026-09-18 16:02:56 UTC,URLhaus: offline,"Sun, 04 Oct 2026 00:05:45 GMT",https://urlhaus.abuse.ch/downloads/json_recent/,Zərərli URL host-u (malware_download)
domain,weroll-byte-welcome-bob-the-builder.pages.dev,51,medium,URLhaus,1,18,2026-10-01T02:05:25+00:00,2026-10-04T00:13:52+00:00,2026-09-14 12:04:17 UTC,2026-09-14 12:04:17 UTC,URLhaus: offline,"Sun, 04 Oct 2026 00:05:45 GMT",https://urlhaus.abuse.ch/downloads/json_recent/,Zərərli URL host-u (malware_download)
domain,jokely.icu,51,medium,URLhaus,1,18,2026-10-01T02:05:25+00:00,2026-10-04T00:13:52+00:00,2026-09-14 12:04:18 UTC,,URLhaus: offline,"Sun, 04 Oct 2026 00:05:45 GMT",https://urlhaus.abuse.ch/downloads/json_recent/,Zərərli URL host-u (malware_download)
domain,digitalisonesapps.com,51,medium,URLhaus,1,18,2026-10-01T02:05:25+00:00,2026-10-04T00:13:52+00:00,2026-09-14 12:04:18 UTC,2026-09-14 12:04:18 UTC,URLhaus: offline,"Sun, 04 Oct 2026 00:05:45 GMT",https://urlhaus.abuse.ch/downloads/json_recent/,Zərərli URL host-u (malware_download)
domain,bunnyview.b-cdn.net,51,medium,URLhaus,1,18,2026-10-01T02:05:25+00:00,2026-10-04T00:13:52+00:00,2026-09-14 12:52:13 UTC,2026-09-14 23:05:35 UTC,URLhaus: offline,"Sun, 04 Oct 2026 00:05:45 GMT",https://urlhaus.abuse.ch/downloads/json_recent/,Zərərli URL host-u (malware_download)
domain,pic.li,51,medium,URLhaus,1,18,2026-10-01T02:05:25+00:00,2026-10-04T00:13:52+00:00,2026-09-14 14:15:15 UTC,,URLhaus: offline,"Sun, 04 Oct 2026 00:05:45 GMT",https://urlhaus.abuse.ch/downloads/json_recent/,Zərərli URL host-u (malware_download)
domain,quest-hz-preds-mod.pages.dev,51,medium,URLhaus,1,18,2026-10-01T02:05:25+00:00,2026-10-04T00:13:52+00:00,2026-09-14 14:15:19 UTC,2026-09-14 14:15:19 UTC,URLhaus: offline,"Sun, 04 Oct 2026 00:05:45 GMT",https://urlhaus.abuse.ch/downloads/json_recent/,Zərərli URL host-u (malware_download)
domain,pub-3e3889b5442b4ed4ab5f97beec5959ea.r2.dev,51,medium,URLhaus,1,18,2026-10-01T02:05:25+00:00,2026-10-04T00:13:52+00:00,2026-09-14 14:15:20 UTC,2026-09-14 14:15:20 UTC,URLhaus: offline,"Sun, 04 Oct 2026 00:05:45 GMT",https://urlhaus.abuse.ch/downloads/json_recent/,Zərərli URL host-u (malware_download)
domain,portal.onepansol.site,51,medium,URLhaus,1,18,2026-10-01T02:05:25+00:00,2026-10-04T00:13:52+00:00,2026-09-14T14:15:18+00:00,2026-09-26T18:32:49+00:00,URLhaus: offline,2026-10-04T00:05:45+00:00,https://urlhaus.abuse.ch/downloads/json_recent/,Zərərli URL host-u (malware_download)
domain,mhqn.pages.dev,51,medium,URLhaus,1,18,2026-10-01T02:05:25+00:00,2026-10-04T00:13:52+00:00,2026-09-14 14:15:21 UTC,2026-09-14 14:15:21 UTC,URLhaus: offline,"Sun, 04 Oct 2026 00:05:45 GMT",https://urlhaus.abuse.ch/downloads/json_recent/,Zərərli URL host-u (malware_download)
domain,pub-4cf232026b854c1e8bb06b595c8f7587.r2.dev,51,medium,URLhaus,1,18,2026-10-01T02:05:25+00:00,2026-10-04T00:13:52+00:00,2026-09-14 14:15:23 UTC,2026-09-14 14:15:23 UTC,URLhaus: offline,"Sun, 04 Oct 2026 00:05:45 GMT",https://urlhaus.abuse.ch/downloads/json_recent/,Zərərli URL host-u (malware_download)
domain,teamapp.pages.dev,51,medium,URLhaus,1,18,2026-10-01T02:05:25+00:00,2026-10-04T00:13:52+00:00,2026-09-14 14:15:30 UTC,2026-09-14 14:15:30 UTC,URLhaus: offline,"Sun, 04 Oct 2026 00:05:45 GMT",https://urlhaus.abuse.ch/downloads/json_recent/,Zərərli URL host-u (malware_download)
domain,pub-d21b4190a47f45628c828456f23dd66e.r2.dev,51,medium,URLhaus,1,18,2026-10-01T02:05:25+00:00,2026-10-04T00:13:52+00:00,2026-09-08T05:05:09+00:00,2026-09-14 14:15:30 UTC,URLhaus: offline,2026-10-04T00:05:45+00:00,https://urlhaus.abuse.ch/downloads/json_recent/,Zərərli URL host-u (malware_download)
domain,pub-5590b15da27f4f219811312b19a8df05.r2.dev,51,medium,URLhaus,1,18,2026-10-01T02:05:25+00:00,2026-10-04T00:13:52+00:00,2026-09-14 14:15:35 UTC,2026-09-14 14:15:35 UTC,URLhaus: offline,"Sun, 04 Oct 2026 00:05:45 GMT",https://urlhaus.abuse.ch/downloads/json_recent/,Zərərli URL host-u (malware_download)
domain,angefundsu.sbs,51,medium,URLhaus,1,18,2026-10-01T02:05:25+00:00,2026-10-04T00:13:52+00:00,2026-09-14 14:15:42 UTC,2026-09-16 11:15:31 UTC,URLhaus: offline,"Sun, 04 Oct 2026 00:05:45 GMT",https://urlhaus.abuse.ch/downloads/json_recent/,Zərərli URL host-u (malware_download)
domain,wir.consultingics.com,51,medium,URLhaus,1,18,2026-10-01T02:05:25+00:00,2026-10-04T00:13:52+00:00,2026-09-14T14:15:42+00:00,2026-09-14T14:15:42+00:00,URLhaus: offline,2026-10-04T00:05:45+00:00,https://urlhaus.abuse.ch/downloads/json_recent/,Zərərli URL host-u (malware_download)
domain,www.kammwv.cc,51,medium,URLhaus,1,18,2026-10-01T02:05:25+00:00,2026-10-04T00:13:52+00:00,2026-09-14 14:16:22 UTC,2026-09-14 14:16:22 UTC,URLhaus: offline,"Sun, 04 Oct 2026 00:05:45 GMT",https://urlhaus.abuse.ch/downloads/json_recent/,Zərərli URL host-u (malware_download)
domain,minpop.com,51,medium,URLhaus,1,18,2026-10-01T02:05:25+00:00,2026-10-04T00:13:52+00:00,2026-09-14T16:58:18+00:00,,URLhaus: offline,2026-10-04T00:05:45+00:00,https://urlhaus.abuse.ch/downloads/json_recent/,Zərərli URL host-u (malware_download)
domain,botcheck-cf.top,51,medium,URLhaus,1,18,2026-10-01T02:05:25+00:00,2026-10-04T00:13:52+00:00,2026-09-14 17:11:14 UTC,2026-09-16 04:21:49 UTC,URLhaus: offline,"Sun, 04 Oct 2026 00:05:45 GMT",https://urlhaus.abuse.ch/downloads/json_recent/,Zərərli URL host-u (malware_download)
domain,tripfarely.com,51,medium,URLhaus,1,18,2026-10-01T02:05:25+00:00,2026-10-04T00:13:52+00:00,2026-09-10T15:22:13+00:00,2026-09-14T17:35:18+00:00,URLhaus: offline,2026-10-04T00:05:45+00:00,https://urlhaus.abuse.ch/downloads/json_recent/,Zərərli URL host-u (malware_download)
domain,images.fishing-tools.cyou,51,medium,URLhaus,1,18,2026-10-01T02:05:25+00:00,2026-10-04T00:13:52+00:00,2026-09-14T17:34:17+00:00,2026-09-14T17:36:14+00:00,URLhaus: offline,2026-10-04T00:05:45+00:00,https://urlhaus.abuse.ch/downloads/json_recent/,Zərərli URL host-u (malware_download)
domain,hashedsolver.icu,51,medium,URLhaus,1,18,2026-10-01T02:05:25+00:00,2026-10-04T00:13:52+00:00,2026-09-14 18:36:13 UTC,,URLhaus: offline,"Sun, 04 Oct 2026 00:05:45 GMT",https://urlhaus.abuse.ch/downloads/json_recent/,Zərərli URL host-u (malware_download)
domain,onlocity.com,51,medium,URLhaus,1,18,2026-10-01T02:05:25+00:00,2026-10-04T00:13:52+00:00,2026-09-15 06:06:12 UTC,,URLhaus: offline,"Sun, 04 Oct 2026 00:05:45 GMT",https://urlhaus.abuse.ch/downloads/json_recent/,Zərərli URL host-u (malware_download)
domain,get.actrivated.win,51,medium,URLhaus,1,18,2026-10-01T02:05:25+00:00,2026-10-04T00:13:52+00:00,2026-09-15 06:06:13 UTC,2026-09-18 07:49:56 UTC,URLhaus: offline,"Sun, 04 Oct 2026 00:05:45 GMT",https://urlhaus.abuse.ch/downloads/json_recent/,Zərərli URL host-u (malware_download)
domain,debloatex.com,51,medium,URLhaus,1,18,2026-10-01T02:05:25+00:00,2026-10-04T00:13:52+00:00,2026-09-15 06:06:15 UTC,,URLhaus: offline,"Sun, 04 Oct 2026 00:05:45 GMT",https://urlhaus.abuse.ch/downloads/json_recent/,Zərərli URL host-u (malware_download)
domain,get.actvated.win,51,medium,URLhaus,1,18,2026-10-01T02:05:25+00:00,2026-10-04T00:13:52+00:00,2026-09-14T06:02:38+00:00,2026-09-17T05:40:03+00:00,URLhaus: offline,2026-10-04T00:05:45+00:00,https://urlhaus.abuse.ch/downloads/json_recent/,Zərərli URL host-u (malware_download)
domain,get.acivated.win,51,medium,URLhaus,1,18,2026-10-01T02:05:25+00:00,2026-10-04T00:13:52+00:00,2026-09-14T06:02:21+00:00,2026-09-18T07:07:16+00:00,URLhaus: offline,2026-10-04T00:05:45+00:00,https://urlhaus.abuse.ch/downloads/json_recent/,Zərərli URL host-u (malware_download)
domain,massgravel.dev,51,medium,URLhaus,1,18,2026-10-01T02:05:25+00:00,2026-10-04T00:13:52+00:00,2026-09-12T07:31:17+00:00,2026-09-17T06:16:26+00:00,URLhaus: offline,2026-10-04T00:05:45+00:00,https://urlhaus.abuse.ch/downloads/json_recent/,Zərərli URL host-u (malware_download)
domain,get.activaed.win,51,medium,URLhaus,1,18,2026-10-01T02:05:25+00:00,2026-10-04T00:13:52+00:00,2026-09-14T06:02:31+00:00,2026-09-17T06:13:56+00:00,URLhaus: offline,2026-10-04T00:05:45+00:00,https://urlhaus.abuse.ch/downloads/json_recent/,Zərərli URL host-u (malware_download)
domain,get.activted.win,51,medium,URLhaus,1,18,2026-10-01T02:05:25+00:00,2026-10-04T00:13:52+00:00,2026-09-14T06:02:19+00:00,2026-09-17T06:15:52+00:00,URLhaus: offline,2026-10-04T00:05:45+00:00,https://urlhaus.abuse.ch/downloads/json_recent/,Zərərli URL host-u (malware_download)
domain,get.ativated.win,51,medium,URLhaus,1,18,2026-10-01T02:05:25+00:00,2026-10-04T00:13:52+00:00,2026-09-14T06:02:31+00:00,2026-09-18T07:00:55+00:00,URLhaus: offline,2026-10-04T00:05:45+00:00,https://urlhaus.abuse.ch/downloads/json_recent/,Zərərli URL host-u (malware_download)
domain,k3p8wz1n.bvcbx.store,51,medium,URLhaus,1,18,2026-10-01T02:05:25+00:00,2026-10-04T00:13:52+00:00,2026-09-15 06:07:11 UTC,,URLhaus: offline,"Sun, 04 Oct 2026 00:05:45 GMT",https://urlhaus.abuse.ch/downloads/json_recent/,Zərərli URL host-u (malware_download)
domain,iyn4ce9o.casero.store,51,medium,URLhaus,1,18,2026-10-01T02:05:25+00:00,2026-10-04T00:13:52+00:00,2026-09-15 06:07:11 UTC,,URLhaus: offline,"Sun, 04 Oct 2026 00:05:45 GMT",https://urlhaus.abuse.ch/downloads/json_recent/,Zərərli URL host-u (malware_download)
domain,q7k2m9xb.us-theeloncode.com,51,medium,URLhaus,1,18,2026-10-01T02:05:25+00:00,2026-10-04T00:13:52+00:00,2026-09-15 06:07:12 UTC,,URLhaus: offline,"Sun, 04 Oct 2026 00:05:45 GMT",https://urlhaus.abuse.ch/downloads/json_recent/,Zərərli URL host-u (malware_download)
domain,x9v2mq4t.bossbey.store,51,medium,URLhaus,1,18,2026-10-01T02:05:25+00:00,2026-10-04T00:13:52+00:00,2026-09-15 06:07:12 UTC,,URLhaus: offline,"Sun, 04 Oct 2026 00:05:45 GMT",https://urlhaus.abuse.ch/downloads/json_recent/,Zərərli URL host-u (malware_download)
domain,speddebug.com,51,medium,URLhaus,1,18,2026-10-01T02:05:25+00:00,2026-10-04T00:13:52+00:00,2026-09-15 06:07:14 UTC,,URLhaus: offline,"Sun, 04 Oct 2026 00:05:45 GMT",https://urlhaus.abuse.ch/downloads/json_recent/,Zərərli URL host-u (malware_download)
domain,meteorclientplus.com,51,medium,URLhaus,1,18,2026-10-01T02:05:25+00:00,2026-10-04T00:13:52+00:00,2026-09-15 06:07:15 UTC,,URLhaus: offline,"Sun, 04 Oct 2026 00:05:45 GMT",https://urlhaus.abuse.ch/downloads/json_recent/,Zərərli URL host-u (malware_download)
domain,wizzyaddon.com,51,medium,URLhaus,1,18,2026-10-01T02:05:25+00:00,2026-10-04T00:13:52+00:00,2026-09-15 06:07:15 UTC,,URLhaus: offline,"Sun, 04 Oct 2026 00:05:45 GMT",https://urlhaus.abuse.ch/downloads/json_recent/,Zərərli URL host-u (malware_download)
domain,zenithclient.com,51,medium,URLhaus,1,18,2026-10-01T02:05:25+00:00,2026-10-04T00:13:52+00:00,2026-09-15 06:07:15 UTC,,URLhaus: offline,"Sun, 04 Oct 2026 00:05:45 GMT",https://urlhaus.abuse.ch/downloads/json_recent/,Zərərli URL host-u (malware_download)
domain,get.activeted.win,51,medium,URLhaus,1,18,2026-10-01T02:05:25+00:00,2026-10-04T00:13:52+00:00,2026-09-15 06:07:16 UTC,2026-09-15 06:07:16 UTC,URLhaus: offline,"Sun, 04 Oct 2026 00:05:45 GMT",https://urlhaus.abuse.ch/downloads/json_recent/,Zərərli URL host-u (malware_download)
domain,get.activatde.win,51,medium,URLhaus,1,18,2026-10-01T02:05:25+00:00,2026-10-04T00:13:52+00:00,2026-09-15 06:07:17 UTC,2026-09-15 06:07:17 UTC,URLhaus: offline,"Sun, 04 Oct 2026 00:05:45 GMT",https://urlhaus.abuse.ch/downloads/json_recent/,Zərərli URL host-u (malware_download)
domain,get.atcivated.win,51,medium,URLhaus,1,18,2026-10-01T02:05:25+00:00,2026-10-04T00:13:52+00:00,2026-09-15 06:07:18 UTC,2026-09-15 06:07:18 UTC,URLhaus: offline,"Sun, 04 Oct 2026 00:05:45 GMT",https://urlhaus.abuse.ch/downloads/json_recent/,Zərərli URL host-u (malware_download)
domain,contididit.conti.pk,51,medium,URLhaus,1,18,2026-10-01T02:05:25+00:00,2026-10-04T00:13:52+00:00,2026-09-15 06:07:18 UTC,2026-09-23 04:32:33 UTC,URLhaus: offline,"Sun, 04 Oct 2026 00:05:45 GMT",https://urlhaus.abuse.ch/downloads/json_recent/,Zərərli URL host-u (malware_download)
domain,get.actiavted.win,51,medium,URLhaus,1,18,2026-10-01T02:05:25+00:00,2026-10-04T00:13:52+00:00,2026-09-15 06:07:19 UTC,2026-09-15 06:07:19 UTC,URLhaus: offline,"Sun, 04 Oct 2026 00:05:45 GMT",https://urlhaus.abuse.ch/downloads/json_recent/,Zərərli URL host-u (malware_download)
domain,dnswwt.club,51,medium,URLhaus,1,18,2026-10-01T02:05:25+00:00,2026-10-04T00:13:52+00:00,2026-09-15T07:03:20+00:00,2026-09-20T22:16:44+00:00,URLhaus: offline,2026-10-04T00:05:45+00:00,https://urlhaus.abuse.ch/downloads/json_recent/,Zərərli URL host-u (malware_download)
domain,docmntageant.com,51,medium,URLhaus,1,18,2026-10-01T02:05:25+00:00,2026-10-04T00:13:52+00:00,2026-09-15 10:34:13 UTC,,URLhaus: offline,"Sun, 04 Oct 2026 00:05:45 GMT",https://urlhaus.abuse.ch/downloads/json_recent/,Zərərli URL host-u (malware_download)
domain,copiose.org,51,medium,URLhaus,1,18,2026-10-01T02:05:25+00:00,2026-10-04T00:13:52+00:00,2026-09-14T06:01:32+00:00,,URLhaus: offline,2026-10-04T00:05:45+00:00,https://urlhaus.abuse.ch/downloads/json_recent/,Zərərli URL host-u (malware_download)
domain,www.2bxvrc1.com,51,medium,URLhaus,1,18,2026-10-01T02:05:25+00:00,2026-10-04T00:13:52+00:00,2026-09-15 12:52:13 UTC,2026-09-21 10:04:04 UTC,URLhaus: offline,"Sun, 04 Oct 2026 00:05:45 GMT",https://urlhaus.abuse.ch/downloads/json_recent/,Zərərli URL host-u (malware_download)
domain,uno-play.online,51,medium,URLhaus,1,18,2026-10-01T02:05:25+00:00,2026-10-04T00:13:52+00:00,2026-09-15 13:48:31 UTC,2026-09-15 13:48:31 UTC,URLhaus: offline,"Sun, 04 Oct 2026 00:05:45 GMT",https://urlhaus.abuse.ch/downloads/json_recent/,Zərərli URL host-u (malware_download)
domain,get.acitvated.win,51,medium,URLhaus,1,18,2026-10-01T02:05:25+00:00,2026-10-04T00:13:52+00:00,2026-09-14T06:02:28+00:00,2026-09-18T07:14:13+00:00,URLhaus: offline,2026-10-04T00:05:45+00:00,https://urlhaus.abuse.ch/downloads/json_recent/,Zərərli URL host-u (malware_download)
domain,get.acrivated.win,51,medium,URLhaus,1,18,2026-10-01T02:05:25+00:00,2026-10-04T00:13:52+00:00,2026-09-14T06:02:31+00:00,2026-09-18T07:20:00+00:00,URLhaus: offline,2026-10-04T00:05:45+00:00,https://urlhaus.abuse.ch/downloads/json_recent/,Zərərli URL host-u (malware_download)
domain,get.actiated.win,51,medium,URLhaus,1,18,2026-10-01T02:05:25+00:00,2026-10-04T00:13:52+00:00,2026-09-14T06:02:21+00:00,2026-09-18T07:50:13+00:00,URLhaus: offline,2026-10-04T00:05:45+00:00,https://urlhaus.abuse.ch/downloads/json_recent/,Zərərli URL host-u (malware_download)
domain,get.activates.win,51,medium,URLhaus,1,18,2026-10-01T02:05:25+00:00,2026-10-04T00:13:52+00:00,2026-09-14T06:02:23+00:00,2026-09-18T07:09:38+00:00,URLhaus: offline,2026-10-04T00:05:45+00:00,https://urlhaus.abuse.ch/downloads/json_recent/,Zərərli URL host-u (malware_download)
domain,get.sctivated.win,51,medium,URLhaus,1,18,2026-10-01T02:05:25+00:00,2026-10-04T00:13:52+00:00,2026-09-14T06:02:31+00:00,2026-09-18T07:14:28+00:00,URLhaus: offline,2026-10-04T00:05:45+00:00,https://urlhaus.abuse.ch/downloads/json_recent/,Zərərli URL host-u (malware_download)
domain,get.ctivated.win,51,medium,URLhaus,1,18,2026-10-01T02:05:25+00:00,2026-10-04T00:13:52+00:00,2026-09-14T06:02:26+00:00,2026-09-18T07:39:56+00:00,URLhaus: offline,2026-10-04T00:05:45+00:00,https://urlhaus.abuse.ch/downloads/json_recent/,Zərərli URL host-u (malware_download)
domain,get.activtaed.win,51,medium,URLhaus,1,18,2026-10-01T02:05:25+00:00,2026-10-04T00:13:52+00:00,2026-09-14T06:02:23+00:00,2026-09-18T07:20:59+00:00,URLhaus: offline,2026-10-04T00:05:45+00:00,https://urlhaus.abuse.ch/downloads/json_recent/,Zərərli URL host-u (malware_download)
domain,get.activatedd.win,51,medium,URLhaus,1,18,2026-10-01T02:05:25+00:00,2026-10-04T00:13:52+00:00,2026-09-14T06:02:23+00:00,2026-09-18T06:58:53+00:00,URLhaus: offline,2026-10-04T00:05:45+00:00,https://urlhaus.abuse.ch/downloads/json_recent/,Zərərli URL host-u (malware_download)
domain,get.acttivated.win,51,medium,URLhaus,1,18,2026-10-01T02:05:25+00:00,2026-10-04T00:13:52+00:00,2026-09-13T06:35:22+00:00,2026-09-18T07:27:15+00:00,URLhaus: offline,2026-10-04T00:05:45+00:00,https://urlhaus.abuse.ch/downloads/json_recent/,Zərərli URL host-u (malware_download)
domain,get.cativated.win,51,medium,URLhaus,1,18,2026-10-01T02:05:25+00:00,2026-10-04T00:13:52+00:00,2026-09-14T06:02:21+00:00,2026-09-18T07:50:36+00:00,URLhaus: offline,2026-10-04T00:05:45+00:00,https://urlhaus.abuse.ch/downloads/json_recent/,Zərərli URL host-u (malware_download)
domain,purple-fire-dc7e.pentagon-e8b.workers.dev,51,medium,URLhaus,1,18,2026-10-01T02:05:25+00:00,2026-10-04T00:13:52+00:00,2026-09-16 06:26:15 UTC,,URLhaus: offline,"Sun, 04 Oct 2026 00:05:45 GMT",https://urlhaus.abuse.ch/downloads/json_recent/,Zərərli URL host-u (malware_download)
domain,cold5.gofile.io,51,medium,URLhaus,1,18,2026-10-01T02:05:25+00:00,2026-10-04T00:13:52+00:00,2026-09-16 06:26:22 UTC,,URLhaus: offline,"Sun, 04 Oct 2026 00:05:45 GMT",https://urlhaus.abuse.ch/downloads/json_recent/,Zərərli URL host-u (malware_download)
domain,ghostclient.net,51,medium,URLhaus,1,18,2026-10-01T02:05:25+00:00,2026-10-04T00:13:52+00:00,2026-09-16 06:26:23 UTC,2026-09-21 04:29:44 UTC,URLhaus: offline,"Sun, 04 Oct 2026 00:05:45 GMT",https://urlhaus.abuse.ch/downloads/json_recent/,Zərərli URL host-u (malware_download)
domain,ahsniper.com,51,medium,URLhaus,1,18,2026-10-01T02:05:25+00:00,2026-10-04T00:13:52+00:00,2026-09-16 06:26:23 UTC,2026-09-16 06:26:23 UTC,URLhaus: offline,"Sun, 04 Oct 2026 00:05:45 GMT",https://urlhaus.abuse.ch/downloads/json_recent/,Zərərli URL host-u (malware_download)
domain,dulkir-mod.com,51,medium,URLhaus,1,18,2026-10-01T02:05:25+00:00,2026-10-04T00:13:52+00:00,2026-09-16 06:26:23 UTC,2026-09-16 06:26:23 UTC,URLhaus: offline,"Sun, 04 Oct 2026 00:05:45 GMT",https://urlhaus.abuse.ch/downloads/json_recent/,Zərərli URL host-u (malware_download)
domain,donutclients.net,51,medium,URLhaus,1,18,2026-10-01T02:05:25+00:00,2026-10-04T00:13:52+00:00,2026-09-16 06:26:24 UTC,2026-09-16 06:26:24 UTC,URLhaus: offline,"Sun, 04 Oct 2026 00:05:45 GMT",https://urlhaus.abuse.ch/downloads/json_recent/,Zərərli URL host-u (malware_download)
domain,marlowclient.com,51,medium,URLhaus,1,18,2026-10-01T02:05:25+00:00,2026-10-04T00:13:52+00:00,2026-09-16 06:26:24 UTC,2026-09-16 06:26:24 UTC,URLhaus: offline,"Sun, 04 Oct 2026 00:05:45 GMT",https://urlhaus.abuse.ch/downloads/json_recent/,Zərərli URL host-u (malware_download)
domain,modhider.com,51,medium,URLhaus,1,18,2026-10-01T02:05:25+00:00,2026-10-04T00:13:52+00:00,2026-09-16 06:26:25 UTC,2026-09-16 06:26:25 UTC,URLhaus: offline,"Sun, 04 Oct 2026 00:05:45 GMT",https://urlhaus.abuse.ch/downloads/json_recent/,Zərərli URL host-u (malware_download)
domain,uno-play.xyz,51,medium,URLhaus,1,18,2026-10-01T02:05:25+00:00,2026-10-04T00:13:52+00:00,2026-09-16 06:26:38 UTC,2026-09-16 06:26:38 UTC,URLhaus: offline,"Sun, 04 Oct 2026 00:05:45 GMT",https://urlhaus.abuse.ch/downloads/json_recent/,Zərərli URL host-u (malware_download)
domain,prestige-client.org,51,medium,URLhaus,1,18,2026-10-01T02:05:25+00:00,2026-10-04T00:13:52+00:00,2026-09-16 06:41:17 UTC,2026-09-23 07:14:30 UTC,URLhaus: offline,"Sun, 04 Oct 2026 00:05:45 GMT",https://urlhaus.abuse.ch/downloads/json_recent/,Zərərli URL host-u (malware_download)
domain,www.bluehorizons.travel,51,medium,URLhaus,1,18,2026-10-01T02:05:25+00:00,2026-10-04T00:13:52+00:00,2026-09-16 10:00:23 UTC,2026-09-17 23:24:02 UTC,URLhaus: offline,"Sun, 04 Oct 2026 00:05:45 GMT",https://urlhaus.abuse.ch/downloads/json_recent/,Zərərli URL host-u (malware_download)
domain,cloud-sharing.com,51,medium,URLhaus,1,18,2026-10-01T02:05:25+00:00,2026-10-04T00:13:52+00:00,2026-09-16 14:07:14 UTC,2026-09-17 22:10:28 UTC,URLhaus: offline,"Sun, 04 Oct 2026 00:05:45 GMT",https://urlhaus.abuse.ch/downloads/json_recent/,Zərərli URL host-u (malware_download)
domain,gpsmarocpro.com,51,medium,URLhaus,1,18,2026-10-01T02:05:25+00:00,2026-10-04T00:13:52+00:00,2026-09-16T15:08:16+00:00,2026-09-16T21:50:28+00:00,URLhaus: offline,2026-10-04T00:05:45+00:00,https://urlhaus.abuse.ch/downloads/json_recent/,Zərərli URL host-u (malware_download)
domain,amaamn.com,51,medium,URLhaus,1,18,2026-10-01T02:05:25+00:00,2026-10-04T00:13:52+00:00,2026-09-16T14:20:15+00:00,2026-09-18 04:38:07 UTC,URLhaus: offline,2026-10-04T00:05:45+00:00,https://urlhaus.abuse.ch/downloads/json_recent/,Zərərli URL host-u (malware_download)
domain,userhotels.org,51,medium,URLhaus,1,18,2026-10-01T02:05:25+00:00,2026-10-04T00:13:52+00:00,2026-09-16 20:10:21 UTC,2026-09-16 20:10:21 UTC,URLhaus: offline,"Sun, 04 Oct 2026 00:05:45 GMT",https://urlhaus.abuse.ch/downloads/json_recent/,Zərərli URL host-u (malware_download)
domain,kryptonclient.vip,51,medium,URLhaus,1,18,2026-10-01T02:05:25+00:00,2026-10-04T00:13:52+00:00,2026-09-17 05:44:18 UTC,2026-09-18 09:28:18 UTC,URLhaus: offline,"Sun, 04 Oct 2026 00:05:45 GMT",https://urlhaus.abuse.ch/downloads/json_recent/,Zərərli URL host-u (malware_download)
domain,www.kryptonclient.lol,51,medium,URLhaus,1,18,2026-10-01T02:05:25+00:00,2026-10-04T00:13:52+00:00,2026-09-17 05:44:18 UTC,2026-09-17 20:28:20 UTC,URLhaus: offline,"Sun, 04 Oct 2026 00:05:45 GMT",https://urlhaus.abuse.ch/downloads/json_recent/,Zərərli URL host-u (malware_download)
domain,dfdghfhddhdhfhdfhdfyhdfdfh.pages.dev,51,medium,URLhaus,1,18,2026-10-01T02:05:25+00:00,2026-10-04T00:13:52+00:00,2026-09-17T05:45:17+00:00,2026-09-17T05:45:21+00:00,URLhaus: offline,2026-10-04T00:05:45+00:00,https://urlhaus.abuse.ch/downloads/json_recent/,Zərərli URL host-u (malware_download)
domain,foundrysourcings.co.uk,51,medium,URLhaus,1,18,2026-10-01T02:05:25+00:00,2026-10-04T00:13:52+00:00,2026-09-17 10:26:33 UTC,2026-09-17 10:26:33 UTC,URLhaus: offline,"Sun, 04 Oct 2026 00:05:45 GMT",https://urlhaus.abuse.ch/downloads/json_recent/,Zərərli URL host-u (malware_download)
domain,hpfile.cyou,51,medium,URLhaus,1,18,2026-10-01T02:05:25+00:00,2026-10-04T00:13:52+00:00,2026-09-17 13:30:19 UTC,,URLhaus: offline,"Sun, 04 Oct 2026 00:05:45 GMT",https://urlhaus.abuse.ch/downloads/json_recent/,Zərərli URL host-u (malware_download)
domain,gonzaskid-1.paiza-user-free.cloud,51,medium,URLhaus,1,18,2026-10-01T02:05:25+00:00,2026-10-04T00:13:52+00:00,2026-09-17 14:13:18 UTC,,URLhaus: offline,"Sun, 04 Oct 2026 00:05:45 GMT",https://urlhaus.abuse.ch/downloads/json_recent/,Zərərli URL host-u (malware_download)
domain,velvetcanyonline.xyz,51,medium,URLhaus,1,18,2026-10-01T02:05:25+00:00,2026-10-04T00:13:52+00:00,2026-09-17 14:39:17 UTC,,URLhaus: offline,"Sun, 04 Oct 2026 00:05:45 GMT",https://urlhaus.abuse.ch/downloads/json_recent/,Zərərli URL host-u (malware_download)
domain,dcfpp.com,51,medium,URLhaus,1,18,2026-10-01T02:05:25+00:00,2026-10-04T00:13:52+00:00,2026-09-17 14:39:17 UTC,2026-09-18 10:40:30 UTC,URLhaus: offline,"Sun, 04 Oct 2026 00:05:45 GMT",https://urlhaus.abuse.ch/downloads/json_recent/,Zərərli URL host-u (malware_download)
domain,imap.usslimsounds.com,51,medium,URLhaus,1,18,2026-10-01T02:05:25+00:00,2026-10-04T00:13:52+00:00,2026-09-17 15:44:16 UTC,,URLhaus: offline,"Sun, 04 Oct 2026 00:05:45 GMT",https://urlhaus.abuse.ch/downloads/json_recent/,Zərərli URL host-u (malware_download)
domain,epibenie.dz,51,medium,URLhaus,1,18,2026-10-01T02:05:25+00:00,2026-10-04T00:13:52+00:00,2026-09-17 15:56:20 UTC,2026-09-19 11:45:57 UTC,URLhaus: offline,"Sun, 04 Oct 2026 00:05:45 GMT",https://urlhaus.abuse.ch/downloads/json_recent/,Zərərli URL host-u (malware_download)
domain,bun-pullz.b-cdn.net,51,medium,URLhaus,1,18,2026-10-01T02:05:25+00:00,2026-10-04T00:13:52+00:00,2026-09-17 16:29:21 UTC,2026-09-17 16:29:21 UTC,URLhaus: offline,"Sun, 04 Oct 2026 00:05:45 GMT",https://urlhaus.abuse.ch/downloads/json_recent/,Zərərli URL host-u (malware_download)
domain,roptik.com,51,medium,URLhaus,1,18,2026-10-01T02:05:25+00:00,2026-10-04T00:13:52+00:00,2026-09-17T18:42:13+00:00,,URLhaus: offline,2026-10-04T00:05:45+00:00,https://urlhaus.abuse.ch/downloads/json_recent/,Zərərli URL host-u (malware_download)
domain,kong07.s3.us-east-1.amazonaws.com,51,medium,URLhaus,1,18,2026-10-01T02:05:25+00:00,2026-10-04T00:13:52+00:00,2026-09-17 18:42:22 UTC,2026-09-19 10:32:36 UTC,URLhaus: offline,"Sun, 04 Oct 2026 00:05:45 GMT",https://urlhaus.abuse.ch/downloads/json_recent/,Zərərli URL host-u (malware_download)
domain,signageinsignia.co.za,51,medium,URLhaus,1,18,2026-10-01T02:05:25+00:00,2026-10-04T00:13:52+00:00,2026-09-17T15:56:18+00:00,2026-09-18T07:01:42+00:00,URLhaus: offline,2026-10-04T00:05:45+00:00,https://urlhaus.abuse.ch/downloads/json_recent/,Zərərli URL host-u (malware_download)
domain,pub-e95a23a0e3944ef49a26647f1ec168e0.r2.dev,51,medium,URLhaus,1,18,2026-10-01T02:05:25+00:00,2026-10-04T00:13:52+00:00,2026-09-17 19:33:18 UTC,,URLhaus: offline,"Sun, 04 Oct 2026 00:05:45 GMT",https://urlhaus.abuse.ch/downloads/json_recent/,Zərərli URL host-u (malware_download)
domain,files.catbox.moe,51,medium,URLhaus,1,18,2026-10-01T02:05:25+00:00,2026-10-04T00:13:52+00:00,2026-09-07T18:12:07+00:00,2026-09-10T15:39:30+00:00,URLhaus: offline,2026-10-04T00:05:45+00:00,https://urlhaus.abuse.ch/downloads/json_recent/,Zərərli URL host-u (malware_download)
domain,api-relay.cc,51,medium,URLhaus,1,18,2026-10-01T02:05:25+00:00,2026-10-04T00:13:52+00:00,2026-09-18 05:10:20 UTC,2026-09-18 22:18:23 UTC,URLhaus: offline,"Sun, 04 Oct 2026 00:05:45 GMT",https://urlhaus.abuse.ch/downloads/json_recent/,Zərərli URL host-u (malware_download)
domain,rmm.smartscreen.lifestyle,51,medium,URLhaus,1,18,2026-10-01T02:05:25+00:00,2026-10-04T00:13:52+00:00,2026-09-18 07:13:21 UTC,2026-09-18 07:13:21 UTC,URLhaus: offline,"Sun, 04 Oct 2026 00:05:45 GMT",https://urlhaus.abuse.ch/downloads/json_recent/,Zərərli URL host-u (malware_download)
domain,c1.dstatbots.win,51,medium,URLhaus,1,18,2026-10-01T02:05:25+00:00,2026-10-04T00:13:52+00:00,2026-09-18 14:00:20 UTC,,URLhaus: offline,"Sun, 04 Oct 2026 00:05:45 GMT",https://urlhaus.abuse.ch/downloads/json_recent/,Zərərli URL host-u (malware_download)
domain,update.googlecert.help,51,medium,URLhaus,1,18,2026-10-01T02:05:25+00:00,2026-10-04T00:13:52+00:00,2026-09-18 14:07:15 UTC,2026-09-18 14:07:15 UTC,URLhaus: offline,"Sun, 04 Oct 2026 00:05:45 GMT",https://urlhaus.abuse.ch/downloads/json_recent/,Zərərli URL host-u (malware_download)
domain,radium-client.org,51,medium,URLhaus,1,18,2026-10-01T02:05:25+00:00,2026-10-04T00:13:52+00:00,2026-09-18 17:24:20 UTC,2026-09-18 17:24:20 UTC,URLhaus: offline,"Sun, 04 Oct 2026 00:05:45 GMT",https://urlhaus.abuse.ch/downloads/json_recent/,Zərərli URL host-u (malware_download)
domain,kryptonclient-donutsmp.com,51,medium,URLhaus,1,18,2026-10-01T02:05:25+00:00,2026-10-04T00:13:52+00:00,2026-09-18 17:24:20 UTC,2026-09-18 17:33:50 UTC,URLhaus: offline,"Sun, 04 Oct 2026 00:05:45 GMT",https://urlhaus.abuse.ch/downloads/json_recent/,Zərərli URL host-u (malware_download)
domain,implantdentistrytx.com,51,medium,URLhaus,1,18,2026-10-01T02:05:25+00:00,2026-10-04T00:13:52+00:00,2026-09-18 19:12:13 UTC,,URLhaus: offline,"Sun, 04 Oct 2026 00:05:45 GMT",https://urlhaus.abuse.ch/downloads/json_recent/,Zərərli URL host-u (malware_download)
domain,blueprint-71.com,51,medium,URLhaus,1,18,2026-10-01T02:05:25+00:00,2026-10-04T00:13:52+00:00,2026-09-19T05:53:14+00:00,,URLhaus: offline,2026-10-04T00:05:45+00:00,https://urlhaus.abuse.ch/downloads/json_recent/,Zərərli URL host-u (malware_download)
domain,becof.org,51,medium,URLhaus,1,18,2026-10-01T02:05:25+00:00,2026-10-04T00:13:52+00:00,2026-09-19 05:54:21 UTC,,URLhaus: offline,"Sun, 04 Oct 2026 00:05:45 GMT",https://urlhaus.abuse.ch/downloads/json_recent/,Zərərli URL host-u (malware_download)
domain,thisisafalsepositive.st,51,medium,URLhaus,1,18,2026-10-01T02:05:25+00:00,2026-10-04T00:13:52+00:00,2026-09-17T05:44:16+00:00,,URLhaus: offline,2026-10-04T00:05:45+00:00,https://urlhaus.abuse.ch/downloads/json_recent/,Zərərli URL host-u (malware_download)
domain,sandboxle.com.cn,51,medium,URLhaus,1,18,2026-10-01T02:05:25+00:00,2026-10-04T00:13:52+00:00,2026-09-19 15:48:31 UTC,2026-09-19 15:56:30 UTC,URLhaus: offline,"Sun, 04 Oct 2026 00:05:45 GMT",https://urlhaus.abuse.ch/downloads/json_recent/,Zərərli URL host-u (malware_download)
domain,www.minecraft-cheats.com,51,medium,URLhaus,1,18,2026-10-01T02:05:25+00:00,2026-10-04T00:13:52+00:00,2026-09-19T05:53:16+00:00,2026-09-21T18:16:45+00:00,URLhaus: offline,2026-10-04T00:05:45+00:00,https://urlhaus.abuse.ch/downloads/json_recent/,Zərərli URL host-u (malware_download)
domain,genovaw.com,51,medium,URLhaus,1,18,2026-10-01T02:05:25+00:00,2026-10-04T00:13:52+00:00,2026-09-18T19:12:13+00:00,2026-09-18 19:12:21 UTC,URLhaus: offline,2026-10-04T00:05:45+00:00,https://urlhaus.abuse.ch/downloads/json_recent/,Zərərli URL host-u (malware_download)
domain,forgewillow.com,51,medium,URLhaus,1,18,2026-10-01T02:05:25+00:00,2026-10-04T00:13:52+00:00,2026-09-20 05:32:10 UTC,,URLhaus: offline,"Sun, 04 Oct 2026 00:05:45 GMT",https://urlhaus.abuse.ch/downloads/json_recent/,Zərərli URL host-u (malware_download)
domain,taunahi.client.farm,51,medium,URLhaus,1,18,2026-10-01T02:05:25+00:00,2026-10-04T00:13:52+00:00,2026-09-20 14:53:13 UTC,,URLhaus: offline,"Sun, 04 Oct 2026 00:05:45 GMT",https://urlhaus.abuse.ch/downloads/json_recent/,Zərərli URL host-u (malware_download)
domain,zhostz.com,51,medium,URLhaus,1,18,2026-10-01T02:05:25+00:00,2026-10-04T00:13:52+00:00,2026-09-20 14:53:16 UTC,,URLhaus: offline,"Sun, 04 Oct 2026 00:05:45 GMT",https://urlhaus.abuse.ch/downloads/json_recent/,Zərərli URL host-u (malware_download)
domain,skymoders.top,51,medium,URLhaus,1,18,2026-10-01T02:05:25+00:00,2026-10-04T00:13:52+00:00,2026-09-20 15:08:17 UTC,2026-09-22 22:35:51 UTC,URLhaus: offline,"Sun, 04 Oct 2026 00:05:45 GMT",https://urlhaus.abuse.ch/downloads/json_recent/,Zərərli URL host-u (malware_download)
domain,hll912-1484535448.cos.ap-hongkong.myqcloud.com,51,medium,URLhaus,1,18,2026-10-01T02:05:25+00:00,2026-10-04T00:13:52+00:00,2026-09-21 07:07:18 UTC,2026-09-22 04:53:21 UTC,URLhaus: offline,"Sun, 04 Oct 2026 00:05:45 GMT",https://urlhaus.abuse.ch/downloads/json_recent/,Zərərli URL host-u (malware_download)
domain,kineticlenz.com,51,medium,URLhaus,1,18,2026-10-01T02:05:25+00:00,2026-10-04T00:13:52+00:00,2026-09-21 07:07:19 UTC,2026-09-22 04:29:29 UTC,URLhaus: offline,"Sun, 04 Oct 2026 00:05:45 GMT",https://urlhaus.abuse.ch/downloads/json_recent/,Zərərli URL host-u (malware_download)
domain,massgravel.net,51,medium,URLhaus,1,18,2026-10-01T02:05:25+00:00,2026-10-04T00:13:52+00:00,2026-09-18T05:04:30+00:00,2026-09-21T07:07:23+00:00,URLhaus: offline,2026-10-04T00:05:45+00:00,https://urlhaus.abuse.ch/downloads/json_recent/,Zərərli URL host-u (malware_download)
domain,proalamir.dz,51,medium,URLhaus,1,18,2026-10-01T02:05:25+00:00,2026-10-04T00:13:52+00:00,2026-09-21 07:07:27 UTC,2026-09-21 13:43:19 UTC,URLhaus: offline,"Sun, 04 Oct 2026 00:05:45 GMT",https://urlhaus.abuse.ch/downloads/json_recent/,Zərərli URL host-u (malware_download)
domain,pastee.dev,51,medium,URLhaus,1,18,2026-10-01T02:05:25+00:00,2026-10-04T00:13:52+00:00,2026-09-21 07:23:11 UTC,,URLhaus: offline,"Sun, 04 Oct 2026 00:05:45 GMT",https://urlhaus.abuse.ch/downloads/json_recent/,Zərərli URL host-u (malware_download)
domain,03teste.com,51,medium,URLhaus,1,18,2026-10-01T02:05:25+00:00,2026-10-04T00:13:52+00:00,2026-09-21T07:22:12+00:00,,URLhaus: offline,2026-10-04T00:05:45+00:00,https://urlhaus.abuse.ch/downloads/json_recent/,Zərərli URL host-u (malware_download)
domain,dao1an8ingei2dinnnpgqa7k564nf3q81.oast.live,51,medium,URLhaus,1,18,2026-10-01T02:05:25+00:00,2026-10-04T00:13:52+00:00,2026-09-21 09:20:17 UTC,,URLhaus: offline,"Sun, 04 Oct 2026 00:05:45 GMT",https://urlhaus.abuse.ch/downloads/json_recent/,Zərərli URL host-u (malware_download)
domain,entry-code-cdn.codes,51,medium,URLhaus,1,18,2026-10-01T02:05:25+00:00,2026-10-04T00:13:52+00:00,2026-09-21 11:15:35 UTC,,URLhaus: offline,"Sun, 04 Oct 2026 00:05:45 GMT",https://urlhaus.abuse.ch/downloads/json_recent/,Zərərli URL host-u (malware_download)
domain,activatef.win,51,medium,URLhaus,1,18,2026-10-01T02:05:25+00:00,2026-10-04T00:13:52+00:00,2026-09-21T07:07:12+00:00,2026-09-22T05:47:38+00:00,URLhaus: offline,2026-10-04T00:05:45+00:00,https://urlhaus.abuse.ch/downloads/json_recent/,Zərərli URL host-u (malware_download)
domain,workerstats.net,51,medium,URLhaus,1,18,2026-10-01T02:05:25+00:00,2026-10-04T00:13:52+00:00,2026-09-14T06:02:38+00:00,2026-09-18T07:58:38+00:00,URLhaus: offline,2026-10-04T00:05:45+00:00,https://urlhaus.abuse.ch/downloads/json_recent/,Zərərli URL host-u (malware_download)
domain,0.232.205.92.host.secureserver.net,51,medium,URLhaus,1,18,2026-10-01T02:05:25+00:00,2026-10-04T00:13:52+00:00,2026-09-21 15:57:28 UTC,,URLhaus: offline,"Sun, 04 Oct 2026 00:05:45 GMT",https://urlhaus.abuse.ch/downloads/json_recent/,Zərərli URL host-u (malware_download)
domain,y32me8.com,51,medium,URLhaus,1,18,2026-10-01T02:05:25+00:00,2026-10-04T00:13:52+00:00,2026-09-21 16:30:22 UTC,2026-09-21 16:30:22 UTC,URLhaus: offline,"Sun, 04 Oct 2026 00:05:45 GMT",https://urlhaus.abuse.ch/downloads/json_recent/,Zərərli URL host-u (malware_download)
domain,zanderrealestate.com,51,medium,URLhaus,1,18,2026-10-01T02:05:25+00:00,2026-10-04T00:13:52+00:00,2026-09-22 05:04:12 UTC,,URLhaus: offline,"Sun, 04 Oct 2026 00:05:45 GMT",https://urlhaus.abuse.ch/downloads/json_recent/,Zərərli URL host-u (malware_download)
domain,yoauction.com,51,medium,URLhaus,1,18,2026-10-01T02:05:25+00:00,2026-10-04T00:13:52+00:00,2026-09-22 05:04:14 UTC,,URLhaus: offline,"Sun, 04 Oct 2026 00:05:45 GMT",https://urlhaus.abuse.ch/downloads/json_recent/,Zərərli URL host-u (malware_download)
domain,croco.cx,51,medium,URLhaus,1,18,2026-10-01T02:05:25+00:00,2026-10-04T00:13:52+00:00,2026-09-22 05:11:19 UTC,,URLhaus: offline,"Sun, 04 Oct 2026 00:05:45 GMT",https://urlhaus.abuse.ch/downloads/json_recent/,Zərərli URL host-u (malware_download)
domain,basequill9.com,51,medium,URLhaus,1,18,2026-10-01T02:05:25+00:00,2026-10-04T00:13:52+00:00,2026-09-22T05:11:18+00:00,,URLhaus: offline,2026-10-04T00:05:45+00:00,https://urlhaus.abuse.ch/downloads/json_recent/,Zərərli URL host-u (malware_download)
domain,zaluposs.com,51,medium,URLhaus,1,18,2026-10-01T02:05:25+00:00,2026-10-04T00:13:52+00:00,2026-09-22 13:44:25 UTC,2026-09-22 13:44:25 UTC,URLhaus: offline,"Sun, 04 Oct 2026 00:05:45 GMT",https://urlhaus.abuse.ch/downloads/json_recent/,Zərərli URL host-u (malware_download)
domain,dev7.devmicro7.workers.dev,51,medium,URLhaus,1,18,2026-10-01T02:05:25+00:00,2026-10-04T00:13:52+00:00,2026-09-22 13:44:28 UTC,2026-09-22 13:44:28 UTC,URLhaus: offline,"Sun, 04 Oct 2026 00:05:45 GMT",https://urlhaus.abuse.ch/downloads/json_recent/,Zərərli URL host-u (malware_download)
domain,ck-bt.s3.us-east-2.amazonaws.com,51,medium,URLhaus,1,18,2026-10-01T02:05:25+00:00,2026-10-04T00:13:52+00:00,2026-09-22 13:44:34 UTC,2026-09-26 10:41:37 UTC,URLhaus: offline,"Sun, 04 Oct 2026 00:05:45 GMT",https://urlhaus.abuse.ch/downloads/json_recent/,Zərərli URL host-u (malware_download)
domain,scanbot.me,51,medium,URLhaus,1,18,2026-10-01T02:05:25+00:00,2026-10-04T00:13:52+00:00,2026-09-22 14:00:17 UTC,,URLhaus: offline,"Sun, 04 Oct 2026 00:05:45 GMT",https://urlhaus.abuse.ch/downloads/json_recent/,Zərərli URL host-u (malware_download)
domain,hf-offshores.cc,51,medium,URLhaus,1,18,2026-10-01T02:05:25+00:00,2026-10-04T00:13:52+00:00,2026-09-22 15:09:15 UTC,,URLhaus: offline,"Sun, 04 Oct 2026 00:05:45 GMT",https://urlhaus.abuse.ch/downloads/json_recent/,Zərərli URL host-u (malware_download)
domain,hhtdyj.com,51,medium,URLhaus,1,18,2026-10-01T02:05:25+00:00,2026-10-04T00:13:52+00:00,2026-09-22 17:16:25 UTC,2026-09-22 23:37:44 UTC,URLhaus: offline,"Sun, 04 Oct 2026 00:05:45 GMT",https://urlhaus.abuse.ch/downloads/json_recent/,Zərərli URL host-u (malware_download)
domain,mhmehadi.top,51,medium,URLhaus,1,18,2026-10-01T02:05:25+00:00,2026-10-04T00:13:52+00:00,2026-09-22 17:16:46 UTC,,URLhaus: offline,"Sun, 04 Oct 2026 00:05:45 GMT",https://urlhaus.abuse.ch/downloads/json_recent/,Zərərli URL host-u (malware_download)
domain,surun.info,51,medium,URLhaus,1,18,2026-10-01T02:05:25+00:00,2026-10-04T00:13:52+00:00,2026-09-15T13:40:12+00:00,2026-09-22 17:18:20 UTC,URLhaus: offline,2026-10-04T00:05:45+00:00,https://urlhaus.abuse.ch/downloads/json_recent/,Zərərli URL host-u (malware_download)
domain,trabzonmegareklamllc.shop,51,medium,URLhaus,1,18,2026-10-01T02:05:25+00:00,2026-10-04T00:13:52+00:00,2026-09-22T17:20:14+00:00,2026-09-22 17:20:19 UTC,URLhaus: offline,2026-10-04T00:05:45+00:00,https://urlhaus.abuse.ch/downloads/json_recent/,Zərərli URL host-u (malware_download)
domain,masterplasticpack.com,51,medium,URLhaus,1,18,2026-10-01T02:05:25+00:00,2026-10-04T00:13:52+00:00,2026-09-22T17:35:14+00:00,2026-09-23T23:51:45+00:00,URLhaus: offline,2026-10-04T00:05:45+00:00,https://urlhaus.abuse.ch/downloads/json_recent/,Zərərli URL host-u (malware_download)
domain,astraia.co.za,51,medium,URLhaus,1,18,2026-10-01T02:05:25+00:00,2026-10-04T00:13:52+00:00,2026-09-22 17:48:16 UTC,,URLhaus: offline,"Sun, 04 Oct 2026 00:05:45 GMT",https://urlhaus.abuse.ch/downloads/json_recent/,Zərərli URL host-u (malware_download)
domain,amc-us.mprevive.com,51,medium,URLhaus,1,18,2026-10-01T02:05:25+00:00,2026-10-04T00:13:52+00:00,2026-09-22 17:52:12 UTC,2026-09-22 17:52:12 UTC,URLhaus: offline,"Sun, 04 Oct 2026 00:05:45 GMT",https://urlhaus.abuse.ch/downloads/json_recent/,Zərərli URL host-u (malware_download)
domain,spitandmalachite.com,51,medium,URLhaus,1,18,2026-10-01T02:05:25+00:00,2026-10-04T00:13:52+00:00,2026-09-23 07:22:14 UTC,,URLhaus: offline,"Sun, 04 Oct 2026 00:05:45 GMT",https://urlhaus.abuse.ch/downloads/json_recent/,Zərərli URL host-u (malware_download)
domain,webhook.site,51,medium,URLhaus,1,18,2026-10-01T02:05:25+00:00,2026-10-04T00:13:52+00:00,2026-09-23 07:23:14 UTC,,URLhaus: offline,"Sun, 04 Oct 2026 00:05:45 GMT",https://urlhaus.abuse.ch/downloads/json_recent/,Zərərli URL host-u (malware_download)
domain,freeclients.net,51,medium,URLhaus,1,18,2026-10-01T02:05:25+00:00,2026-10-04T00:13:52+00:00,2026-09-23T07:23:18+00:00,2026-09-23T07:23:23+00:00,URLhaus: offline,2026-10-04T00:05:45+00:00,https://urlhaus.abuse.ch/downloads/json_recent/,Zərərli URL host-u (malware_download)
domain,docs.thelobbyx.info,51,medium,URLhaus,1,18,2026-10-01T02:05:25+00:00,2026-10-04T00:13:52+00:00,2026-09-23 07:53:16 UTC,,URLhaus: offline,"Sun, 04 Oct 2026 00:05:45 GMT",https://urlhaus.abuse.ch/downloads/json_recent/,Zərərli URL host-u (malware_download)
domain,brasilengenhariaecom.store,51,medium,URLhaus,1,18,2026-10-01T02:05:25+00:00,2026-10-04T00:13:52+00:00,2026-09-23 08:34:08 UTC,,URLhaus: offline,"Sun, 04 Oct 2026 00:05:45 GMT",https://urlhaus.abuse.ch/downloads/json_recent/,Zərərli URL host-u (malware_download)
domain,pub-b98155d31c7b46ecbdf79eab5e37bae3.r2.dev,51,medium,URLhaus,1,18,2026-10-01T02:05:25+00:00,2026-10-04T00:13:52+00:00,2026-09-23 09:09:22 UTC,2026-09-23 09:09:22 UTC,URLhaus: offline,"Sun, 04 Oct 2026 00:05:45 GMT",https://urlhaus.abuse.ch/downloads/json_recent/,Zərərli URL host-u (malware_download)
domain,bratarfood.com,51,medium,URLhaus,1,18,2026-10-01T02:05:25+00:00,2026-10-04T00:13:52+00:00,2026-09-23T09:52:18+00:00,2026-09-24T06:38:34+00:00,URLhaus: offline,2026-10-04T00:05:45+00:00,https://urlhaus.abuse.ch/downloads/json_recent/,Zərərli URL host-u (malware_download)
domain,korexnode.xyz,51,medium,URLhaus,1,18,2026-10-01T02:05:25+00:00,2026-10-04T00:13:52+00:00,2026-09-23 12:15:18 UTC,2026-09-23 12:15:18 UTC,URLhaus: offline,"Sun, 04 Oct 2026 00:05:45 GMT",https://urlhaus.abuse.ch/downloads/json_recent/,Zərərli URL host-u (malware_download)
domain,funrat.co,51,medium,URLhaus,1,18,2026-10-01T02:05:25+00:00,2026-10-04T00:13:52+00:00,2026-09-23 14:58:19 UTC,2026-09-25 06:07:38 UTC,URLhaus: offline,"Sun, 04 Oct 2026 00:05:45 GMT",https://urlhaus.abuse.ch/downloads/json_recent/,Zərərli URL host-u (malware_download)
domain,t3u5y0liyio.map.azionedge.net,51,medium,URLhaus,1,18,2026-10-01T02:05:25+00:00,2026-10-04T00:13:52+00:00,2026-09-23 15:14:27 UTC,,URLhaus: offline,"Sun, 04 Oct 2026 00:05:45 GMT",https://urlhaus.abuse.ch/downloads/json_recent/,Zərərli URL host-u (malware_download)
domain,korexnode.duckdns.org,51,medium,URLhaus,1,18,2026-10-01T02:05:25+00:00,2026-10-04T00:13:52+00:00,2026-09-23 15:43:18 UTC,,URLhaus: offline,"Sun, 04 Oct 2026 00:05:45 GMT",https://urlhaus.abuse.ch/downloads/json_recent/,Zərərli URL host-u (malware_download)
domain,journeylake11.com,51,medium,URLhaus,1,18,2026-10-01T02:05:25+00:00,2026-10-04T00:13:52+00:00,2026-09-23T15:49:19+00:00,,URLhaus: offline,2026-10-04T00:05:45+00:00,https://urlhaus.abuse.ch/downloads/json_recent/,Zərərli URL host-u (malware_download)
domain,kupunasvolpiano.com,51,medium,URLhaus,1,18,2026-10-01T02:05:25+00:00,2026-10-04T00:13:52+00:00,2026-09-23 17:06:19 UTC,2026-09-25 22:53:09 UTC,URLhaus: offline,"Sun, 04 Oct 2026 00:05:45 GMT",https://urlhaus.abuse.ch/downloads/json_recent/,Zərərli URL host-u (malware_download)
domain,cyberleak.top,51,medium,URLhaus,1,18,2026-10-01T02:05:25+00:00,2026-10-04T00:13:52+00:00,2026-09-23 17:22:17 UTC,,URLhaus: offline,"Sun, 04 Oct 2026 00:05:45 GMT",https://urlhaus.abuse.ch/downloads/json_recent/,Zərərli URL host-u (malware_download)
domain,letsupconfig.sbs,51,medium,URLhaus,1,18,2026-10-01T02:05:25+00:00,2026-10-04T00:13:52+00:00,2026-09-23 22:01:20 UTC,2026-09-23 22:01:20 UTC,URLhaus: offline,"Sun, 04 Oct 2026 00:05:45 GMT",https://urlhaus.abuse.ch/downloads/json_recent/,Zərərli URL host-u (malware_download)
domain,kn.devmicro7.workers.dev,51,medium,URLhaus,1,18,2026-10-01T02:05:25+00:00,2026-10-04T00:13:52+00:00,2026-09-24 05:09:15 UTC,,URLhaus: offline,"Sun, 04 Oct 2026 00:05:45 GMT",https://urlhaus.abuse.ch/downloads/json_recent/,Zərərli URL host-u (malware_download)
domain,ns.devmicro7.workers.dev,51,medium,URLhaus,1,18,2026-10-01T02:05:25+00:00,2026-10-04T00:13:52+00:00,2026-09-24 05:09:47 UTC,2026-09-24 05:09:47 UTC,URLhaus: offline,"Sun, 04 Oct 2026 00:05:45 GMT",https://urlhaus.abuse.ch/downloads/json_recent/,Zərərli URL host-u (malware_download)
domain,gfgxcx.com,51,medium,URLhaus,1,18,2026-10-01T02:05:25+00:00,2026-10-04T00:13:52+00:00,2026-09-24 05:27:24 UTC,2026-09-24 05:27:24 UTC,URLhaus: offline,"Sun, 04 Oct 2026 00:05:45 GMT",https://urlhaus.abuse.ch/downloads/json_recent/,Zərərli URL host-u (malware_download)
domain,seguranca.versionnova.site,51,medium,URLhaus,1,18,2026-10-01T02:05:25+00:00,2026-10-04T00:13:52+00:00,2026-09-24 05:43:16 UTC,,URLhaus: offline,"Sun, 04 Oct 2026 00:05:45 GMT",https://urlhaus.abuse.ch/downloads/json_recent/,Zərərli URL host-u (malware_download)
domain,profileone.jo3.org,51,medium,URLhaus,1,18,2026-10-01T02:05:25+00:00,2026-10-04T00:13:52+00:00,2026-09-24T05:49:21+00:00,,URLhaus: offline,2026-10-04T00:05:45+00:00,https://urlhaus.abuse.ch/downloads/json_recent/,Zərərli URL host-u (malware_download)
domain,fullinstall.sbs,51,medium,URLhaus,1,18,2026-10-01T02:05:25+00:00,2026-10-04T00:13:52+00:00,2026-09-24 06:03:16 UTC,2026-09-24 06:03:16 UTC,URLhaus: offline,"Sun, 04 Oct 2026 00:05:45 GMT",https://urlhaus.abuse.ch/downloads/json_recent/,Zərərli URL host-u (malware_download)
domain,pub-f9f2f77b53d14531ba49bd6d0bd18740.r2.dev,51,medium,URLhaus,1,18,2026-10-01T02:05:25+00:00,2026-10-04T00:13:52+00:00,2026-09-24 06:35:17 UTC,2026-09-24 06:35:17 UTC,URLhaus: offline,"Sun, 04 Oct 2026 00:05:45 GMT",https://urlhaus.abuse.ch/downloads/json_recent/,Zərərli URL host-u (malware_download)
domain,gmxx.online,51,medium,URLhaus,1,18,2026-10-01T02:05:25+00:00,2026-10-04T00:13:52+00:00,2026-09-24 06:44:15 UTC,2026-09-24 06:44:15 UTC,URLhaus: offline,"Sun, 04 Oct 2026 00:05:45 GMT",https://urlhaus.abuse.ch/downloads/json_recent/,Zərərli URL host-u (malware_download)
domain,go.lumibricks.com,51,medium,URLhaus,1,18,2026-10-01T02:05:25+00:00,2026-10-04T00:13:52+00:00,2026-09-24 11:51:19 UTC,,URLhaus: offline,"Sun, 04 Oct 2026 00:05:45 GMT",https://urlhaus.abuse.ch/downloads/json_recent/,Zərərli URL host-u (malware_download)
domain,skyblock-extras.org,51,medium,URLhaus,1,18,2026-10-01T02:05:25+00:00,2026-10-04T00:13:52+00:00,2026-09-16T06:41:17+00:00,2026-09-26T04:27:16+00:00,URLhaus: offline,2026-10-04T00:05:45+00:00,https://urlhaus.abuse.ch/downloads/json_recent/,Zərərli URL host-u (malware_download)
domain,funnymap.org,51,medium,URLhaus,1,18,2026-10-01T02:05:25+00:00,2026-10-04T00:13:52+00:00,2026-09-24 12:37:24 UTC,2026-09-24 12:37:24 UTC,URLhaus: offline,"Sun, 04 Oct 2026 00:05:45 GMT",https://urlhaus.abuse.ch/downloads/json_recent/,Zərərli URL host-u (malware_download)
domain,jointaxel.online,51,medium,URLhaus,1,18,2026-10-01T02:05:25+00:00,2026-10-04T00:13:52+00:00,2026-09-24 12:37:25 UTC,2026-09-24 12:37:25 UTC,URLhaus: offline,"Sun, 04 Oct 2026 00:05:45 GMT",https://urlhaus.abuse.ch/downloads/json_recent/,Zərərli URL host-u (malware_download)
domain,billowing-lab-d15f.pentagon-e8b.workers.dev,51,medium,URLhaus,1,18,2026-10-01T02:05:25+00:00,2026-10-04T00:13:52+00:00,2026-09-16T06:26:24+00:00,2026-09-24T12:39:22+00:00,URLhaus: offline,2026-10-04T00:05:45+00:00,https://urlhaus.abuse.ch/downloads/json_recent/,Zərərli URL host-u (malware_download)
domain,10.185.202.64.host.secureserver.net,51,medium,URLhaus,1,18,2026-10-01T02:05:25+00:00,2026-10-04T00:13:52+00:00,2026-09-24 13:04:11 UTC,,URLhaus: offline,"Sun, 04 Oct 2026 00:05:45 GMT",https://urlhaus.abuse.ch/downloads/json_recent/,Zərərli URL host-u (malware_download)
domain,armoniamiddleeast.ae,51,medium,URLhaus,1,18,2026-10-01T02:05:25+00:00,2026-10-04T00:13:52+00:00,2026-09-24T13:37:12+00:00,,URLhaus: offline,2026-10-04T00:05:45+00:00,https://urlhaus.abuse.ch/downloads/json_recent/,Zərərli URL host-u (malware_download)
domain,cablewireltd.site,51,medium,URLhaus,1,18,2026-10-01T02:05:25+00:00,2026-10-04T00:13:52+00:00,2026-09-23T08:09:17+00:00,2026-09-23T08:10:16+00:00,URLhaus: offline,2026-10-04T00:05:45+00:00,https://urlhaus.abuse.ch/downloads/json_recent/,Zərərli URL host-u (malware_download)
domain,res.cloudinary.com,51,medium,URLhaus,1,18,2026-10-01T02:05:25+00:00,2026-10-04T00:13:52+00:00,2026-09-01T06:54:06+00:00,2026-09-24T23:15:34+00:00,URLhaus: offline,2026-10-04T00:05:45+00:00,https://urlhaus.abuse.ch/downloads/json_recent/,Zərərli URL host-u (malware_download)
domain,darkroute.mypi.co,51,medium,URLhaus,1,18,2026-10-01T02:05:25+00:00,2026-10-04T00:13:52+00:00,2026-09-24 13:48:34 UTC,,URLhaus: offline,"Sun, 04 Oct 2026 00:05:45 GMT",https://urlhaus.abuse.ch/downloads/json_recent/,Zərərli URL host-u (malware_download)
domain,pub-309aaffb1a3643d58aaa9c444941fef3.r2.dev,51,medium,URLhaus,1,18,2026-10-01T02:05:25+00:00,2026-10-04T00:13:52+00:00,2026-09-24 16:18:20 UTC,2026-09-24 23:30:13 UTC,URLhaus: offline,"Sun, 04 Oct 2026 00:05:45 GMT",https://urlhaus.abuse.ch/downloads/json_recent/,Zərərli URL host-u (malware_download)
domain,nordertextil.de,51,medium,URLhaus,1,18,2026-10-01T02:05:25+00:00,2026-10-04T00:13:52+00:00,2026-09-25T06:23:11+00:00,,URLhaus: offline,2026-10-04T00:05:45+00:00,https://urlhaus.abuse.ch/downloads/json_recent/,Zərərli URL host-u (malware_download)
domain,larpdebug.com,51,medium,URLhaus,1,18,2026-10-01T02:05:25+00:00,2026-10-04T00:13:52+00:00,2026-09-25 06:23:14 UTC,,URLhaus: offline,"Sun, 04 Oct 2026 00:05:45 GMT",https://urlhaus.abuse.ch/downloads/json_recent/,Zərərli URL host-u (malware_download)
domain,sail.autolabsouthgate.com,51,medium,URLhaus,1,18,2026-10-01T02:05:25+00:00,2026-10-04T00:13:52+00:00,2026-09-25 06:23:15 UTC,,URLhaus: offline,"Sun, 04 Oct 2026 00:05:45 GMT",https://urlhaus.abuse.ch/downloads/json_recent/,Zərərli URL host-u (malware_download)
domain,proishestviyagoodru.vercel.app,51,medium,URLhaus,1,18,2026-10-01T02:05:25+00:00,2026-10-04T00:13:52+00:00,2026-09-25 06:23:17 UTC,2026-09-25 10:57:56 UTC,URLhaus: offline,"Sun, 04 Oct 2026 00:05:45 GMT",https://urlhaus.abuse.ch/downloads/json_recent/,Zərərli URL host-u (malware_download)
domain,fastingegoogru.vercel.app,51,medium,URLhaus,1,18,2026-10-01T02:05:25+00:00,2026-10-04T00:13:52+00:00,2026-09-25 06:23:17 UTC,2026-09-25 12:24:29 UTC,URLhaus: offline,"Sun, 04 Oct 2026 00:05:45 GMT",https://urlhaus.abuse.ch/downloads/json_recent/,Zərərli URL host-u (malware_download)
domain,corzclient.net,51,medium,URLhaus,1,18,2026-10-01T02:05:25+00:00,2026-10-04T00:13:52+00:00,2026-09-25 06:23:17 UTC,2026-09-25 06:23:17 UTC,URLhaus: offline,"Sun, 04 Oct 2026 00:05:45 GMT",https://urlhaus.abuse.ch/downloads/json_recent/,Zərərli URL host-u (malware_download)
domain,secure.eicar.org,51,medium,URLhaus,1,18,2026-10-01T02:05:25+00:00,2026-10-04T00:13:52+00:00,2026-09-25 11:48:18 UTC,,URLhaus: offline,"Sun, 04 Oct 2026 00:05:45 GMT",https://urlhaus.abuse.ch/downloads/json_recent/,Zərərli URL host-u (malware_download)
domain,tryclix.com,51,medium,URLhaus,1,18,2026-10-01T02:05:25+00:00,2026-10-04T00:13:52+00:00,2026-09-26T06:23:15+00:00,,URLhaus: offline,2026-10-04T00:05:45+00:00,https://urlhaus.abuse.ch/downloads/json_recent/,Zərərli URL host-u (malware_download)
domain,capricecapitalpartners.com,51,medium,URLhaus,1,18,2026-10-01T02:05:25+00:00,2026-10-04T00:13:52+00:00,2026-09-26 06:23:16 UTC,,URLhaus: offline,"Sun, 04 Oct 2026 00:05:45 GMT",https://urlhaus.abuse.ch/downloads/json_recent/,Zərərli URL host-u (malware_download)
domain,31.shaderzone.org,51,medium,URLhaus,1,18,2026-10-01T02:05:25+00:00,2026-10-04T00:13:52+00:00,2026-09-26 06:25:42 UTC,2026-09-26 06:25:42 UTC,URLhaus: offline,"Sun, 04 Oct 2026 00:05:45 GMT",https://urlhaus.abuse.ch/downloads/json_recent/,Zərərli URL host-u (malware_download)
domain,a.hbweb.icu,51,medium,URLhaus,1,18,2026-10-01T02:05:25+00:00,2026-10-04T00:13:52+00:00,2026-09-26 08:37:17 UTC,,URLhaus: offline,"Sun, 04 Oct 2026 00:05:45 GMT",https://urlhaus.abuse.ch/downloads/json_recent/,Zərərli URL host-u (malware_download)
domain,kiss.a-dog.top,51,medium,URLhaus,1,18,2026-10-01T02:05:25+00:00,2026-10-04T00:13:52+00:00,2026-09-26 08:37:17 UTC,,URLhaus: offline,"Sun, 04 Oct 2026 00:05:45 GMT",https://urlhaus.abuse.ch/downloads/json_recent/,Zərərli URL host-u (malware_download)
domain,metrics.agoxpathbet.one,51,medium,URLhaus,1,18,2026-10-01T02:05:25+00:00,2026-10-04T00:13:52+00:00,2026-09-26 09:10:16 UTC,2026-09-26 09:10:16 UTC,URLhaus: offline,"Sun, 04 Oct 2026 00:05:45 GMT",https://urlhaus.abuse.ch/downloads/json_recent/,Zərərli URL host-u (malware_download)
domain,power.belyxhost.in,51,medium,URLhaus,1,18,2026-10-01T02:05:25+00:00,2026-10-04T00:13:52+00:00,2026-09-26T06:23:31+00:00,2026-09-26T12:04:59+00:00,URLhaus: offline,2026-10-04T00:05:45+00:00,https://urlhaus.abuse.ch/downloads/json_recent/,Zərərli URL host-u (malware_download)
domain,happyduxkinglinog.duckdns.org,51,medium,URLhaus,1,18,2026-10-01T02:05:25+00:00,2026-10-04T00:13:52+00:00,2026-09-26 11:31:19 UTC,,URLhaus: offline,"Sun, 04 Oct 2026 00:05:45 GMT",https://urlhaus.abuse.ch/downloads/json_recent/,Zərərli URL host-u (malware_download)
domain,abonent-app.ru,51,medium,URLhaus,1,17,2026-10-01T02:05:25+00:00,2026-10-03T21:53:59+00:00,2026-09-03 05:34:08 UTC,2026-09-07 03:12:55 UTC,URLhaus: offline,"Sat, 03 Oct 2026 21:50:45 GMT",https://urlhaus.abuse.ch/downloads/json_recent/,Zərərli URL host-u (malware_download)
domain,vintageeventos.com.mx,51,medium,URLhaus,1,17,2026-10-01T02:05:25+00:00,2026-10-03T21:53:59+00:00,2026-09-03 06:40:14 UTC,2026-09-13 03:55:45 UTC,URLhaus: offline,"Sat, 03 Oct 2026 21:50:45 GMT",https://urlhaus.abuse.ch/downloads/json_recent/,Zərərli URL host-u (malware_download)
domain,aetherone.su,51,medium,URLhaus,1,17,2026-10-01T02:05:25+00:00,2026-10-03T21:53:59+00:00,2026-09-03 07:47:09 UTC,2026-09-05 02:55:50 UTC,URLhaus: offline,"Sat, 03 Oct 2026 21:50:45 GMT",https://urlhaus.abuse.ch/downloads/json_recent/,Zərərli URL host-u (malware_download)
domain,rusa-inion24-novst.vercel.app,51,medium,URLhaus,1,17,2026-10-01T02:05:25+00:00,2026-10-03T21:53:59+00:00,2026-09-03 09:53:07 UTC,2026-09-07 19:55:16 UTC,URLhaus: offline,"Sat, 03 Oct 2026 21:50:45 GMT",https://urlhaus.abuse.ch/downloads/json_recent/,Zərərli URL host-u (malware_download)
domain,nonspamplsgood.vercel.app,51,medium,URLhaus,1,17,2026-10-01T02:05:25+00:00,2026-10-03T21:53:59+00:00,2026-09-03 10:14:08 UTC,2026-09-07 20:29:27 UTC,URLhaus: offline,"Sat, 03 Oct 2026 21:50:45 GMT",https://urlhaus.abuse.ch/downloads/json_recent/,Zərərli URL host-u (malware_download)
domain,togethers.tv,51,medium,URLhaus,1,17,2026-10-01T02:05:25+00:00,2026-10-03T21:53:59+00:00,2026-09-03 12:22:51 UTC,2026-09-22 05:08:29 UTC,URLhaus: offline,"Sat, 03 Oct 2026 21:50:45 GMT",https://urlhaus.abuse.ch/downloads/json_recent/,Zərərli URL host-u (malware_download)
domain,tuiskr.com,51,medium,URLhaus,1,17,2026-10-01T02:05:25+00:00,2026-10-03T21:53:59+00:00,2026-09-03T12:26:09+00:00,2026-09-05 15:17:53 UTC,URLhaus: offline,2026-10-03T21:50:45+00:00,https://urlhaus.abuse.ch/downloads/json_recent/,Zərərli URL host-u (malware_download)
domain,one-graup.com,51,medium,URLhaus,1,17,2026-10-01T02:05:25+00:00,2026-10-03T21:53:59+00:00,2026-09-03 12:35:09 UTC,2026-09-07 22:27:51 UTC,URLhaus: offline,"Sat, 03 Oct 2026 21:50:45 GMT",https://urlhaus.abuse.ch/downloads/json_recent/,Zərərli URL host-u (malware_download)
domain,b2b.jewmailer.net,51,medium,URLhaus,1,17,2026-10-01T02:05:25+00:00,2026-10-03T21:53:59+00:00,2026-09-03T20:18:21+00:00,2026-09-10T16:53:51+00:00,URLhaus: offline,2026-10-03T21:50:45+00:00,https://urlhaus.abuse.ch/downloads/json_recent/,Zərərli URL host-u (malware_download)
domain,theservice4u.com,49,low,URLhaus,1,12,2026-10-01T02:05:25+00:00,2026-10-02T23:24:55+00:00,2026-09-02 08:21:07 UTC,2026-09-08 10:06:41 UTC,URLhaus: offline,"Fri, 02 Oct 2026 23:21:15 GMT",https://urlhaus.abuse.ch/downloads/json_recent/,Zərərli URL host-u (malware_download)
domain,dreemix.com,49,low,URLhaus,1,12,2026-10-01T02:05:25+00:00,2026-10-02T23:24:55+00:00,2026-09-02 14:01:09 UTC,2026-09-08 10:23:36 UTC,URLhaus: offline,"Fri, 02 Oct 2026 23:21:15 GMT",https://urlhaus.abuse.ch/downloads/json_recent/,Zərərli URL host-u (malware_download)
domain,odinclient.dev,49,low,URLhaus,1,12,2026-10-01T02:05:25+00:00,2026-10-02T23:24:55+00:00,2026-09-02 15:24:13 UTC,2026-09-05 21:42:19 UTC,URLhaus: offline,"Fri, 02 Oct 2026 23:21:15 GMT",https://urlhaus.abuse.ch/downloads/json_recent/,Zərərli URL host-u (malware_download)
domain,vps.atlas101.us.kg,49,low,URLhaus,1,12,2026-10-01T02:05:25+00:00,2026-10-02T23:24:55+00:00,2026-09-02T17:32:13+00:00,2026-09-04T19:20:33+00:00,URLhaus: offline,2026-10-02T23:21:15+00:00,https://urlhaus.abuse.ch/downloads/json_recent/,Zərərli URL host-u (malware_download)
domain,mail.emeraldstonegc.blog,49,low,URLhaus,1,12,2026-10-01T02:05:25+00:00,2026-10-02T23:24:55+00:00,2026-09-02T17:31:17+00:00,2026-09-04T07:20:56+00:00,URLhaus: offline,2026-10-02T23:21:15+00:00,https://urlhaus.abuse.ch/downloads/json_recent/,Zərərli URL host-u (malware_download)
domain,emeraldstonegc.blog,49,low,URLhaus,1,12,2026-10-01T02:05:25+00:00,2026-10-02T23:24:55+00:00,2026-09-02T17:32:22+00:00,2026-09-04T10:30:14+00:00,URLhaus: offline,2026-10-02T23:21:15+00:00,https://urlhaus.abuse.ch/downloads/json_recent/,Zərərli URL host-u (malware_download)
domain,mail.brightroseax.blog,49,low,URLhaus,1,12,2026-10-01T02:05:25+00:00,2026-10-02T23:24:55+00:00,2026-09-02T17:49:15+00:00,2026-09-04T09:23:01+00:00,URLhaus: offline,2026-10-02T23:21:15+00:00,https://urlhaus.abuse.ch/downloads/json_recent/,Zərərli URL host-u (malware_download)
domain,brightroseax.blog,49,low,URLhaus,1,12,2026-10-01T02:05:25+00:00,2026-10-02T23:24:55+00:00,2026-09-02T17:49:13+00:00,2026-09-04T07:59:12+00:00,URLhaus: offline,2026-10-02T23:21:15+00:00,https://urlhaus.abuse.ch/downloads/json_recent/,Zərərli URL host-u (malware_download)
domain,rabbitfuns.su,47,low,URLhaus,1,7,2026-10-01T02:05:25+00:00,2026-10-01T21:30:30+00:00,2026-09-01 05:14:06 UTC,2026-09-15 22:45:18 UTC,URLhaus: offline,"Thu, 01 Oct 2026 21:25:39 GMT",https://urlhaus.abuse.ch/downloads/json_recent/,Zərərli URL host-u (malware_download)
domain,beacon.ltdglobal.co.uk,47,low,URLhaus,1,7,2026-10-01T02:05:25+00:00,2026-10-01T21:30:30+00:00,2026-09-01 13:39:08 UTC,2026-09-08 03:28:57 UTC,URLhaus: offline,"Thu, 01 Oct 2026 21:25:39 GMT",https://urlhaus.abuse.ch/downloads/json_recent/,Zərərli URL host-u (malware_download)
domain,pingu.business,47,low,URLhaus,1,7,2026-10-01T02:05:25+00:00,2026-10-01T21:30:30+00:00,2026-09-01T15:49:08+00:00,2026-09-05T15:50:15+00:00,URLhaus: offline,2026-10-01T21:25:39+00:00,https://urlhaus.abuse.ch/downloads/json_recent/,Zərərli URL host-u (malware_download)
domain,www.pingu.surf,47,low,URLhaus,1,7,2026-10-01T02:05:25+00:00,2026-10-01T21:30:30+00:00,2026-09-01T15:50:09+00:00,2026-09-13T16:59:22+00:00,URLhaus: offline,2026-10-01T21:25:39+00:00,https://urlhaus.abuse.ch/downloads/json_recent/,Zərərli URL host-u (malware_download)
domain,pingu.ltd,47,low,URLhaus,1,7,2026-10-01T02:05:25+00:00,2026-10-01T21:30:30+00:00,2026-09-01T16:02:20+00:00,2026-09-13T19:03:29+00:00,URLhaus: offline,2026-10-01T21:25:39+00:00,https://urlhaus.abuse.ch/downloads/json_recent/,Zərərli URL host-u (malware_download)
domain,198-144-179-82-host.colocrossing.com,43,low,URLhaus,1,17,2026-10-01T02:05:25+00:00,2026-10-03T21:53:59+00:00,2026-09-03 01:22:06 UTC,,URLhaus: offline,"Sat, 03 Oct 2026 21:50:45 GMT",https://urlhaus.abuse.ch/downloads/json_recent/,Zərərli URL host-u (malware_download)
domain,node-slate.com,43,low,URLhaus,1,17,2026-10-01T02:05:25+00:00,2026-10-03T21:53:59+00:00,2026-09-03 05:34:05 UTC,,URLhaus: offline,"Sat, 03 Oct 2026 21:50:45 GMT",https://urlhaus.abuse.ch/downloads/json_recent/,Zərərli URL host-u (malware_download)
domain,fern-plume.com,43,low,URLhaus,1,17,2026-10-01T02:05:25+00:00,2026-10-03T21:53:59+00:00,2026-09-03T05:34:05+00:00,,URLhaus: offline,2026-10-03T21:50:45+00:00,https://urlhaus.abuse.ch/downloads/json_recent/,Zərərli URL host-u (malware_download)
domain,storage.bunnycdn.com,43,low,URLhaus,1,17,2026-10-01T02:05:25+00:00,2026-10-03T21:53:59+00:00,2026-09-03 05:38:07 UTC,2026-09-03 05:38:07 UTC,URLhaus: offline,"Sat, 03 Oct 2026 21:50:45 GMT",https://urlhaus.abuse.ch/downloads/json_recent/,Zərərli URL host-u (malware_download)
domain,haiiiihello.top,43,low,URLhaus,1,17,2026-10-01T02:05:25+00:00,2026-10-03T21:53:59+00:00,2026-09-03 06:30:07 UTC,,URLhaus: offline,"Sat, 03 Oct 2026 21:50:45 GMT",https://urlhaus.abuse.ch/downloads/json_recent/,Zərərli URL host-u (malware_download)
domain,pub-f36b05599c3043ddb16520acf6cc3cce.r2.dev,43,low,URLhaus,1,17,2026-10-01T02:05:25+00:00,2026-10-03T21:53:59+00:00,2026-09-03 06:37:07 UTC,2026-09-03 06:37:07 UTC,URLhaus: offline,"Sat, 03 Oct 2026 21:50:45 GMT",https://urlhaus.abuse.ch/downloads/json_recent/,Zərərli URL host-u (malware_download)
domain,kjjt.pages.dev,43,low,URLhaus,1,17,2026-10-01T02:05:25+00:00,2026-10-03T21:53:59+00:00,2026-09-03 07:46:15 UTC,2026-09-03 07:46:15 UTC,URLhaus: offline,"Sat, 03 Oct 2026 21:50:45 GMT",https://urlhaus.abuse.ch/downloads/json_recent/,Zərərli URL host-u (malware_download)
domain,999.34c9f78b4ef541baac4a6e84d4f832a7.lol,43,low,URLhaus,1,17,2026-10-01T02:05:25+00:00,2026-10-03T21:53:59+00:00,2026-09-03 10:01:23 UTC,,URLhaus: offline,"Sat, 03 Oct 2026 21:50:45 GMT",https://urlhaus.abuse.ch/downloads/json_recent/,Zərərli URL host-u (malware_download)
domain,cyclograph.xyz,43,low,URLhaus,1,17,2026-10-01T02:05:25+00:00,2026-10-03T21:53:59+00:00,2026-09-03 12:44:12 UTC,2026-09-03 12:44:12 UTC,URLhaus: offline,"Sat, 03 Oct 2026 21:50:45 GMT",https://urlhaus.abuse.ch/downloads/json_recent/,Zərərli URL host-u (malware_download)
domain,infocardphoto.info,43,low,URLhaus,1,17,2026-10-01T02:05:25+00:00,2026-10-03T21:53:59+00:00,2026-09-03T12:57:05+00:00,,URLhaus: offline,2026-10-03T21:50:45+00:00,https://urlhaus.abuse.ch/downloads/json_recent/,Zərərli URL host-u (malware_download)
domain,fancy-rain-e484.0xwilliamortiz.workers.dev,43,low,URLhaus,1,17,2026-10-01T02:05:25+00:00,2026-10-03T21:53:59+00:00,2026-09-03 20:18:05 UTC,,URLhaus: offline,"Sat, 03 Oct 2026 21:50:45 GMT",https://urlhaus.abuse.ch/downloads/json_recent/,Zərərli URL host-u (malware_download)
domain,counterscale.jean-r-mi-larcelet-prost.workers.dev,43,low,URLhaus,1,17,2026-10-01T02:05:25+00:00,2026-10-03T21:53:59+00:00,2026-09-03 20:18:05 UTC,,URLhaus: offline,"Sat, 03 Oct 2026 21:50:45 GMT",https://urlhaus.abuse.ch/downloads/json_recent/,Zərərli URL host-u (malware_download)
domain,round-breeze-3e9d.jay-e45.workers.dev,43,low,URLhaus,1,17,2026-10-01T02:05:25+00:00,2026-10-03T21:53:59+00:00,2026-09-03 20:18:05 UTC,,URLhaus: offline,"Sat, 03 Oct 2026 21:50:45 GMT",https://urlhaus.abuse.ch/downloads/json_recent/,Zərərli URL host-u (malware_download)
domain,claude-exporter-license.nikogdanekupluslona.workers.dev,43,low,URLhaus,1,17,2026-10-01T02:05:25+00:00,2026-10-03T21:53:59+00:00,2026-09-03 20:19:05 UTC,,URLhaus: offline,"Sat, 03 Oct 2026 21:50:45 GMT",https://urlhaus.abuse.ch/downloads/json_recent/,Zərərli URL host-u (malware_download)
domain,captainx-download.captainleontian.workers.dev,43,low,URLhaus,1,17,2026-10-01T02:05:25+00:00,2026-10-03T21:53:59+00:00,2026-09-03 20:19:07 UTC,,URLhaus: offline,"Sat, 03 Oct 2026 21:50:45 GMT",https://urlhaus.abuse.ch/downloads/json_recent/,Zərərli URL host-u (malware_download)
domain,benotrobot.online,41,low,URLhaus,1,12,2026-10-01T02:05:25+00:00,2026-10-02T23:24:55+00:00,2026-09-02 05:52:06 UTC,,URLhaus: offline,"Fri, 02 Oct 2026 23:21:15 GMT",https://urlhaus.abuse.ch/downloads/json_recent/,Zərərli URL host-u (malware_download)
domain,verification-process.com,41,low,URLhaus,1,12,2026-10-01T02:05:25+00:00,2026-10-02T23:24:55+00:00,2026-09-02 05:52:20 UTC,,URLhaus: offline,"Fri, 02 Oct 2026 23:21:15 GMT",https://urlhaus.abuse.ch/downloads/json_recent/,Zərərli URL host-u (malware_download)
domain,munihuacho.gob.pe,41,low,URLhaus,1,12,2026-10-01T02:05:25+00:00,2026-10-02T23:24:55+00:00,2026-09-02T12:58:06+00:00,2026-09-02T16:02:26+00:00,URLhaus: offline,2026-10-02T23:21:15+00:00,https://urlhaus.abuse.ch/downloads/json_recent/,Zərərli URL host-u (malware_download)
domain,taskerempresascol.co,41,low,URLhaus,1,12,2026-10-01T02:05:25+00:00,2026-10-02T23:24:55+00:00,2026-09-02 16:05:10 UTC,2026-09-03 04:10:52 UTC,URLhaus: offline,"Fri, 02 Oct 2026 23:21:15 GMT",https://urlhaus.abuse.ch/downloads/json_recent/,Zərərli URL host-u (malware_download)
domain,flint-32.com,39,low,URLhaus,1,7,2026-10-01T02:05:25+00:00,2026-10-01T21:30:30+00:00,2026-09-01 05:12:06 UTC,,URLhaus: offline,"Thu, 01 Oct 2026 21:25:39 GMT",https://urlhaus.abuse.ch/downloads/json_recent/,Zərərli URL host-u (malware_download)
domain,satinmaple4.com,39,low,URLhaus,1,7,2026-10-01T02:05:25+00:00,2026-10-01T21:30:30+00:00,2026-09-01T05:12:06+00:00,,URLhaus: offline,2026-10-01T21:25:39+00:00,https://urlhaus.abuse.ch/downloads/json_recent/,Zərərli URL host-u (malware_download)
domain,pub-2731c5c84ec94bb78b02c025b7b3f6c4.r2.dev,39,low,URLhaus,1,7,2026-10-01T02:05:25+00:00,2026-10-01T21:30:30+00:00,2026-09-01 06:50:12 UTC,2026-09-03 02:52:17 UTC,URLhaus: offline,"Thu, 01 Oct 2026 21:25:39 GMT",https://urlhaus.abuse.ch/downloads/json_recent/,Zərərli URL host-u (malware_download)
domain,i.ibb.co,39,low,URLhaus,1,7,2026-10-01T02:05:25+00:00,2026-10-01T21:30:30+00:00,2026-09-01T06:50:10+00:00,2026-09-01T06:50:13+00:00,URLhaus: offline,2026-10-01T21:25:39+00:00,https://urlhaus.abuse.ch/downloads/json_recent/,Zərərli URL host-u (malware_download)
domain,www.movy.bz,39,low,URLhaus,1,7,2026-10-01T02:05:25+00:00,2026-10-01T21:30:30+00:00,2026-09-01 11:49:08 UTC,2026-09-01 11:49:08 UTC,URLhaus: offline,"Thu, 01 Oct 2026 21:25:39 GMT",https://urlhaus.abuse.ch/downloads/json_recent/,Zərərli URL host-u (malware_download)
domain,delii.icu,39,low,URLhaus,1,7,2026-10-01T02:05:25+00:00,2026-10-01T21:30:30+00:00,2026-09-01T16:02:19+00:00,2026-09-02T14:52:56+00:00,URLhaus: offline,2026-10-01T21:25:39+00:00,https://urlhaus.abuse.ch/downloads/json_recent/,Zərərli URL host-u (malware_download)
