ioc_type,value,risk_score,risk_level,sources,source_count,seen_count,collector_first_seen,collector_last_seen,source_first_seen,source_last_seen,source_status,feed_updated_at,source_url,description
sha256,6469a0c9cf735f30c9bcc5c14cb8afb760e217ebfd3810d5852c70a982850df2,74,high,MalwareBazaar,1,8,2026-10-02T19:39:32+00:00,2026-10-04T00:13:52+00:00,,,,2026-10-03 23:56:34 UTC,https://bazaar.abuse.ch/export/txt/sha256/recent/,Zərərli fayl hash-i (SHA256)
sha256,9e9d982bfaf1bef71bc6716c299070d9322fbf64bf56d069b810adf7e5a284a4,74,high,MalwareBazaar,1,8,2026-10-02T19:39:32+00:00,2026-10-04T00:13:52+00:00,,,,2026-10-03 23:56:34 UTC,https://bazaar.abuse.ch/export/txt/sha256/recent/,Zərərli fayl hash-i (SHA256)
sha256,70cd1306c176701feaf179d65f1fd7d8b4cbbf4afa664398d97fe4a8e6995b8c,74,high,MalwareBazaar,1,8,2026-10-02T19:39:32+00:00,2026-10-04T00:13:52+00:00,,,,2026-10-03 23:56:34 UTC,https://bazaar.abuse.ch/export/txt/sha256/recent/,Zərərli fayl hash-i (SHA256)
sha256,79912fbd8b35fcd959de79bf1fe1a7ee3ca0cf5dfe9c5acf584ea3e995ffc633,74,high,MalwareBazaar,1,8,2026-10-02T19:39:32+00:00,2026-10-04T00:13:52+00:00,,,,2026-10-03 23:56:34 UTC,https://bazaar.abuse.ch/export/txt/sha256/recent/,Zərərli fayl hash-i (SHA256)
sha256,65361c0bde952c00a29b74c90443dcf4db394e53442321b18b68e091df50c133,74,high,MalwareBazaar,1,8,2026-10-02T19:39:32+00:00,2026-10-04T00:13:52+00:00,,,,2026-10-03 23:56:34 UTC,https://bazaar.abuse.ch/export/txt/sha256/recent/,Zərərli fayl hash-i (SHA256)
sha256,5b96280469074f69f4805caddae054c1bdab3dd0735e7f64d79f26f745bccee3,74,high,MalwareBazaar,1,8,2026-10-02T19:39:32+00:00,2026-10-04T00:13:52+00:00,,,,2026-10-03 23:56:34 UTC,https://bazaar.abuse.ch/export/txt/sha256/recent/,Zərərli fayl hash-i (SHA256)
sha256,9b413ce82b40623cefd368d3aef81f1ade20668ee80bbcee08db542be04c0a53,74,high,MalwareBazaar,1,8,2026-10-02T19:39:32+00:00,2026-10-04T00:13:52+00:00,,,,2026-10-03 23:56:34 UTC,https://bazaar.abuse.ch/export/txt/sha256/recent/,Zərərli fayl hash-i (SHA256)
sha256,18724bc0736c8f667c7e93960240effd22a56c6c727554f81b3b244e46c0d05e,74,high,MalwareBazaar,1,8,2026-10-02T19:39:32+00:00,2026-10-04T00:13:52+00:00,,,,2026-10-03 23:56:34 UTC,https://bazaar.abuse.ch/export/txt/sha256/recent/,Zərərli fayl hash-i (SHA256)
sha256,a59a36c4703de43e3de7e7a2cc6a7cf9ba2ffb429398537358a5101757f43143,74,high,MalwareBazaar,1,8,2026-10-02T19:39:32+00:00,2026-10-04T00:13:52+00:00,,,,2026-10-03 23:56:34 UTC,https://bazaar.abuse.ch/export/txt/sha256/recent/,Zərərli fayl hash-i (SHA256)
sha256,1dbdae3ffdf83a9a72ea9e76009c610f43289851f430a8167eddab6ebce3b3d1,74,high,MalwareBazaar,1,8,2026-10-02T19:39:32+00:00,2026-10-04T00:13:52+00:00,,,,2026-10-03 23:56:34 UTC,https://bazaar.abuse.ch/export/txt/sha256/recent/,Zərərli fayl hash-i (SHA256)
sha256,d9e8402ba5df3c54a20d185c10c087b8f719b0885ff4b77f89aeae57aef32375,74,high,MalwareBazaar,1,8,2026-10-02T19:39:32+00:00,2026-10-04T00:13:52+00:00,,,,2026-10-03 23:56:34 UTC,https://bazaar.abuse.ch/export/txt/sha256/recent/,Zərərli fayl hash-i (SHA256)
sha256,38682f5f1a75f400744ea3c27f707c68e6b5448e56463495fb96c66b10cdc077,74,high,MalwareBazaar,1,8,2026-10-02T19:39:32+00:00,2026-10-04T00:13:52+00:00,,,,2026-10-03 23:56:34 UTC,https://bazaar.abuse.ch/export/txt/sha256/recent/,Zərərli fayl hash-i (SHA256)
sha256,45251b761afc2e6dcb2115d22578850869c0a16b380ed720ce563220ec45ceba,74,high,MalwareBazaar,1,8,2026-10-02T19:39:32+00:00,2026-10-04T00:13:52+00:00,,,,2026-10-03 23:56:34 UTC,https://bazaar.abuse.ch/export/txt/sha256/recent/,Zərərli fayl hash-i (SHA256)
sha256,c1fa1986e9f47abe8c9d2280802409cf4c04d9f482424880c09dcb02472acf9c,74,high,MalwareBazaar,1,8,2026-10-02T19:39:32+00:00,2026-10-04T00:13:52+00:00,,,,2026-10-03 23:56:34 UTC,https://bazaar.abuse.ch/export/txt/sha256/recent/,Zərərli fayl hash-i (SHA256)
sha256,00fe889420e084c5f2a148e025b245702777a10d1ec8063f55f2ef3feff4bad1,74,high,MalwareBazaar,1,8,2026-10-02T19:39:32+00:00,2026-10-04T00:13:52+00:00,,,,2026-10-03 23:56:34 UTC,https://bazaar.abuse.ch/export/txt/sha256/recent/,Zərərli fayl hash-i (SHA256)
sha256,689797d97d31c3893e2c8a792614262f1fa9e714d646aef46bc4a6371fa59126,74,high,MalwareBazaar,1,8,2026-10-02T19:39:32+00:00,2026-10-04T00:13:52+00:00,,,,2026-10-03 23:56:34 UTC,https://bazaar.abuse.ch/export/txt/sha256/recent/,Zərərli fayl hash-i (SHA256)
sha256,53fbd60770e4e590d1733b7936026a372a11338ce37ac42b9789d91ee4d152a2,74,high,MalwareBazaar,1,8,2026-10-02T19:39:32+00:00,2026-10-04T00:13:52+00:00,,,,2026-10-03 23:56:34 UTC,https://bazaar.abuse.ch/export/txt/sha256/recent/,Zərərli fayl hash-i (SHA256)
sha256,8251976636cabc2533add478d35fb11f8ef4bc52802f44815bf637cd1afcef61,74,high,MalwareBazaar,1,8,2026-10-02T19:39:32+00:00,2026-10-04T00:13:52+00:00,,,,2026-10-03 23:56:34 UTC,https://bazaar.abuse.ch/export/txt/sha256/recent/,Zərərli fayl hash-i (SHA256)
sha256,f83ae1033045e2b125a97215c1cd7fbb81f38af4dec9c604455219efeb5f3d29,74,high,MalwareBazaar,1,8,2026-10-02T19:39:32+00:00,2026-10-04T00:13:52+00:00,,,,2026-10-03 23:56:34 UTC,https://bazaar.abuse.ch/export/txt/sha256/recent/,Zərərli fayl hash-i (SHA256)
sha256,83ddd635e9a3931f4f98b00354db353a0a63b044e1aff955a95a333a9235d29e,74,high,MalwareBazaar,1,8,2026-10-02T19:39:32+00:00,2026-10-04T00:13:52+00:00,,,,2026-10-03 23:56:34 UTC,https://bazaar.abuse.ch/export/txt/sha256/recent/,Zərərli fayl hash-i (SHA256)
sha256,4dc0e0f94782e10be52142c441da7e9fec97ce06fcabbf3b99d21a5e25ad903a,74,high,MalwareBazaar,1,8,2026-10-02T19:39:32+00:00,2026-10-04T00:13:52+00:00,,,,2026-10-03 23:56:34 UTC,https://bazaar.abuse.ch/export/txt/sha256/recent/,Zərərli fayl hash-i (SHA256)
sha256,3c1bb0faee83b6f553549b7b94cc12e7774ca592d9ddf01462a63fe58879609c,74,high,MalwareBazaar,1,8,2026-10-02T19:39:32+00:00,2026-10-04T00:13:52+00:00,,,,2026-10-03 23:56:34 UTC,https://bazaar.abuse.ch/export/txt/sha256/recent/,Zərərli fayl hash-i (SHA256)
sha256,29a056bb652664dde097e9259b0769a2d51d0d01302d0ad19710b34bb64ee52f,74,high,MalwareBazaar,1,8,2026-10-02T19:39:32+00:00,2026-10-04T00:13:52+00:00,,,,2026-10-03 23:56:34 UTC,https://bazaar.abuse.ch/export/txt/sha256/recent/,Zərərli fayl hash-i (SHA256)
sha256,1587129eeb17ffa030ee9068b0b4ecf32d6e095e085afbfc8724b84f08e0ee4c,74,high,MalwareBazaar,1,8,2026-10-02T19:39:32+00:00,2026-10-04T00:13:52+00:00,,,,2026-10-03 23:56:34 UTC,https://bazaar.abuse.ch/export/txt/sha256/recent/,Zərərli fayl hash-i (SHA256)
sha256,89b64bd45478e53299f9c422cbba40fac3ac0712b551b85185e38203f7f984c6,74,high,MalwareBazaar,1,8,2026-10-02T19:39:32+00:00,2026-10-04T00:13:52+00:00,,,,2026-10-03 23:56:34 UTC,https://bazaar.abuse.ch/export/txt/sha256/recent/,Zərərli fayl hash-i (SHA256)
sha256,04db3fc44c81886844ef47949d7f352953a6bf1be4866be1fb3e7e12c452e3ac,74,high,MalwareBazaar,1,8,2026-10-02T19:39:32+00:00,2026-10-04T00:13:52+00:00,,,,2026-10-03 23:56:34 UTC,https://bazaar.abuse.ch/export/txt/sha256/recent/,Zərərli fayl hash-i (SHA256)
sha256,0dcac605a3a0c37001552369a6a77003226b35ddee7710b554fcd0e6809a76d1,74,high,MalwareBazaar,1,8,2026-10-02T19:39:32+00:00,2026-10-04T00:13:52+00:00,,,,2026-10-03 23:56:34 UTC,https://bazaar.abuse.ch/export/txt/sha256/recent/,Zərərli fayl hash-i (SHA256)
sha256,be5832f3993ff63a36100b2f7b89c8d385e20dd9d72876700e7ade9fb9e6d4cb,74,high,MalwareBazaar,1,8,2026-10-02T19:39:32+00:00,2026-10-04T00:13:52+00:00,,,,2026-10-03 23:56:34 UTC,https://bazaar.abuse.ch/export/txt/sha256/recent/,Zərərli fayl hash-i (SHA256)
sha256,2d2c2f6842982f7e1cb894ce915d39f2a9861009c7ecb1b90da803f2c3c608f4,74,high,MalwareBazaar,1,8,2026-10-02T19:39:32+00:00,2026-10-04T00:13:52+00:00,,,,2026-10-03 23:56:34 UTC,https://bazaar.abuse.ch/export/txt/sha256/recent/,Zərərli fayl hash-i (SHA256)
sha256,3754689fafacd2ff1c50781de2027afb1a736f9dadf48767afe560fc0f10a6f0,74,high,MalwareBazaar,1,8,2026-10-02T19:39:32+00:00,2026-10-04T00:13:52+00:00,,,,2026-10-03 23:56:34 UTC,https://bazaar.abuse.ch/export/txt/sha256/recent/,Zərərli fayl hash-i (SHA256)
sha256,75eb74ce961ec5b96cbc697ce17cbad3749cd8c143d8b53fd08df8b8a2b9b12b,74,high,MalwareBazaar,1,8,2026-10-02T19:39:32+00:00,2026-10-04T00:13:52+00:00,,,,2026-10-03 23:56:34 UTC,https://bazaar.abuse.ch/export/txt/sha256/recent/,Zərərli fayl hash-i (SHA256)
sha256,c98aee75c5e199c9b5527984ce48675d665963f7cab8ce9f2e82465de6b58727,74,high,MalwareBazaar,1,8,2026-10-02T19:39:32+00:00,2026-10-04T00:13:52+00:00,,,,2026-10-03 23:56:34 UTC,https://bazaar.abuse.ch/export/txt/sha256/recent/,Zərərli fayl hash-i (SHA256)
sha256,4c6ac7638f9b47b187ffe4be8d1afb6f86dd3cf3975f113188d22e6f532480f2,74,high,MalwareBazaar,1,8,2026-10-02T19:39:32+00:00,2026-10-04T00:13:52+00:00,,,,2026-10-03 23:56:34 UTC,https://bazaar.abuse.ch/export/txt/sha256/recent/,Zərərli fayl hash-i (SHA256)
sha256,666f2f4144c6fd2535836c224c0a50042fed583469c08e53197e2555363d4915,74,high,MalwareBazaar,1,8,2026-10-02T19:39:32+00:00,2026-10-04T00:13:52+00:00,,,,2026-10-03 23:56:34 UTC,https://bazaar.abuse.ch/export/txt/sha256/recent/,Zərərli fayl hash-i (SHA256)
sha256,53fb6a06ff5cd08cbcb1da348ba4d509192e15ab3f7013ad776e0bbcc3f81030,74,high,MalwareBazaar,1,8,2026-10-02T19:39:32+00:00,2026-10-04T00:13:52+00:00,,,,2026-10-03 23:56:34 UTC,https://bazaar.abuse.ch/export/txt/sha256/recent/,Zərərli fayl hash-i (SHA256)
sha256,7e54ecd8c09c1f9847e88287def757c95508bdbbbf683282763798a747f3ec6b,74,high,MalwareBazaar,1,8,2026-10-02T19:39:32+00:00,2026-10-04T00:13:52+00:00,,,,2026-10-03 23:56:34 UTC,https://bazaar.abuse.ch/export/txt/sha256/recent/,Zərərli fayl hash-i (SHA256)
sha256,10fde1daf6eb68bf094d1fc3ecd2bc963dc6e9bd7b2132bf3936ee2a38e1bfde,74,high,MalwareBazaar,1,8,2026-10-02T19:39:32+00:00,2026-10-04T00:13:52+00:00,,,,2026-10-03 23:56:34 UTC,https://bazaar.abuse.ch/export/txt/sha256/recent/,Zərərli fayl hash-i (SHA256)
sha256,0d4086ae9eb8db68ad8816ffb2de96e3834df0febdf2717541b90a7d4857fe40,74,high,MalwareBazaar,1,8,2026-10-02T19:39:32+00:00,2026-10-04T00:13:52+00:00,,,,2026-10-03 23:56:34 UTC,https://bazaar.abuse.ch/export/txt/sha256/recent/,Zərərli fayl hash-i (SHA256)
sha256,b491fc5049d55656e65153a22f68d44d5420f96f66fef2aa1d386db68a1b55ef,74,high,MalwareBazaar,1,8,2026-10-02T19:39:32+00:00,2026-10-04T00:13:52+00:00,,,,2026-10-03 23:56:34 UTC,https://bazaar.abuse.ch/export/txt/sha256/recent/,Zərərli fayl hash-i (SHA256)
sha256,1675f202c3f342b5d68afdb252b7983df0c716348343388d9dc004a9f739d861,74,high,MalwareBazaar,1,8,2026-10-02T19:39:32+00:00,2026-10-04T00:13:52+00:00,,,,2026-10-03 23:56:34 UTC,https://bazaar.abuse.ch/export/txt/sha256/recent/,Zərərli fayl hash-i (SHA256)
sha256,4080668495d2b5ae2796417ad1afc6fd56901476af9dba8ea7e9f80b92073bea,74,high,MalwareBazaar,1,8,2026-10-02T19:39:32+00:00,2026-10-04T00:13:52+00:00,,,,2026-10-03 23:56:34 UTC,https://bazaar.abuse.ch/export/txt/sha256/recent/,Zərərli fayl hash-i (SHA256)
sha256,166d847e20689696118ff6e17356fe5e1ae6b7581e0eebde5d0e61113a3f1e1c,74,high,MalwareBazaar,1,8,2026-10-02T19:39:32+00:00,2026-10-04T00:13:52+00:00,,,,2026-10-03 23:56:34 UTC,https://bazaar.abuse.ch/export/txt/sha256/recent/,Zərərli fayl hash-i (SHA256)
sha256,ba89fb2458a9e944389e7311eefb0c1da3e3d9032484b835c5064ae78ecfd11d,74,high,MalwareBazaar,1,8,2026-10-02T19:39:32+00:00,2026-10-04T00:13:52+00:00,,,,2026-10-03 23:56:34 UTC,https://bazaar.abuse.ch/export/txt/sha256/recent/,Zərərli fayl hash-i (SHA256)
sha256,268c5f9349a3db7eb8bfcf7edadbcf8350f4683439edac77426baffbc7f10422,74,high,MalwareBazaar,1,8,2026-10-02T19:39:32+00:00,2026-10-04T00:13:52+00:00,,,,2026-10-03 23:56:34 UTC,https://bazaar.abuse.ch/export/txt/sha256/recent/,Zərərli fayl hash-i (SHA256)
sha256,35c6fa31bcf17ac8694064fafd8ce0978ca10c439223a76df03efcbdd12a6f43,74,high,MalwareBazaar,1,8,2026-10-02T19:39:32+00:00,2026-10-04T00:13:52+00:00,,,,2026-10-03 23:56:34 UTC,https://bazaar.abuse.ch/export/txt/sha256/recent/,Zərərli fayl hash-i (SHA256)
sha256,4dba360095973d183c75708f58e1e065903f41c7cad4e5a4fe076cb4e26055f8,74,high,MalwareBazaar,1,8,2026-10-02T19:39:32+00:00,2026-10-04T00:13:52+00:00,,,,2026-10-03 23:56:34 UTC,https://bazaar.abuse.ch/export/txt/sha256/recent/,Zərərli fayl hash-i (SHA256)
sha256,64d8f97bbbb1cfe1dde092d03baf0778385b16c441dafe2f758d50602cd00209,74,high,MalwareBazaar,1,8,2026-10-02T19:39:32+00:00,2026-10-04T00:13:52+00:00,,,,2026-10-03 23:56:34 UTC,https://bazaar.abuse.ch/export/txt/sha256/recent/,Zərərli fayl hash-i (SHA256)
sha256,b8c25f4cb6f3319e0c6e80ae637eb1a84529a2267e308a7d1f7aa5f608d95ae6,74,high,MalwareBazaar,1,8,2026-10-02T19:39:32+00:00,2026-10-04T00:13:52+00:00,,,,2026-10-03 23:56:34 UTC,https://bazaar.abuse.ch/export/txt/sha256/recent/,Zərərli fayl hash-i (SHA256)
sha256,22601e821923b9ea15baf36374f4d9f425d445d75b75ff87d68345786dcdfe37,74,high,MalwareBazaar,1,8,2026-10-02T19:39:32+00:00,2026-10-04T00:13:52+00:00,,,,2026-10-03 23:56:34 UTC,https://bazaar.abuse.ch/export/txt/sha256/recent/,Zərərli fayl hash-i (SHA256)
sha256,ef378a3980a058fa5ea9babd47e2c6b74e7b5e99af08181ae5610e28fb62bd00,74,high,MalwareBazaar,1,8,2026-10-02T19:39:32+00:00,2026-10-04T00:13:52+00:00,,,,2026-10-03 23:56:34 UTC,https://bazaar.abuse.ch/export/txt/sha256/recent/,Zərərli fayl hash-i (SHA256)
sha256,f2fcc2c65878afe01688efe9183a3f30cb13e5a5c822c470412b880a881ba34f,74,high,MalwareBazaar,1,8,2026-10-02T19:39:32+00:00,2026-10-04T00:13:52+00:00,,,,2026-10-03 23:56:34 UTC,https://bazaar.abuse.ch/export/txt/sha256/recent/,Zərərli fayl hash-i (SHA256)
sha256,46c8c93cfd8877e0c60d09070148991e90416c64209929cd7fd4d8e8096c7140,74,high,MalwareBazaar,1,8,2026-10-02T19:39:32+00:00,2026-10-04T00:13:52+00:00,,,,2026-10-03 23:56:34 UTC,https://bazaar.abuse.ch/export/txt/sha256/recent/,Zərərli fayl hash-i (SHA256)
sha256,80157990c0b439bfb966edb608065d6bb488bd00d7616966eeb956c8340d57c3,74,high,MalwareBazaar,1,8,2026-10-02T19:39:32+00:00,2026-10-04T00:13:52+00:00,,,,2026-10-03 23:56:34 UTC,https://bazaar.abuse.ch/export/txt/sha256/recent/,Zərərli fayl hash-i (SHA256)
sha256,eb5c49ad43e0a483bae757c3584c89bfd8ad12487d19037866669e5983de4458,74,high,MalwareBazaar,1,8,2026-10-02T19:39:32+00:00,2026-10-04T00:13:52+00:00,,,,2026-10-03 23:56:34 UTC,https://bazaar.abuse.ch/export/txt/sha256/recent/,Zərərli fayl hash-i (SHA256)
sha256,24ed5f65114cd2aca1e14d0b5c531710dfbb8c692e7200dfc3c5b00593b1627d,74,high,MalwareBazaar,1,8,2026-10-02T19:39:32+00:00,2026-10-04T00:13:52+00:00,,,,2026-10-03 23:56:34 UTC,https://bazaar.abuse.ch/export/txt/sha256/recent/,Zərərli fayl hash-i (SHA256)
sha256,bdc60033bd7204481864d95b0182211902ea87f8fd9d3c50cc6dacd98beb0d7e,74,high,MalwareBazaar,1,8,2026-10-02T19:39:32+00:00,2026-10-04T00:13:52+00:00,,,,2026-10-03 23:56:34 UTC,https://bazaar.abuse.ch/export/txt/sha256/recent/,Zərərli fayl hash-i (SHA256)
sha256,fd05f8921a805175caf9373d3651ea05d62b01b8ef9ad9cba1a59618336f2cd5,74,high,MalwareBazaar,1,8,2026-10-02T19:39:32+00:00,2026-10-04T00:13:52+00:00,,,,2026-10-03 23:56:34 UTC,https://bazaar.abuse.ch/export/txt/sha256/recent/,Zərərli fayl hash-i (SHA256)
sha256,30296d1e0bdb9a7a611ea84851891195c1169883d6bb814b618456bd669405df,74,high,MalwareBazaar,1,8,2026-10-02T19:39:32+00:00,2026-10-04T00:13:52+00:00,,,,2026-10-03 23:56:34 UTC,https://bazaar.abuse.ch/export/txt/sha256/recent/,Zərərli fayl hash-i (SHA256)
sha256,0863b2073c593d6ab53c55dac725600822b277c5595a41d322caf2beffbb12ad,74,high,MalwareBazaar,1,8,2026-10-02T19:39:32+00:00,2026-10-04T00:13:52+00:00,,,,2026-10-03 23:56:34 UTC,https://bazaar.abuse.ch/export/txt/sha256/recent/,Zərərli fayl hash-i (SHA256)
sha256,6ac99b22aa71b9718d309f1509b28e85c5fe63de10021838dc278cded767f9e8,74,high,MalwareBazaar,1,8,2026-10-02T19:39:32+00:00,2026-10-04T00:13:52+00:00,,,,2026-10-03 23:56:34 UTC,https://bazaar.abuse.ch/export/txt/sha256/recent/,Zərərli fayl hash-i (SHA256)
sha256,0ea55ac1344926c9d06d8eaddc5a9fdda22a6f6df6580970cf69b370f0cb5965,74,high,MalwareBazaar,1,8,2026-10-02T19:39:32+00:00,2026-10-04T00:13:52+00:00,,,,2026-10-03 23:56:34 UTC,https://bazaar.abuse.ch/export/txt/sha256/recent/,Zərərli fayl hash-i (SHA256)
sha256,592e7b8b2f5229b8d132f9d6a38dc992ff16bc1dd0dc4de9cce280759e5043d1,74,high,MalwareBazaar,1,8,2026-10-02T19:39:32+00:00,2026-10-04T00:13:52+00:00,,,,2026-10-03 23:56:34 UTC,https://bazaar.abuse.ch/export/txt/sha256/recent/,Zərərli fayl hash-i (SHA256)
sha256,d40380aa5b55f52beca60849bcb9bea8293ba0a99bc222777be4464acb248957,74,high,MalwareBazaar,1,8,2026-10-02T19:39:32+00:00,2026-10-04T00:13:52+00:00,,,,2026-10-03 23:56:34 UTC,https://bazaar.abuse.ch/export/txt/sha256/recent/,Zərərli fayl hash-i (SHA256)
sha256,7a4432b5712258fe21392aaa5f336b8330c4ab86592829c0a5e5a24ba763c0b4,74,high,MalwareBazaar,1,8,2026-10-02T19:39:32+00:00,2026-10-04T00:13:52+00:00,,,,2026-10-03 23:56:34 UTC,https://bazaar.abuse.ch/export/txt/sha256/recent/,Zərərli fayl hash-i (SHA256)
sha256,17deba3801f33d8ca9b614158e2d143b0f060e82de864a513c5ada69b8ee1b7a,74,high,MalwareBazaar,1,8,2026-10-02T19:39:32+00:00,2026-10-04T00:13:52+00:00,,,,2026-10-03 23:56:34 UTC,https://bazaar.abuse.ch/export/txt/sha256/recent/,Zərərli fayl hash-i (SHA256)
sha256,763bec3aec6c67ecca5732b383d46f69b2f291ff71f14868327cfbd37e7586b2,74,high,MalwareBazaar,1,8,2026-10-02T19:39:32+00:00,2026-10-04T00:13:52+00:00,,,,2026-10-03 23:56:34 UTC,https://bazaar.abuse.ch/export/txt/sha256/recent/,Zərərli fayl hash-i (SHA256)
sha256,ce6ab6035f67e3df3243a528d6ad565ce5c83e4d27c8bc52f1580484c1b5c334,74,high,MalwareBazaar,1,8,2026-10-02T19:39:32+00:00,2026-10-04T00:13:52+00:00,,,,2026-10-03 23:56:34 UTC,https://bazaar.abuse.ch/export/txt/sha256/recent/,Zərərli fayl hash-i (SHA256)
sha256,5ac77171a926553077fc244c88cce1ec5a4d779e538f573986a9c3a9a683c67f,74,high,MalwareBazaar,1,8,2026-10-02T19:39:32+00:00,2026-10-04T00:13:52+00:00,,,,2026-10-03 23:56:34 UTC,https://bazaar.abuse.ch/export/txt/sha256/recent/,Zərərli fayl hash-i (SHA256)
sha256,c5a8f68b822c5b04817ecfb7709b4573eeb54ae1e4d003d94458bfef46bfcb6f,74,high,MalwareBazaar,1,8,2026-10-02T19:39:32+00:00,2026-10-04T00:13:52+00:00,,,,2026-10-03 23:56:34 UTC,https://bazaar.abuse.ch/export/txt/sha256/recent/,Zərərli fayl hash-i (SHA256)
sha256,2dad21e7be37b5d820f5298f0d602f745444ee8d5eda64357ac90782de2c04ae,74,high,MalwareBazaar,1,8,2026-10-02T19:39:32+00:00,2026-10-04T00:13:52+00:00,,,,2026-10-03 23:56:34 UTC,https://bazaar.abuse.ch/export/txt/sha256/recent/,Zərərli fayl hash-i (SHA256)
sha256,81327c2548c03607394cfe7a58fe31a8754adc012bfedb997ff2e0e1a09f16b0,74,high,MalwareBazaar,1,8,2026-10-02T19:39:32+00:00,2026-10-04T00:13:52+00:00,,,,2026-10-03 23:56:34 UTC,https://bazaar.abuse.ch/export/txt/sha256/recent/,Zərərli fayl hash-i (SHA256)
sha256,a92ed03a5a1c3933ba148caf2b79474ec166c5fdf9bb714a5541aa3d3b504286,74,high,MalwareBazaar,1,8,2026-10-02T19:39:32+00:00,2026-10-04T00:13:52+00:00,,,,2026-10-03 23:56:34 UTC,https://bazaar.abuse.ch/export/txt/sha256/recent/,Zərərli fayl hash-i (SHA256)
sha256,527be178002d858b9ae1f6a50ab52d45f9cc88a46b4c187fb497ef996bfd55a0,74,high,MalwareBazaar,1,8,2026-10-02T19:39:32+00:00,2026-10-04T00:13:52+00:00,,,,2026-10-03 23:56:34 UTC,https://bazaar.abuse.ch/export/txt/sha256/recent/,Zərərli fayl hash-i (SHA256)
sha256,f96a17c1c34fdf3e0f7a645f17f5ce553140dfe1ed7cf4fdba1caf091227682c,74,high,MalwareBazaar,1,8,2026-10-02T19:39:32+00:00,2026-10-04T00:13:52+00:00,,,,2026-10-03 23:56:34 UTC,https://bazaar.abuse.ch/export/txt/sha256/recent/,Zərərli fayl hash-i (SHA256)
sha256,047136bbb2772594aaa5b28fcb4f5d7e9b46f80f9f324592261716ca3f6b0a6b,74,high,MalwareBazaar,1,8,2026-10-02T19:39:32+00:00,2026-10-04T00:13:52+00:00,,,,2026-10-03 23:56:34 UTC,https://bazaar.abuse.ch/export/txt/sha256/recent/,Zərərli fayl hash-i (SHA256)
sha256,841160ef74f17c221a141bdeb4e11cf1cbc92d8473078f1a2523d204b721c546,74,high,MalwareBazaar,1,8,2026-10-02T19:39:32+00:00,2026-10-04T00:13:52+00:00,,,,2026-10-03 23:56:34 UTC,https://bazaar.abuse.ch/export/txt/sha256/recent/,Zərərli fayl hash-i (SHA256)
sha256,757b62bf2df4c4913aadbbfa0316fe33d4bfce450f255357efd446af030b412b,74,high,MalwareBazaar,1,8,2026-10-02T19:39:32+00:00,2026-10-04T00:13:52+00:00,,,,2026-10-03 23:56:34 UTC,https://bazaar.abuse.ch/export/txt/sha256/recent/,Zərərli fayl hash-i (SHA256)
sha256,04d3aefbcb6d2097f66a3ec053a2b17cb1af298a215f6299f691aae88992acd9,74,high,MalwareBazaar,1,8,2026-10-02T19:39:32+00:00,2026-10-04T00:13:52+00:00,,,,2026-10-03 23:56:34 UTC,https://bazaar.abuse.ch/export/txt/sha256/recent/,Zərərli fayl hash-i (SHA256)
sha256,873f978003b2aafd389abe461197a730223a5b3bf48e86145f8f76216550a507,74,high,MalwareBazaar,1,9,2026-10-02T14:17:54+00:00,2026-10-04T00:13:52+00:00,,,,2026-10-03 23:56:34 UTC,https://bazaar.abuse.ch/export/txt/sha256/recent/,Zərərli fayl hash-i (SHA256)
sha256,c8d90a20bf1289f7bc270c6fe164d46e1c3fae0a28a4b11a51f8738a39bb1314,74,high,MalwareBazaar,1,9,2026-10-02T14:17:54+00:00,2026-10-04T00:13:52+00:00,,,,2026-10-03 23:56:34 UTC,https://bazaar.abuse.ch/export/txt/sha256/recent/,Zərərli fayl hash-i (SHA256)
sha256,5e70c3a80154756f47762a6f2afae31fc7d3a4a03e59b26edaee094d857fd95a,74,high,MalwareBazaar,1,9,2026-10-02T14:17:54+00:00,2026-10-04T00:13:52+00:00,,,,2026-10-03 23:56:34 UTC,https://bazaar.abuse.ch/export/txt/sha256/recent/,Zərərli fayl hash-i (SHA256)
sha256,98af0b13d4ff6fac233171b7cfe1a86abd3e20759295a88c5fa0ad64661a3cb4,74,high,MalwareBazaar,1,9,2026-10-02T14:17:54+00:00,2026-10-04T00:13:52+00:00,,,,2026-10-03 23:56:34 UTC,https://bazaar.abuse.ch/export/txt/sha256/recent/,Zərərli fayl hash-i (SHA256)
sha256,beffc2ba67c460d84527c09f70e05f9ea79f0463e7ad0256dfade62b8335e8b5,74,high,MalwareBazaar,1,9,2026-10-02T14:17:54+00:00,2026-10-04T00:13:52+00:00,,,,2026-10-03 23:56:34 UTC,https://bazaar.abuse.ch/export/txt/sha256/recent/,Zərərli fayl hash-i (SHA256)
sha256,27ae3159b8da864cab010d28145efdea472dde225a3454993b9dc0e85bd5dbb0,74,high,MalwareBazaar,1,9,2026-10-02T14:17:54+00:00,2026-10-04T00:13:52+00:00,,,,2026-10-03 23:56:34 UTC,https://bazaar.abuse.ch/export/txt/sha256/recent/,Zərərli fayl hash-i (SHA256)
sha256,a248d1269b6515dd39d0f3891d59d2aff1faf0ea3a568617b92a09036499e5ff,74,high,MalwareBazaar,1,9,2026-10-02T14:17:54+00:00,2026-10-04T00:13:52+00:00,,,,2026-10-03 23:56:34 UTC,https://bazaar.abuse.ch/export/txt/sha256/recent/,Zərərli fayl hash-i (SHA256)
sha256,4fa2e2914963ed78db1ab3bbb3870de5c50027eb7d035e74ce86fccd2fca339b,74,high,MalwareBazaar,1,9,2026-10-02T14:17:54+00:00,2026-10-04T00:13:52+00:00,,,,2026-10-03 23:56:34 UTC,https://bazaar.abuse.ch/export/txt/sha256/recent/,Zərərli fayl hash-i (SHA256)
sha256,9faba65bf3acb83d01010b327b631b293052b760dc3e3f6b837b387581ec89df,74,high,MalwareBazaar,1,9,2026-10-02T14:17:54+00:00,2026-10-04T00:13:52+00:00,,,,2026-10-03 23:56:34 UTC,https://bazaar.abuse.ch/export/txt/sha256/recent/,Zərərli fayl hash-i (SHA256)
sha256,3181508a22cff05c76b202edf8ff58141cd6e9e551233d16b86bbfdf3d4ed48e,74,high,MalwareBazaar,1,9,2026-10-02T14:17:54+00:00,2026-10-04T00:13:52+00:00,,,,2026-10-03 23:56:34 UTC,https://bazaar.abuse.ch/export/txt/sha256/recent/,Zərərli fayl hash-i (SHA256)
sha256,360b7836ce6a6babb4ca557c26ff793f0301ee48286236ada17a1ccbfc2177c5,74,high,MalwareBazaar,1,9,2026-10-02T14:17:54+00:00,2026-10-04T00:13:52+00:00,,,,2026-10-03 23:56:34 UTC,https://bazaar.abuse.ch/export/txt/sha256/recent/,Zərərli fayl hash-i (SHA256)
sha256,7ea30f505101a5178e51f619bcf0fe27d9ebdcc2f26b6f7d4d3b68bd66107d21,74,high,MalwareBazaar,1,9,2026-10-02T14:17:54+00:00,2026-10-04T00:13:52+00:00,,,,2026-10-03 23:56:34 UTC,https://bazaar.abuse.ch/export/txt/sha256/recent/,Zərərli fayl hash-i (SHA256)
sha256,db15a159ffa5f570bd280069208761d0aa1261bb409a5a9abc84fdc88d6ce80e,74,high,MalwareBazaar,1,9,2026-10-02T14:17:54+00:00,2026-10-04T00:13:52+00:00,,,,2026-10-03 23:56:34 UTC,https://bazaar.abuse.ch/export/txt/sha256/recent/,Zərərli fayl hash-i (SHA256)
sha256,ceb2f87c77c15df3f39436c65f844260131324b04d221ff388ceb3c4cafa4838,74,high,MalwareBazaar,1,9,2026-10-02T14:17:54+00:00,2026-10-04T00:13:52+00:00,,,,2026-10-03 23:56:34 UTC,https://bazaar.abuse.ch/export/txt/sha256/recent/,Zərərli fayl hash-i (SHA256)
sha256,9c7bf01d2c2cb31a3609d27c1bc9abc60d86e37b7f9908547e0c75fb18b99aab,74,high,MalwareBazaar,1,9,2026-10-02T14:17:54+00:00,2026-10-04T00:13:52+00:00,,,,2026-10-03 23:56:34 UTC,https://bazaar.abuse.ch/export/txt/sha256/recent/,Zərərli fayl hash-i (SHA256)
sha256,927c7fbef2e620c1ce482c3ed67ebf53da97693c1d6c7552c77aec84ba982cf8,74,high,MalwareBazaar,1,9,2026-10-02T14:17:54+00:00,2026-10-04T00:13:52+00:00,,,,2026-10-03 23:56:34 UTC,https://bazaar.abuse.ch/export/txt/sha256/recent/,Zərərli fayl hash-i (SHA256)
sha256,73b74309f4728d169cc9edfb2767c5aadd75d39b62de93c935a86c777d2646bc,74,high,MalwareBazaar,1,9,2026-10-02T14:17:54+00:00,2026-10-04T00:13:52+00:00,,,,2026-10-03 23:56:34 UTC,https://bazaar.abuse.ch/export/txt/sha256/recent/,Zərərli fayl hash-i (SHA256)
sha256,57f9f30c50240fd48d761de7961a430cdebf2c084a36bc76d376a1ce8e6dfa9d,74,high,MalwareBazaar,1,9,2026-10-02T14:17:54+00:00,2026-10-04T00:13:52+00:00,,,,2026-10-03 23:56:34 UTC,https://bazaar.abuse.ch/export/txt/sha256/recent/,Zərərli fayl hash-i (SHA256)
sha256,a02e305139e8a68be11e13de1f8bbdea00e6881020e33843a70db93cd0160404,74,high,MalwareBazaar,1,9,2026-10-02T14:17:54+00:00,2026-10-04T00:13:52+00:00,,,,2026-10-03 23:56:34 UTC,https://bazaar.abuse.ch/export/txt/sha256/recent/,Zərərli fayl hash-i (SHA256)
sha256,6ef1c0db3998edce49c24f4251cc49bd96d7267d7dd57364f050a5823745058b,74,high,MalwareBazaar,1,9,2026-10-02T14:17:54+00:00,2026-10-04T00:13:52+00:00,,,,2026-10-03 23:56:34 UTC,https://bazaar.abuse.ch/export/txt/sha256/recent/,Zərərli fayl hash-i (SHA256)
sha256,220940a9debf6cd95f9eccb6fa28d457a6c2c9387d8e9d0b080e19a1a43aa754,74,high,MalwareBazaar,1,9,2026-10-02T14:17:54+00:00,2026-10-04T00:13:52+00:00,,,,2026-10-03 23:56:34 UTC,https://bazaar.abuse.ch/export/txt/sha256/recent/,Zərərli fayl hash-i (SHA256)
sha256,7add390ceee4a1373211b3e340451b34f08965fc4d805f94c9b8cebdc0775774,74,high,MalwareBazaar,1,9,2026-10-02T14:17:54+00:00,2026-10-04T00:13:52+00:00,,,,2026-10-03 23:56:34 UTC,https://bazaar.abuse.ch/export/txt/sha256/recent/,Zərərli fayl hash-i (SHA256)
sha256,5ea5ea61e9062822bee3f66ef5ff47c217178d9e31936ad6daf10c5dfae44d12,74,high,MalwareBazaar,1,9,2026-10-02T14:17:54+00:00,2026-10-04T00:13:52+00:00,,,,2026-10-03 23:56:34 UTC,https://bazaar.abuse.ch/export/txt/sha256/recent/,Zərərli fayl hash-i (SHA256)
sha256,1d79ab0c2d0183fcfa2772b008c4f146ec0c83000865a1bb2be2c8209d0abb88,74,high,MalwareBazaar,1,9,2026-10-02T14:17:54+00:00,2026-10-04T00:13:52+00:00,,,,2026-10-03 23:56:34 UTC,https://bazaar.abuse.ch/export/txt/sha256/recent/,Zərərli fayl hash-i (SHA256)
sha256,a690ceebefc4ed804fe3217a25b4ed94786d58d7ee4024f36887aa620ba793be,74,high,MalwareBazaar,1,9,2026-10-02T14:17:54+00:00,2026-10-04T00:13:52+00:00,,,,2026-10-03 23:56:34 UTC,https://bazaar.abuse.ch/export/txt/sha256/recent/,Zərərli fayl hash-i (SHA256)
sha256,d3b6c64efadcc722d1feabb677f0e11001901e97f0be35c8fe12731a6dc0ab70,74,high,MalwareBazaar,1,9,2026-10-02T14:17:54+00:00,2026-10-04T00:13:52+00:00,,,,2026-10-03 23:56:34 UTC,https://bazaar.abuse.ch/export/txt/sha256/recent/,Zərərli fayl hash-i (SHA256)
sha256,9121ef0f2d7b2cc3c887420ecb1eae214db9cb780433d11565ab8c98a6ad99ec,74,high,MalwareBazaar,1,9,2026-10-02T14:17:54+00:00,2026-10-04T00:13:52+00:00,,,,2026-10-03 23:56:34 UTC,https://bazaar.abuse.ch/export/txt/sha256/recent/,Zərərli fayl hash-i (SHA256)
sha256,f43139ef9d88ede77a4bc9b2d44eb442665d3da256077e76dab4b610d664b3ad,74,high,MalwareBazaar,1,9,2026-10-02T14:17:54+00:00,2026-10-04T00:13:52+00:00,,,,2026-10-03 23:56:34 UTC,https://bazaar.abuse.ch/export/txt/sha256/recent/,Zərərli fayl hash-i (SHA256)
sha256,47d8a0b88390349bec539db0e4323bea1e56f9afcbf5a847a0cc82e63ce55ec9,74,high,MalwareBazaar,1,9,2026-10-02T14:17:54+00:00,2026-10-04T00:13:52+00:00,,,,2026-10-03 23:56:34 UTC,https://bazaar.abuse.ch/export/txt/sha256/recent/,Zərərli fayl hash-i (SHA256)
sha256,feb434b0754a004e6080c1d427a149165bc460edf918ce749f3ae413c6a45b20,74,high,MalwareBazaar,1,9,2026-10-02T14:17:54+00:00,2026-10-04T00:13:52+00:00,,,,2026-10-03 23:56:34 UTC,https://bazaar.abuse.ch/export/txt/sha256/recent/,Zərərli fayl hash-i (SHA256)
sha256,86a88534fd8eeafa587baee15d29a58cc290dcd4ccd43d87c3903c3ebd1c1bcb,74,high,MalwareBazaar,1,9,2026-10-02T14:17:54+00:00,2026-10-04T00:13:52+00:00,,,,2026-10-03 23:56:34 UTC,https://bazaar.abuse.ch/export/txt/sha256/recent/,Zərərli fayl hash-i (SHA256)
sha256,f9fc7339fe8db0e0fa7feb20403a274692f3e51cebfade3d8647b16a33b7bd8c,74,high,MalwareBazaar,1,9,2026-10-02T14:17:54+00:00,2026-10-04T00:13:52+00:00,,,,2026-10-03 23:56:34 UTC,https://bazaar.abuse.ch/export/txt/sha256/recent/,Zərərli fayl hash-i (SHA256)
sha256,0345370e70311cfab06adb18c67785c3f8377f35a66b54d0619d620434165373,74,high,MalwareBazaar,1,9,2026-10-02T14:17:54+00:00,2026-10-04T00:13:52+00:00,,,,2026-10-03 23:56:34 UTC,https://bazaar.abuse.ch/export/txt/sha256/recent/,Zərərli fayl hash-i (SHA256)
sha256,148649970ff9237136b4456bf729afe4c8986a6e705f99752d2a8081dc05c27b,74,high,MalwareBazaar,1,9,2026-10-02T14:17:54+00:00,2026-10-04T00:13:52+00:00,,,,2026-10-03 23:56:34 UTC,https://bazaar.abuse.ch/export/txt/sha256/recent/,Zərərli fayl hash-i (SHA256)
sha256,666f328c34980f0b43c0181c078a909bbdfe7e8cc1efa6c2acf2b1c0778e661d,74,high,MalwareBazaar,1,9,2026-10-02T14:17:54+00:00,2026-10-04T00:13:52+00:00,,,,2026-10-03 23:56:34 UTC,https://bazaar.abuse.ch/export/txt/sha256/recent/,Zərərli fayl hash-i (SHA256)
sha256,411cdaa8949f4f77502d5ffb28c5ecd854b27b10ac73c2e1009a0a81b08a33c9,74,high,MalwareBazaar,1,9,2026-10-02T14:17:54+00:00,2026-10-04T00:13:52+00:00,,,,2026-10-03 23:56:34 UTC,https://bazaar.abuse.ch/export/txt/sha256/recent/,Zərərli fayl hash-i (SHA256)
sha256,9f9cf9f9cd616f2ba11d213188721d3f18808dfcb56ccb017842d34fd9bcce3d,74,high,MalwareBazaar,1,9,2026-10-02T14:17:54+00:00,2026-10-04T00:13:52+00:00,,,,2026-10-03 23:56:34 UTC,https://bazaar.abuse.ch/export/txt/sha256/recent/,Zərərli fayl hash-i (SHA256)
sha256,07283c6791efd28cba1a3b67d3741488099fdd08e0afd6a1f185cf6157a18b02,74,high,MalwareBazaar,1,9,2026-10-02T14:17:54+00:00,2026-10-04T00:13:52+00:00,,,,2026-10-03 23:56:34 UTC,https://bazaar.abuse.ch/export/txt/sha256/recent/,Zərərli fayl hash-i (SHA256)
sha256,1dfa0aa6156e456259d0dc960b76f7c20549da845a6b3452d9cd93a53684065b,74,high,MalwareBazaar,1,9,2026-10-02T14:17:54+00:00,2026-10-04T00:13:52+00:00,,,,2026-10-03 23:56:34 UTC,https://bazaar.abuse.ch/export/txt/sha256/recent/,Zərərli fayl hash-i (SHA256)
sha256,bc95ba9c18b4a42ef16cd467844465c1cac9d3ede338f4b0c63bc8b30fdfc360,74,high,MalwareBazaar,1,9,2026-10-02T14:17:54+00:00,2026-10-04T00:13:52+00:00,,,,2026-10-03 23:56:34 UTC,https://bazaar.abuse.ch/export/txt/sha256/recent/,Zərərli fayl hash-i (SHA256)
sha256,35a28614707a93129f795deea70773caa1e633b0ada7ed7515d10247a5603fd3,74,high,MalwareBazaar,1,9,2026-10-02T14:17:54+00:00,2026-10-04T00:13:52+00:00,,,,2026-10-03 23:56:34 UTC,https://bazaar.abuse.ch/export/txt/sha256/recent/,Zərərli fayl hash-i (SHA256)
sha256,87a52c46f1cd13cebba5d45c6a793f96b311514fd41ba70051bb3fb1c1dd6bbb,74,high,MalwareBazaar,1,9,2026-10-02T14:17:54+00:00,2026-10-04T00:13:52+00:00,,,,2026-10-03 23:56:34 UTC,https://bazaar.abuse.ch/export/txt/sha256/recent/,Zərərli fayl hash-i (SHA256)
sha256,c45c3b9d40fb91eba3af49dc3c31dd5664ff0f3a2043d43a751092361060bfad,74,high,MalwareBazaar,1,9,2026-10-02T14:17:54+00:00,2026-10-04T00:13:52+00:00,,,,2026-10-03 23:56:34 UTC,https://bazaar.abuse.ch/export/txt/sha256/recent/,Zərərli fayl hash-i (SHA256)
sha256,63321795229d952d502cd3f112d4ddee470d1fe09e112935a57f4fa4f041f8d6,74,high,MalwareBazaar,1,9,2026-10-02T14:17:54+00:00,2026-10-04T00:13:52+00:00,,,,2026-10-03 23:56:34 UTC,https://bazaar.abuse.ch/export/txt/sha256/recent/,Zərərli fayl hash-i (SHA256)
sha256,8a7bbc4d2c36df86b080eee0900dc54d4c51eaca374351735b297d85a56a1e88,74,high,MalwareBazaar,1,9,2026-10-02T14:17:54+00:00,2026-10-04T00:13:52+00:00,,,,2026-10-03 23:56:34 UTC,https://bazaar.abuse.ch/export/txt/sha256/recent/,Zərərli fayl hash-i (SHA256)
sha256,5a73b0105f0c7ebf25d5d8519b7e203bfa55758058129b7a2770fac2c0663e3f,74,high,MalwareBazaar,1,9,2026-10-02T14:17:54+00:00,2026-10-04T00:13:52+00:00,,,,2026-10-03 23:56:34 UTC,https://bazaar.abuse.ch/export/txt/sha256/recent/,Zərərli fayl hash-i (SHA256)
sha256,753402745f877d5575523e52163f33a9dcf4958728a9251c9a39556bbfa5d85e,74,high,MalwareBazaar,1,9,2026-10-02T14:17:54+00:00,2026-10-04T00:13:52+00:00,,,,2026-10-03 23:56:34 UTC,https://bazaar.abuse.ch/export/txt/sha256/recent/,Zərərli fayl hash-i (SHA256)
sha256,32bd9d38455f4f7a939fce66e53dcada8a488e42e28755f4cdf96125b80b9f8c,74,high,MalwareBazaar,1,9,2026-10-02T14:17:54+00:00,2026-10-04T00:13:52+00:00,,,,2026-10-03 23:56:34 UTC,https://bazaar.abuse.ch/export/txt/sha256/recent/,Zərərli fayl hash-i (SHA256)
sha256,dd1e315f4f3e71b52a44fecccf3fd8b81705675dc5381db7aa5253f7549cc1ff,74,high,MalwareBazaar,1,9,2026-10-02T14:17:54+00:00,2026-10-04T00:13:52+00:00,,,,2026-10-03 23:56:34 UTC,https://bazaar.abuse.ch/export/txt/sha256/recent/,Zərərli fayl hash-i (SHA256)
sha256,496e9cba913e2bf5a44e973588ed07fa7be643c25b9d648f8ad11cf313389fd5,74,high,MalwareBazaar,1,9,2026-10-02T14:17:54+00:00,2026-10-04T00:13:52+00:00,,,,2026-10-03 23:56:34 UTC,https://bazaar.abuse.ch/export/txt/sha256/recent/,Zərərli fayl hash-i (SHA256)
sha256,0b237141ae46a1fc4bca3139fc3eb5ce84f912c081305de68ad71da5efcd0561,74,high,MalwareBazaar,1,9,2026-10-02T14:17:54+00:00,2026-10-04T00:13:52+00:00,,,,2026-10-03 23:56:34 UTC,https://bazaar.abuse.ch/export/txt/sha256/recent/,Zərərli fayl hash-i (SHA256)
sha256,a555f3638c53592b3789df8a4cd03a225a2fb707cdde646887678dcbbbfa723f,74,high,MalwareBazaar,1,9,2026-10-02T14:17:54+00:00,2026-10-04T00:13:52+00:00,,,,2026-10-03 23:56:34 UTC,https://bazaar.abuse.ch/export/txt/sha256/recent/,Zərərli fayl hash-i (SHA256)
sha256,4e351a3b911e9e80fbb8dbebe88128a4930ce1037d390e9bee88611499d85666,74,high,MalwareBazaar,1,9,2026-10-02T14:17:54+00:00,2026-10-04T00:13:52+00:00,,,,2026-10-03 23:56:34 UTC,https://bazaar.abuse.ch/export/txt/sha256/recent/,Zərərli fayl hash-i (SHA256)
sha256,93e46b15396ef0cabb44fe145b4168922ee56452ef702488ffbeb2a5e1c0d79e,74,high,MalwareBazaar,1,9,2026-10-02T14:17:54+00:00,2026-10-04T00:13:52+00:00,,,,2026-10-03 23:56:34 UTC,https://bazaar.abuse.ch/export/txt/sha256/recent/,Zərərli fayl hash-i (SHA256)
sha256,ddb3a8c2556961f8549dea60181e57081e10a017c4afb93f485fee017b3cf578,74,high,MalwareBazaar,1,9,2026-10-02T14:17:54+00:00,2026-10-04T00:13:52+00:00,,,,2026-10-03 23:56:34 UTC,https://bazaar.abuse.ch/export/txt/sha256/recent/,Zərərli fayl hash-i (SHA256)
sha256,2a5c14e79a8677ff7d0d0b039ebb3d12be8976d97a5d5f43dc31a443e509b2c8,74,high,MalwareBazaar,1,9,2026-10-02T14:17:54+00:00,2026-10-04T00:13:52+00:00,,,,2026-10-03 23:56:34 UTC,https://bazaar.abuse.ch/export/txt/sha256/recent/,Zərərli fayl hash-i (SHA256)
sha256,58c753e3a755b079f284207f99cc27ce4a5a382d82eabebedd006d41c1538738,74,high,MalwareBazaar,1,9,2026-10-02T14:17:54+00:00,2026-10-04T00:13:52+00:00,,,,2026-10-03 23:56:34 UTC,https://bazaar.abuse.ch/export/txt/sha256/recent/,Zərərli fayl hash-i (SHA256)
sha256,5ec36b2d19ce3ac66f9f664d3b9b9ca21b38ecdf683cc21d76e7b1fa4e58e0ed,74,high,MalwareBazaar,1,9,2026-10-02T14:17:54+00:00,2026-10-04T00:13:52+00:00,,,,2026-10-03 23:56:34 UTC,https://bazaar.abuse.ch/export/txt/sha256/recent/,Zərərli fayl hash-i (SHA256)
sha256,b3dd0c64f1ac41808087fb0caa11818e0cd2b88a595fbb27a2e89b35c1ac472c,74,high,MalwareBazaar,1,9,2026-10-02T14:17:54+00:00,2026-10-04T00:13:52+00:00,,,,2026-10-03 23:56:34 UTC,https://bazaar.abuse.ch/export/txt/sha256/recent/,Zərərli fayl hash-i (SHA256)
sha256,566a760102b83a6b2adffded839d6bf1d02164295617fbe097f2071ae84f65de,74,high,MalwareBazaar,1,9,2026-10-02T14:17:54+00:00,2026-10-04T00:13:52+00:00,,,,2026-10-03 23:56:34 UTC,https://bazaar.abuse.ch/export/txt/sha256/recent/,Zərərli fayl hash-i (SHA256)
sha256,dc45540bdad7a5ffc99dbe071dd8803aebb8b85c59b14871e33e58f9096d235d,74,high,MalwareBazaar,1,9,2026-10-02T14:17:54+00:00,2026-10-04T00:13:52+00:00,,,,2026-10-03 23:56:34 UTC,https://bazaar.abuse.ch/export/txt/sha256/recent/,Zərərli fayl hash-i (SHA256)
sha256,ad32cad9cfc8c820e5c91d750796ed93f573f2335fc2dd87692e28dfc28626e5,74,high,MalwareBazaar,1,9,2026-10-02T14:17:54+00:00,2026-10-04T00:13:52+00:00,,,,2026-10-03 23:56:34 UTC,https://bazaar.abuse.ch/export/txt/sha256/recent/,Zərərli fayl hash-i (SHA256)
sha256,04121f81feba7762419689606f3af143e42ac86ea04b246168ac0420bfc5f797,74,high,MalwareBazaar,1,9,2026-10-02T14:17:54+00:00,2026-10-04T00:13:52+00:00,,,,2026-10-03 23:56:34 UTC,https://bazaar.abuse.ch/export/txt/sha256/recent/,Zərərli fayl hash-i (SHA256)
sha256,89425f782a51f20c028d2b3c0b5136747dc55739890ac568fba8a090ecee9372,74,high,MalwareBazaar,1,9,2026-10-02T14:17:54+00:00,2026-10-04T00:13:52+00:00,,,,2026-10-03 23:56:34 UTC,https://bazaar.abuse.ch/export/txt/sha256/recent/,Zərərli fayl hash-i (SHA256)
sha256,b6c4c29d020af4a437ed6269d3ff9b0d7b3bfdeb504ea96d95097439c872d60b,74,high,MalwareBazaar,1,9,2026-10-02T14:17:54+00:00,2026-10-04T00:13:52+00:00,,,,2026-10-03 23:56:34 UTC,https://bazaar.abuse.ch/export/txt/sha256/recent/,Zərərli fayl hash-i (SHA256)
sha256,b8884c8899f6ac4f8999c0736d04a856d3e7d9d57c775513078bd63b4bfd2d3f,74,high,MalwareBazaar,1,9,2026-10-02T14:17:54+00:00,2026-10-04T00:13:52+00:00,,,,2026-10-03 23:56:34 UTC,https://bazaar.abuse.ch/export/txt/sha256/recent/,Zərərli fayl hash-i (SHA256)
sha256,4c98709e96d83d9e575cb55e4926b720848cf8ec0f73e15613eaa9fe79525c8e,74,high,MalwareBazaar,1,9,2026-10-02T14:17:54+00:00,2026-10-04T00:13:52+00:00,,,,2026-10-03 23:56:34 UTC,https://bazaar.abuse.ch/export/txt/sha256/recent/,Zərərli fayl hash-i (SHA256)
sha256,c3eba62c8bff4fbaf37b12bb471dd900df8f0d5510529b234819b4a0e3e486a1,74,high,MalwareBazaar,1,9,2026-10-02T14:17:54+00:00,2026-10-04T00:13:52+00:00,,,,2026-10-03 23:56:34 UTC,https://bazaar.abuse.ch/export/txt/sha256/recent/,Zərərli fayl hash-i (SHA256)
sha256,1111cd70479c389bbb3aa3836089ebce1e944414957e3b51605d6a987190bb41,74,high,MalwareBazaar,1,9,2026-10-02T14:17:54+00:00,2026-10-04T00:13:52+00:00,,,,2026-10-03 23:56:34 UTC,https://bazaar.abuse.ch/export/txt/sha256/recent/,Zərərli fayl hash-i (SHA256)
sha256,a555b158aac662ec0f518c6f1251e9d1bd3d5bd4fe89da1f20d63922f847cb15,74,high,MalwareBazaar,1,9,2026-10-02T14:17:54+00:00,2026-10-04T00:13:52+00:00,,,,2026-10-03 23:56:34 UTC,https://bazaar.abuse.ch/export/txt/sha256/recent/,Zərərli fayl hash-i (SHA256)
sha256,4b214e0daccfe228a0d281775d6a7f01580598f51a6b15e6a668851b313abe68,74,high,MalwareBazaar,1,9,2026-10-02T14:17:54+00:00,2026-10-04T00:13:52+00:00,,,,2026-10-03 23:56:34 UTC,https://bazaar.abuse.ch/export/txt/sha256/recent/,Zərərli fayl hash-i (SHA256)
sha256,28834a0b5162d580f3e82b056e00ceb15d59321c358804ceea4a62b00e55fcc2,74,high,MalwareBazaar,1,9,2026-10-02T14:17:54+00:00,2026-10-04T00:13:52+00:00,,,,2026-10-03 23:56:34 UTC,https://bazaar.abuse.ch/export/txt/sha256/recent/,Zərərli fayl hash-i (SHA256)
sha256,4d72712a6db668ed1e7df4953f1dbd128df2f611d101acc7e3ab0e6789f8e02d,74,high,MalwareBazaar,1,9,2026-10-02T14:17:54+00:00,2026-10-04T00:13:52+00:00,,,,2026-10-03 23:56:34 UTC,https://bazaar.abuse.ch/export/txt/sha256/recent/,Zərərli fayl hash-i (SHA256)
sha256,9003e39ec422f18c288e3b5d6b15fc0385d2e81bbaacf245e856d558537d0df7,74,high,MalwareBazaar,1,9,2026-10-02T14:17:54+00:00,2026-10-04T00:13:52+00:00,,,,2026-10-03 23:56:34 UTC,https://bazaar.abuse.ch/export/txt/sha256/recent/,Zərərli fayl hash-i (SHA256)
sha256,64ecb45d56f1126d982609f4c9679e3a7db4fea47b90726e28aed6c1555e9331,74,high,MalwareBazaar,1,9,2026-10-02T14:17:54+00:00,2026-10-04T00:13:52+00:00,,,,2026-10-03 23:56:34 UTC,https://bazaar.abuse.ch/export/txt/sha256/recent/,Zərərli fayl hash-i (SHA256)
sha256,dc17c133c5d7087e6fa11a41cbaabf7cd870b2cf982f02b2df398eb78e408229,74,high,MalwareBazaar,1,9,2026-10-02T14:17:54+00:00,2026-10-04T00:13:52+00:00,,,,2026-10-03 23:56:34 UTC,https://bazaar.abuse.ch/export/txt/sha256/recent/,Zərərli fayl hash-i (SHA256)
sha256,14adbc5ababc074a0a890804138c8ac4c9be11a70a38456bc11ab625c2194622,74,high,MalwareBazaar,1,9,2026-10-02T14:17:54+00:00,2026-10-04T00:13:52+00:00,,,,2026-10-03 23:56:34 UTC,https://bazaar.abuse.ch/export/txt/sha256/recent/,Zərərli fayl hash-i (SHA256)
sha256,448bb7bd702777e61ee298cc5b366813dccb872748afdf7f8d462ccd80030f85,74,high,MalwareBazaar,1,9,2026-10-02T14:17:54+00:00,2026-10-04T00:13:52+00:00,,,,2026-10-03 23:56:34 UTC,https://bazaar.abuse.ch/export/txt/sha256/recent/,Zərərli fayl hash-i (SHA256)
sha256,5b288132f126e009d486f2125b1b7cdb126ae2fa55a96bcebaf9dcc20f0acd1e,74,high,MalwareBazaar,1,9,2026-10-02T14:17:54+00:00,2026-10-04T00:13:52+00:00,,,,2026-10-03 23:56:34 UTC,https://bazaar.abuse.ch/export/txt/sha256/recent/,Zərərli fayl hash-i (SHA256)
sha256,9514a4a4a35e00d4b4fc5d137dd09abce68788b36547ae7124f3ce55ac26c0d6,74,high,MalwareBazaar,1,9,2026-10-02T14:17:54+00:00,2026-10-04T00:13:52+00:00,,,,2026-10-03 23:56:34 UTC,https://bazaar.abuse.ch/export/txt/sha256/recent/,Zərərli fayl hash-i (SHA256)
sha256,4e603e271e2cd2700f13956a53da9f276aa395a900511e903b1f73dd0eb51e21,74,high,MalwareBazaar,1,9,2026-10-02T14:17:54+00:00,2026-10-04T00:13:52+00:00,,,,2026-10-03 23:56:34 UTC,https://bazaar.abuse.ch/export/txt/sha256/recent/,Zərərli fayl hash-i (SHA256)
sha256,bc472170995b99fe5db03bea8c760dc13661a6ca3ef86b649a23f1774e7db4f0,74,high,MalwareBazaar,1,9,2026-10-02T14:17:54+00:00,2026-10-04T00:13:52+00:00,,,,2026-10-03 23:56:34 UTC,https://bazaar.abuse.ch/export/txt/sha256/recent/,Zərərli fayl hash-i (SHA256)
sha256,312cf3b93b80caeffa7c5b9b77ec505dfccb88adaffa516dc19dd5c9a140da14,74,high,MalwareBazaar,1,9,2026-10-02T14:17:54+00:00,2026-10-04T00:13:52+00:00,,,,2026-10-03 23:56:34 UTC,https://bazaar.abuse.ch/export/txt/sha256/recent/,Zərərli fayl hash-i (SHA256)
sha256,e97af0f7cc5e9f9051e68b7834e9c59ba1633d58a18475d4663add0e3da7300c,74,high,MalwareBazaar,1,9,2026-10-02T14:17:54+00:00,2026-10-04T00:13:52+00:00,,,,2026-10-03 23:56:34 UTC,https://bazaar.abuse.ch/export/txt/sha256/recent/,Zərərli fayl hash-i (SHA256)
sha256,04a4bab8f2c4fd031a26a6b76015f1652621b8321177353ae970ba67b973d2f3,74,high,MalwareBazaar,1,9,2026-10-02T14:17:54+00:00,2026-10-04T00:13:52+00:00,,,,2026-10-03 23:56:34 UTC,https://bazaar.abuse.ch/export/txt/sha256/recent/,Zərərli fayl hash-i (SHA256)
sha256,3d9749403fa06f24ca82efc3f9250da240c57d99163aa0121a4cb565d606b9a8,74,high,MalwareBazaar,1,9,2026-10-02T14:17:54+00:00,2026-10-04T00:13:52+00:00,,,,2026-10-03 23:56:34 UTC,https://bazaar.abuse.ch/export/txt/sha256/recent/,Zərərli fayl hash-i (SHA256)
sha256,9af4e139869f56b4d259c0f05fe9b4cb9e9dab6cd7c13de7fa01d56126acd6ba,74,high,MalwareBazaar,1,9,2026-10-02T14:17:54+00:00,2026-10-04T00:13:52+00:00,,,,2026-10-03 23:56:34 UTC,https://bazaar.abuse.ch/export/txt/sha256/recent/,Zərərli fayl hash-i (SHA256)
sha256,02b3058057d9bd512199f9a350f02952bb5104950f3c5eb72d4c439fc6403665,74,high,MalwareBazaar,1,9,2026-10-02T14:17:54+00:00,2026-10-04T00:13:52+00:00,,,,2026-10-03 23:56:34 UTC,https://bazaar.abuse.ch/export/txt/sha256/recent/,Zərərli fayl hash-i (SHA256)
sha256,11deb13e28a8e3a9cc19a6b2a42dad0636fc5e6a115f3f3bbe2910b06ce30c5d,74,high,MalwareBazaar,1,9,2026-10-02T14:17:54+00:00,2026-10-04T00:13:52+00:00,,,,2026-10-03 23:56:34 UTC,https://bazaar.abuse.ch/export/txt/sha256/recent/,Zərərli fayl hash-i (SHA256)
sha256,5c6d2bdb58ca319c1c59fa0379fbc542b3fa2378f2ecbc9b334642e4a740819f,74,high,MalwareBazaar,1,9,2026-10-02T14:17:54+00:00,2026-10-04T00:13:52+00:00,,,,2026-10-03 23:56:34 UTC,https://bazaar.abuse.ch/export/txt/sha256/recent/,Zərərli fayl hash-i (SHA256)
sha256,6ff8465c3c43dd403b89a8469ebc207b2c414e79ca9dbacb93402be3c509d0d2,74,high,MalwareBazaar,1,9,2026-10-02T14:17:54+00:00,2026-10-04T00:13:52+00:00,,,,2026-10-03 23:56:34 UTC,https://bazaar.abuse.ch/export/txt/sha256/recent/,Zərərli fayl hash-i (SHA256)
sha256,80327ce89a3876c572fae294cd2be19e655d06f0f01ff9271a69414a07fb980a,74,high,MalwareBazaar,1,9,2026-10-02T14:17:54+00:00,2026-10-04T00:13:52+00:00,,,,2026-10-03 23:56:34 UTC,https://bazaar.abuse.ch/export/txt/sha256/recent/,Zərərli fayl hash-i (SHA256)
sha256,cd68438902d232639295aba806688c8a291c8ba3ed2f4be220f4015633f526b7,74,high,MalwareBazaar,1,9,2026-10-02T14:17:54+00:00,2026-10-04T00:13:52+00:00,,,,2026-10-03 23:56:34 UTC,https://bazaar.abuse.ch/export/txt/sha256/recent/,Zərərli fayl hash-i (SHA256)
sha256,d4a2aa74a3d8aae51d6c0fdc3aab44f492490bbd647b7c885c9521a1c3c559a8,74,high,MalwareBazaar,1,9,2026-10-02T14:17:54+00:00,2026-10-04T00:13:52+00:00,,,,2026-10-03 23:56:34 UTC,https://bazaar.abuse.ch/export/txt/sha256/recent/,Zərərli fayl hash-i (SHA256)
sha256,b94610279cee6330a90b1697235a537c7d04ec3a8eef4c906ab5e8a38a530802,74,high,MalwareBazaar,1,9,2026-10-02T14:17:54+00:00,2026-10-04T00:13:52+00:00,,,,2026-10-03 23:56:34 UTC,https://bazaar.abuse.ch/export/txt/sha256/recent/,Zərərli fayl hash-i (SHA256)
sha256,3ea15dafb800d3181d230e227623055a863c03ec8045ab96565a95f9ac057156,74,high,MalwareBazaar,1,9,2026-10-02T14:17:54+00:00,2026-10-04T00:13:52+00:00,,,,2026-10-03 23:56:34 UTC,https://bazaar.abuse.ch/export/txt/sha256/recent/,Zərərli fayl hash-i (SHA256)
sha256,76883d8e9a471cefc51e1d299b6103e96f9056ba6653eebaaab5352bb655a42f,74,high,MalwareBazaar,1,9,2026-10-02T14:17:54+00:00,2026-10-04T00:13:52+00:00,,,,2026-10-03 23:56:34 UTC,https://bazaar.abuse.ch/export/txt/sha256/recent/,Zərərli fayl hash-i (SHA256)
sha256,03e934c4dd23a0f630dec0f3c89ac864f94629f0a4c74c1e69ff71c49588a219,74,high,MalwareBazaar,1,9,2026-10-02T14:17:54+00:00,2026-10-04T00:13:52+00:00,,,,2026-10-03 23:56:34 UTC,https://bazaar.abuse.ch/export/txt/sha256/recent/,Zərərli fayl hash-i (SHA256)
sha256,c66bc009627d9d81259a05206854f4508af42191962739801787f3f92ac182e2,74,high,MalwareBazaar,1,9,2026-10-02T14:17:54+00:00,2026-10-04T00:13:52+00:00,,,,2026-10-03 23:56:34 UTC,https://bazaar.abuse.ch/export/txt/sha256/recent/,Zərərli fayl hash-i (SHA256)
sha256,d15f8b15696bf2118bf81cf9656f28a6bc6992731956f2e070ce0f033fdd2ef3,74,high,MalwareBazaar,1,9,2026-10-02T14:17:54+00:00,2026-10-04T00:13:52+00:00,,,,2026-10-03 23:56:34 UTC,https://bazaar.abuse.ch/export/txt/sha256/recent/,Zərərli fayl hash-i (SHA256)
sha256,09fdff4148cf3d9a90d5b41ee34119d22efe4d109c80f386bb503a2b875b8428,74,high,MalwareBazaar,1,9,2026-10-02T14:17:54+00:00,2026-10-04T00:13:52+00:00,,,,2026-10-03 23:56:34 UTC,https://bazaar.abuse.ch/export/txt/sha256/recent/,Zərərli fayl hash-i (SHA256)
sha256,37f7a2b5501ebef012815971a8ed7b44452939cf88fdbcffa14ddb01cabc3f9f,74,high,MalwareBazaar,1,9,2026-10-02T14:17:54+00:00,2026-10-04T00:13:52+00:00,,,,2026-10-03 23:56:34 UTC,https://bazaar.abuse.ch/export/txt/sha256/recent/,Zərərli fayl hash-i (SHA256)
sha256,a0467a7d45a6ced4c93e3d7890ad912254fa58a8668357f2e937f090f13f16b7,74,high,MalwareBazaar,1,9,2026-10-02T14:17:54+00:00,2026-10-04T00:13:52+00:00,,,,2026-10-03 23:56:34 UTC,https://bazaar.abuse.ch/export/txt/sha256/recent/,Zərərli fayl hash-i (SHA256)
sha256,847c55cf5eefd7adbcd37a5b9b3655c98f11ecdfc697179313b8ce9cb70fe920,74,high,MalwareBazaar,1,9,2026-10-02T14:17:54+00:00,2026-10-04T00:13:52+00:00,,,,2026-10-03 23:56:34 UTC,https://bazaar.abuse.ch/export/txt/sha256/recent/,Zərərli fayl hash-i (SHA256)
sha256,08cb98c815d6cd6114f4353a905ee96ee450ee212a425b3beeab5a5211d072c3,74,high,MalwareBazaar,1,9,2026-10-02T14:17:54+00:00,2026-10-04T00:13:52+00:00,,,,2026-10-03 23:56:34 UTC,https://bazaar.abuse.ch/export/txt/sha256/recent/,Zərərli fayl hash-i (SHA256)
sha256,48483398121b28c8bc649348e2116acd042f7dd207e565c666df99816b2f12ce,74,high,MalwareBazaar,1,9,2026-10-02T14:17:54+00:00,2026-10-04T00:13:52+00:00,,,,2026-10-03 23:56:34 UTC,https://bazaar.abuse.ch/export/txt/sha256/recent/,Zərərli fayl hash-i (SHA256)
sha256,785a162f5d8bc7b602cf587eb1709e243771cb16c8565be10af2cde8bf594afd,74,high,MalwareBazaar,1,9,2026-10-02T14:17:54+00:00,2026-10-04T00:13:52+00:00,,,,2026-10-03 23:56:34 UTC,https://bazaar.abuse.ch/export/txt/sha256/recent/,Zərərli fayl hash-i (SHA256)
sha256,652b4e9e70a97e6c4039975b91c79e4e763457c2cfe8b920204b6cf71ecf808f,74,high,MalwareBazaar,1,9,2026-10-02T14:17:54+00:00,2026-10-04T00:13:52+00:00,,,,2026-10-03 23:56:34 UTC,https://bazaar.abuse.ch/export/txt/sha256/recent/,Zərərli fayl hash-i (SHA256)
sha256,8b50fa3187c3b8d3efd4fa2a9a0df6e98800a4613b439d3493ee24dc28e4e440,74,high,MalwareBazaar,1,9,2026-10-02T14:17:54+00:00,2026-10-04T00:13:52+00:00,,,,2026-10-03 23:56:34 UTC,https://bazaar.abuse.ch/export/txt/sha256/recent/,Zərərli fayl hash-i (SHA256)
sha256,c5d1086aa237add3b54b8c8115ce00f1b430a925167a98373af00eeddb866b4f,74,high,MalwareBazaar,1,9,2026-10-02T14:17:54+00:00,2026-10-04T00:13:52+00:00,,,,2026-10-03 23:56:34 UTC,https://bazaar.abuse.ch/export/txt/sha256/recent/,Zərərli fayl hash-i (SHA256)
sha256,ff69c02790cc4b6a8e825bf816f782c124935450fe9e7214cf63fc5156970c85,74,high,MalwareBazaar,1,9,2026-10-02T14:17:54+00:00,2026-10-04T00:13:52+00:00,,,,2026-10-03 23:56:34 UTC,https://bazaar.abuse.ch/export/txt/sha256/recent/,Zərərli fayl hash-i (SHA256)
sha256,3346fb7e363282a6929b62deb57a133f6143811eefd9d58010bef3836abe02f4,74,high,MalwareBazaar,1,9,2026-10-02T14:17:54+00:00,2026-10-04T00:13:52+00:00,,,,2026-10-03 23:56:34 UTC,https://bazaar.abuse.ch/export/txt/sha256/recent/,Zərərli fayl hash-i (SHA256)
sha256,140a2b7ff0068183429a3e7783623394f82ee2a9d0f725beedce6c54430524a2,74,high,MalwareBazaar,1,9,2026-10-02T14:17:54+00:00,2026-10-04T00:13:52+00:00,,,,2026-10-03 23:56:34 UTC,https://bazaar.abuse.ch/export/txt/sha256/recent/,Zərərli fayl hash-i (SHA256)
sha256,bd3248c0c4fac6181ad03f816d1a7d2effbc65e59e8f97d9300c2ea49a8591e1,74,high,MalwareBazaar,1,9,2026-10-02T14:17:54+00:00,2026-10-04T00:13:52+00:00,,,,2026-10-03 23:56:34 UTC,https://bazaar.abuse.ch/export/txt/sha256/recent/,Zərərli fayl hash-i (SHA256)
sha256,953dcb1067bf56032158acd2116754d0e0fd76c54ea944d99da211bf996b829a,74,high,MalwareBazaar,1,9,2026-10-02T14:17:54+00:00,2026-10-04T00:13:52+00:00,,,,2026-10-03 23:56:34 UTC,https://bazaar.abuse.ch/export/txt/sha256/recent/,Zərərli fayl hash-i (SHA256)
sha256,90d738a8d650e3fefda9d7efa4baa11bd89ab05fcf0eb173e04aa01a52b465e2,74,high,MalwareBazaar,1,9,2026-10-02T14:17:54+00:00,2026-10-04T00:13:52+00:00,,,,2026-10-03 23:56:34 UTC,https://bazaar.abuse.ch/export/txt/sha256/recent/,Zərərli fayl hash-i (SHA256)
sha256,a8986d143b465f2c556c69288d118c46255ee45002f8e73fa9d133e121b6425c,74,high,MalwareBazaar,1,9,2026-10-02T14:17:54+00:00,2026-10-04T00:13:52+00:00,,,,2026-10-03 23:56:34 UTC,https://bazaar.abuse.ch/export/txt/sha256/recent/,Zərərli fayl hash-i (SHA256)
sha256,b61104a680a2b0dae57db8e3690e621febfc3e47b27ad8f13c06a74bc22aa0d4,74,high,MalwareBazaar,1,9,2026-10-02T14:17:54+00:00,2026-10-04T00:13:52+00:00,,,,2026-10-03 23:56:34 UTC,https://bazaar.abuse.ch/export/txt/sha256/recent/,Zərərli fayl hash-i (SHA256)
sha256,7f8365d4e2bec89d002b4a572d686a2398ba840927a8253bf06673b163fbb4d3,74,high,MalwareBazaar,1,9,2026-10-02T14:17:54+00:00,2026-10-04T00:13:52+00:00,,,,2026-10-03 23:56:34 UTC,https://bazaar.abuse.ch/export/txt/sha256/recent/,Zərərli fayl hash-i (SHA256)
sha256,6c8ac7f1c306400369ba453db0b7acc3f519d3e5f6aec62df2919c17c02d51c8,74,high,MalwareBazaar,1,10,2026-10-02T07:43:14+00:00,2026-10-04T00:13:52+00:00,,,,2026-10-03 23:56:34 UTC,https://bazaar.abuse.ch/export/txt/sha256/recent/,Zərərli fayl hash-i (SHA256)
sha256,ce2d762121198452681f234593138c8e75a415c9756c993ee53541d35298bd1d,74,high,MalwareBazaar,1,10,2026-10-02T07:43:14+00:00,2026-10-04T00:13:52+00:00,,,,2026-10-03 23:56:34 UTC,https://bazaar.abuse.ch/export/txt/sha256/recent/,Zərərli fayl hash-i (SHA256)
sha256,9a55efb7b5219b5b9c454d6f462d3c664a9a75808263b5de4fefdd1dfd6c663f,74,high,MalwareBazaar,1,10,2026-10-02T07:43:14+00:00,2026-10-04T00:13:52+00:00,,,,2026-10-03 23:56:34 UTC,https://bazaar.abuse.ch/export/txt/sha256/recent/,Zərərli fayl hash-i (SHA256)
sha256,07ed729622915a597370b6ae930e1631f42c3ee9423d2af12ad43c970aab7cba,74,high,MalwareBazaar,1,10,2026-10-02T07:43:14+00:00,2026-10-04T00:13:52+00:00,,,,2026-10-03 23:56:34 UTC,https://bazaar.abuse.ch/export/txt/sha256/recent/,Zərərli fayl hash-i (SHA256)
sha256,97e4ceed1955cb04531b95f373165cdb8c4d8e78569e8daf3be11154a6ff7823,74,high,MalwareBazaar,1,10,2026-10-02T07:43:14+00:00,2026-10-04T00:13:52+00:00,,,,2026-10-03 23:56:34 UTC,https://bazaar.abuse.ch/export/txt/sha256/recent/,Zərərli fayl hash-i (SHA256)
sha256,d610c87652eacd912bd98808a6ac8f0ff588c43c9348ea2f9ce1a4d44ce885b9,74,high,MalwareBazaar,1,10,2026-10-02T07:43:14+00:00,2026-10-04T00:13:52+00:00,,,,2026-10-03 23:56:34 UTC,https://bazaar.abuse.ch/export/txt/sha256/recent/,Zərərli fayl hash-i (SHA256)
sha256,a018b9018d5f50d67da3e7c455bc3e3886b41be0b362b6709f012ee35a2a6b2d,74,high,MalwareBazaar,1,10,2026-10-02T07:43:14+00:00,2026-10-04T00:13:52+00:00,,,,2026-10-03 23:56:34 UTC,https://bazaar.abuse.ch/export/txt/sha256/recent/,Zərərli fayl hash-i (SHA256)
sha256,53b9d801349be358960d5be9c3b5d153e44bbd155bccb7e5fa3318647b6b8b51,74,high,MalwareBazaar,1,10,2026-10-02T07:43:14+00:00,2026-10-04T00:13:52+00:00,,,,2026-10-03 23:56:34 UTC,https://bazaar.abuse.ch/export/txt/sha256/recent/,Zərərli fayl hash-i (SHA256)
sha256,3e1ca09e40ec98f4f7853108f28ec2d46607031a0803a90bbb8035b375f20c0f,74,high,MalwareBazaar,1,10,2026-10-02T07:43:14+00:00,2026-10-04T00:13:52+00:00,,,,2026-10-03 23:56:34 UTC,https://bazaar.abuse.ch/export/txt/sha256/recent/,Zərərli fayl hash-i (SHA256)
sha256,323a0ad213a0154b60ad7e7300b40f389ef7ff2dc922e1235a418a46addda464,74,high,MalwareBazaar,1,10,2026-10-02T07:43:14+00:00,2026-10-04T00:13:52+00:00,,,,2026-10-03 23:56:34 UTC,https://bazaar.abuse.ch/export/txt/sha256/recent/,Zərərli fayl hash-i (SHA256)
sha256,029b9627303993756e3a7006c0ef7420a18fac1f43b11cf1e5b293a3197e94ae,74,high,MalwareBazaar,1,10,2026-10-02T07:43:14+00:00,2026-10-04T00:13:52+00:00,,,,2026-10-03 23:56:34 UTC,https://bazaar.abuse.ch/export/txt/sha256/recent/,Zərərli fayl hash-i (SHA256)
sha256,8f990f1e541560dfd73f07bd44965c7855e62ef7b5631962a36ee211945b8ef8,74,high,MalwareBazaar,1,10,2026-10-02T07:43:14+00:00,2026-10-04T00:13:52+00:00,,,,2026-10-03 23:56:34 UTC,https://bazaar.abuse.ch/export/txt/sha256/recent/,Zərərli fayl hash-i (SHA256)
sha256,9923c026e550d0231d52308f9dfde33b22d515580fe0e958020aa02ca81c702a,74,high,MalwareBazaar,1,10,2026-10-02T07:43:14+00:00,2026-10-04T00:13:52+00:00,,,,2026-10-03 23:56:34 UTC,https://bazaar.abuse.ch/export/txt/sha256/recent/,Zərərli fayl hash-i (SHA256)
sha256,bd5f576f639aabe3c6ce5e8e0146aa176e81128bdce7c09304006673db9c95a2,74,high,MalwareBazaar,1,10,2026-10-02T07:43:14+00:00,2026-10-04T00:13:52+00:00,,,,2026-10-03 23:56:34 UTC,https://bazaar.abuse.ch/export/txt/sha256/recent/,Zərərli fayl hash-i (SHA256)
sha256,7bcb16d0c7d421091b04fcd6f9405cc2440eafe0b3cdf9c48f026eec8802a31d,74,high,MalwareBazaar,1,10,2026-10-02T07:43:14+00:00,2026-10-04T00:13:52+00:00,,,,2026-10-03 23:56:34 UTC,https://bazaar.abuse.ch/export/txt/sha256/recent/,Zərərli fayl hash-i (SHA256)
sha256,6eb96335adda176094942bbccf04c86d0e0005a93841753413fba49be22b1bce,74,high,MalwareBazaar,1,10,2026-10-02T07:43:14+00:00,2026-10-04T00:13:52+00:00,,,,2026-10-03 23:56:34 UTC,https://bazaar.abuse.ch/export/txt/sha256/recent/,Zərərli fayl hash-i (SHA256)
sha256,c95b623dfb6bdb6b6fe25ce9a839bbbb01a950cd747a5593c27bc3ea346dd5e0,74,high,MalwareBazaar,1,10,2026-10-02T07:43:14+00:00,2026-10-04T00:13:52+00:00,,,,2026-10-03 23:56:34 UTC,https://bazaar.abuse.ch/export/txt/sha256/recent/,Zərərli fayl hash-i (SHA256)
sha256,9aca0c8c2c56573b634344275aa590358a857f4f2b0d21657880056f75d46676,74,high,MalwareBazaar,1,10,2026-10-02T07:43:14+00:00,2026-10-04T00:13:52+00:00,,,,2026-10-03 23:56:34 UTC,https://bazaar.abuse.ch/export/txt/sha256/recent/,Zərərli fayl hash-i (SHA256)
sha256,70a787b2b0d59b8abf14019f674fbc70e9e2d01b6ed844821d9708ebd3c3ce4e,74,high,MalwareBazaar,1,10,2026-10-02T07:43:14+00:00,2026-10-04T00:13:52+00:00,,,,2026-10-03 23:56:34 UTC,https://bazaar.abuse.ch/export/txt/sha256/recent/,Zərərli fayl hash-i (SHA256)
sha256,ab2d265ebc26207ab8dbd7341d11e314b371665b742b7fbee0c29a0b2d0da112,74,high,MalwareBazaar,1,10,2026-10-02T07:43:14+00:00,2026-10-04T00:13:52+00:00,,,,2026-10-03 23:56:34 UTC,https://bazaar.abuse.ch/export/txt/sha256/recent/,Zərərli fayl hash-i (SHA256)
sha256,8fd5f4249f5cc9d7d33ed7679c0b78a5b269d82d2bc7bf3014f19fbff8d4d660,74,high,MalwareBazaar,1,10,2026-10-02T07:43:14+00:00,2026-10-04T00:13:52+00:00,,,,2026-10-03 23:56:34 UTC,https://bazaar.abuse.ch/export/txt/sha256/recent/,Zərərli fayl hash-i (SHA256)
sha256,accc5d1c6a5affdfce6e316f7ac7745a93598c568723d5b69189b86ee1b8b58f,74,high,MalwareBazaar,1,10,2026-10-02T07:43:14+00:00,2026-10-04T00:13:52+00:00,,,,2026-10-03 23:56:34 UTC,https://bazaar.abuse.ch/export/txt/sha256/recent/,Zərərli fayl hash-i (SHA256)
sha256,7bfdc8b959ef92ef35cb9eb74f9641096e74508061be37effe74abdb5435408e,74,high,MalwareBazaar,1,10,2026-10-02T07:43:14+00:00,2026-10-04T00:13:52+00:00,,,,2026-10-03 23:56:34 UTC,https://bazaar.abuse.ch/export/txt/sha256/recent/,Zərərli fayl hash-i (SHA256)
sha256,f878eccf4b300f8085ceb866a2f71aed10428109e2cb89079a685699c6ef0941,74,high,MalwareBazaar,1,10,2026-10-02T07:43:14+00:00,2026-10-04T00:13:52+00:00,,,,2026-10-03 23:56:34 UTC,https://bazaar.abuse.ch/export/txt/sha256/recent/,Zərərli fayl hash-i (SHA256)
sha256,7f0c6678d94bed94ddd2369bb5d59ead44fb2777dbb1ca27d86143f3cf73e1b8,74,high,MalwareBazaar,1,10,2026-10-02T07:43:14+00:00,2026-10-04T00:13:52+00:00,,,,2026-10-03 23:56:34 UTC,https://bazaar.abuse.ch/export/txt/sha256/recent/,Zərərli fayl hash-i (SHA256)
sha256,223edab12979b91a01a53519fbfb52a97f772ac50ae6cc34bfde7a784306da30,74,high,MalwareBazaar,1,10,2026-10-02T07:43:14+00:00,2026-10-04T00:13:52+00:00,,,,2026-10-03 23:56:34 UTC,https://bazaar.abuse.ch/export/txt/sha256/recent/,Zərərli fayl hash-i (SHA256)
sha256,6ce6b4ebd1a25b971fcc9e1b8ef8ff00d2aed3b5117b3799bd1943c4400f9fbd,74,high,MalwareBazaar,1,10,2026-10-02T07:43:14+00:00,2026-10-04T00:13:52+00:00,,,,2026-10-03 23:56:34 UTC,https://bazaar.abuse.ch/export/txt/sha256/recent/,Zərərli fayl hash-i (SHA256)
sha256,c69576b1daa1246563e2391f84ad603c6fba454adc363146712a2e77f7b09510,74,high,MalwareBazaar,1,10,2026-10-02T07:43:14+00:00,2026-10-04T00:13:52+00:00,,,,2026-10-03 23:56:34 UTC,https://bazaar.abuse.ch/export/txt/sha256/recent/,Zərərli fayl hash-i (SHA256)
sha256,bfad966f4b09e89b20d72d2fa16d2bc0a305297621d2eb88f4d8768d7ed92633,74,high,MalwareBazaar,1,10,2026-10-02T07:43:14+00:00,2026-10-04T00:13:52+00:00,,,,2026-10-03 23:56:34 UTC,https://bazaar.abuse.ch/export/txt/sha256/recent/,Zərərli fayl hash-i (SHA256)
sha256,ebe315f58648a2d4a30e607230fd07cebd6251a054d4b7fe3e1078e8991857d7,74,high,MalwareBazaar,1,10,2026-10-02T07:43:14+00:00,2026-10-04T00:13:52+00:00,,,,2026-10-03 23:56:34 UTC,https://bazaar.abuse.ch/export/txt/sha256/recent/,Zərərli fayl hash-i (SHA256)
sha256,7bac68e19b279f768e36b194f39de21f17dcdb6dacdcf27fa6f14d851fe9733d,74,high,MalwareBazaar,1,10,2026-10-02T07:43:14+00:00,2026-10-04T00:13:52+00:00,,,,2026-10-03 23:56:34 UTC,https://bazaar.abuse.ch/export/txt/sha256/recent/,Zərərli fayl hash-i (SHA256)
sha256,c80debfcc13b6b9dc675b48154f331cfa9aba5af149d3899a9f23a1e09cdc64a,74,high,MalwareBazaar,1,10,2026-10-02T07:43:14+00:00,2026-10-04T00:13:52+00:00,,,,2026-10-03 23:56:34 UTC,https://bazaar.abuse.ch/export/txt/sha256/recent/,Zərərli fayl hash-i (SHA256)
sha256,8238a342a0f30e6ac2973bfaa978e8bace3e1287c0db0889dd5738f9ec6083a6,74,high,MalwareBazaar,1,10,2026-10-02T07:43:14+00:00,2026-10-04T00:13:52+00:00,,,,2026-10-03 23:56:34 UTC,https://bazaar.abuse.ch/export/txt/sha256/recent/,Zərərli fayl hash-i (SHA256)
sha256,887cee8882a211aa262f950214ae561cbce8f400ef63a9d46d7583c6cfbeafef,74,high,MalwareBazaar,1,10,2026-10-02T07:43:14+00:00,2026-10-04T00:13:52+00:00,,,,2026-10-03 23:56:34 UTC,https://bazaar.abuse.ch/export/txt/sha256/recent/,Zərərli fayl hash-i (SHA256)
sha256,729a2102bb790a128fbd8df95caf3aeb28cb0e2a855ffafafc14637f162f866c,74,high,MalwareBazaar,1,10,2026-10-02T07:43:14+00:00,2026-10-04T00:13:52+00:00,,,,2026-10-03 23:56:34 UTC,https://bazaar.abuse.ch/export/txt/sha256/recent/,Zərərli fayl hash-i (SHA256)
sha256,05b644f9c8f87057aeb24a64776600fe37547a65f052886e285222bdc5f0d90b,74,high,MalwareBazaar,1,10,2026-10-02T07:43:14+00:00,2026-10-04T00:13:52+00:00,,,,2026-10-03 23:56:34 UTC,https://bazaar.abuse.ch/export/txt/sha256/recent/,Zərərli fayl hash-i (SHA256)
sha256,0cffc29fc64c22f94a22321404301c936b0ac85ae5fe77ad23bf921a7ecaa443,74,high,MalwareBazaar,1,10,2026-10-02T07:43:14+00:00,2026-10-04T00:13:52+00:00,,,,2026-10-03 23:56:34 UTC,https://bazaar.abuse.ch/export/txt/sha256/recent/,Zərərli fayl hash-i (SHA256)
sha256,2dda0c1d9f63287c19663780ba88e731b4530568a65d5886cfc6a416d805926e,74,high,MalwareBazaar,1,10,2026-10-02T07:43:14+00:00,2026-10-04T00:13:52+00:00,,,,2026-10-03 23:56:34 UTC,https://bazaar.abuse.ch/export/txt/sha256/recent/,Zərərli fayl hash-i (SHA256)
sha256,06fffeea93435328949a102e15496f92e4dddb66cdb8a351d7efb31e0a0b5049,74,high,MalwareBazaar,1,10,2026-10-02T07:43:14+00:00,2026-10-04T00:13:52+00:00,,,,2026-10-03 23:56:34 UTC,https://bazaar.abuse.ch/export/txt/sha256/recent/,Zərərli fayl hash-i (SHA256)
sha256,6713eedc768899e0e3a1ad096e242f17ad94b51760462459edf559c589a625db,74,high,MalwareBazaar,1,10,2026-10-02T07:43:14+00:00,2026-10-04T00:13:52+00:00,,,,2026-10-03 23:56:34 UTC,https://bazaar.abuse.ch/export/txt/sha256/recent/,Zərərli fayl hash-i (SHA256)
sha256,e7aeac7b5834cc74cc104dfb928a328c8182c0dd24d02ba43d2b831e9f63ec72,74,high,MalwareBazaar,1,10,2026-10-02T07:43:14+00:00,2026-10-04T00:13:52+00:00,,,,2026-10-03 23:56:34 UTC,https://bazaar.abuse.ch/export/txt/sha256/recent/,Zərərli fayl hash-i (SHA256)
sha256,08809c9882e4e1137b2827a7431aaad833278fa186687ab737f8575b14c5d5b5,74,high,MalwareBazaar,1,10,2026-10-02T07:43:14+00:00,2026-10-04T00:13:52+00:00,,,,2026-10-03 23:56:34 UTC,https://bazaar.abuse.ch/export/txt/sha256/recent/,Zərərli fayl hash-i (SHA256)
sha256,f3016f7e967ace800d9aa1c66535dbd698f51182628fa7c415e2f1c4699e4ab3,74,high,MalwareBazaar,1,10,2026-10-02T07:43:14+00:00,2026-10-04T00:13:52+00:00,,,,2026-10-03 23:56:34 UTC,https://bazaar.abuse.ch/export/txt/sha256/recent/,Zərərli fayl hash-i (SHA256)
sha256,043ebed69763576c9e01c71afe80e1d60184ccd1c92e33d30da5e067f22d2bee,74,high,MalwareBazaar,1,10,2026-10-02T07:43:14+00:00,2026-10-04T00:13:52+00:00,,,,2026-10-03 23:56:34 UTC,https://bazaar.abuse.ch/export/txt/sha256/recent/,Zərərli fayl hash-i (SHA256)
sha256,4bd1e37982b854d4ad4801ab68496b02ff29050d800373d9601ca4b792720848,74,high,MalwareBazaar,1,10,2026-10-02T07:43:14+00:00,2026-10-04T00:13:52+00:00,,,,2026-10-03 23:56:34 UTC,https://bazaar.abuse.ch/export/txt/sha256/recent/,Zərərli fayl hash-i (SHA256)
sha256,457ff62cb3e95fad075c1310859ef7d7c960ec35308c7e9b8b76dc3e1bc84c91,74,high,MalwareBazaar,1,10,2026-10-02T07:43:14+00:00,2026-10-04T00:13:52+00:00,,,,2026-10-03 23:56:34 UTC,https://bazaar.abuse.ch/export/txt/sha256/recent/,Zərərli fayl hash-i (SHA256)
sha256,6ed042d86dac44f704212ef9c846f7f65b8cec9988addac9f6edd17250be1fc5,74,high,MalwareBazaar,1,10,2026-10-02T07:43:14+00:00,2026-10-04T00:13:52+00:00,,,,2026-10-03 23:56:34 UTC,https://bazaar.abuse.ch/export/txt/sha256/recent/,Zərərli fayl hash-i (SHA256)
sha256,b0677fde2e59fc99cd48de1223645e791aaf38577d33a4a7cf34a30562a2d00c,74,high,MalwareBazaar,1,10,2026-10-02T07:43:14+00:00,2026-10-04T00:13:52+00:00,,,,2026-10-03 23:56:34 UTC,https://bazaar.abuse.ch/export/txt/sha256/recent/,Zərərli fayl hash-i (SHA256)
sha256,2794c80ea4ff3b2daebbb3e9d7fb73d837fdf344567b2b9a3feb2fe0533e700e,74,high,MalwareBazaar,1,10,2026-10-02T07:43:14+00:00,2026-10-04T00:13:52+00:00,,,,2026-10-03 23:56:34 UTC,https://bazaar.abuse.ch/export/txt/sha256/recent/,Zərərli fayl hash-i (SHA256)
sha256,1eb28f0d48687a14ed908a4008210b7d81786c49d7e70c07f218c4aa27ac07b4,74,high,MalwareBazaar,1,10,2026-10-02T07:43:14+00:00,2026-10-04T00:13:52+00:00,,,,2026-10-03 23:56:34 UTC,https://bazaar.abuse.ch/export/txt/sha256/recent/,Zərərli fayl hash-i (SHA256)
sha256,fb52545818f13c788a988e0ae49387837a5eb104edec57256ad6b461f28ae607,74,high,MalwareBazaar,1,10,2026-10-02T07:43:14+00:00,2026-10-04T00:13:52+00:00,,,,2026-10-03 23:56:34 UTC,https://bazaar.abuse.ch/export/txt/sha256/recent/,Zərərli fayl hash-i (SHA256)
sha256,1ac3aa36900230f3d26a0e2813d11e167fbef064a2db0ea31d30767afdf593e4,74,high,MalwareBazaar,1,10,2026-10-02T07:43:14+00:00,2026-10-04T00:13:52+00:00,,,,2026-10-03 23:56:34 UTC,https://bazaar.abuse.ch/export/txt/sha256/recent/,Zərərli fayl hash-i (SHA256)
sha256,19c0c0030fb4eb6382c62b6afe425ddbd099ae910298b728a3d0605f6ad1da2e,74,high,MalwareBazaar,1,10,2026-10-02T07:43:14+00:00,2026-10-04T00:13:52+00:00,,,,2026-10-03 23:56:34 UTC,https://bazaar.abuse.ch/export/txt/sha256/recent/,Zərərli fayl hash-i (SHA256)
sha256,cb886fff8d4c970accbf20dcecb7223b360c499ed3bc33beac2052fac4cafd08,74,high,MalwareBazaar,1,10,2026-10-02T07:43:14+00:00,2026-10-04T00:13:52+00:00,,,,2026-10-03 23:56:34 UTC,https://bazaar.abuse.ch/export/txt/sha256/recent/,Zərərli fayl hash-i (SHA256)
sha256,0d252fb2c62000c2ad5ab47537ce0a13506a8803d71f59ea4cfab8ff1f5b1019,74,high,MalwareBazaar,1,10,2026-10-02T07:43:14+00:00,2026-10-04T00:13:52+00:00,,,,2026-10-03 23:56:34 UTC,https://bazaar.abuse.ch/export/txt/sha256/recent/,Zərərli fayl hash-i (SHA256)
sha256,b1b90ea67022085851b9fbffef6c2d544b283fe99b8c1f5d517e827b751be100,74,high,MalwareBazaar,1,10,2026-10-02T07:43:14+00:00,2026-10-04T00:13:52+00:00,,,,2026-10-03 23:56:34 UTC,https://bazaar.abuse.ch/export/txt/sha256/recent/,Zərərli fayl hash-i (SHA256)
sha256,16e2b344cb2224cc1eeeeb6ee6efc61bbf9699d7ed5bd575097f180d36b98bc5,74,high,MalwareBazaar,1,10,2026-10-02T07:43:14+00:00,2026-10-04T00:13:52+00:00,,,,2026-10-03 23:56:34 UTC,https://bazaar.abuse.ch/export/txt/sha256/recent/,Zərərli fayl hash-i (SHA256)
sha256,16b21b4110bf7445db200b0a6502f9c315c6d2b4f636a7eb66cc25e34680b8f1,74,high,MalwareBazaar,1,10,2026-10-02T07:43:14+00:00,2026-10-04T00:13:52+00:00,,,,2026-10-03 23:56:34 UTC,https://bazaar.abuse.ch/export/txt/sha256/recent/,Zərərli fayl hash-i (SHA256)
sha256,73880715a83c2166e198b2b924167a540f919fe57bb5781398266ab0ccc866cc,74,high,MalwareBazaar,1,10,2026-10-02T07:43:14+00:00,2026-10-04T00:13:52+00:00,,,,2026-10-03 23:56:34 UTC,https://bazaar.abuse.ch/export/txt/sha256/recent/,Zərərli fayl hash-i (SHA256)
sha256,76ccc559edd679c1de7f433a1441af1b0301270b37ac79ee8baae34f1322e11f,74,high,MalwareBazaar,1,10,2026-10-02T07:43:14+00:00,2026-10-04T00:13:52+00:00,,,,2026-10-03 23:56:34 UTC,https://bazaar.abuse.ch/export/txt/sha256/recent/,Zərərli fayl hash-i (SHA256)
sha256,8105560855545f4ea5d6f3897f005fd83826e1dec0c0ce2498b4b8c1dcf9b643,74,high,MalwareBazaar,1,10,2026-10-02T07:43:14+00:00,2026-10-04T00:13:52+00:00,,,,2026-10-03 23:56:34 UTC,https://bazaar.abuse.ch/export/txt/sha256/recent/,Zərərli fayl hash-i (SHA256)
sha256,2f8b6743a72bc342f8fea9b2e04937357879c43142c4a641fa70bccb358b401d,74,high,MalwareBazaar,1,10,2026-10-02T07:43:14+00:00,2026-10-04T00:13:52+00:00,,,,2026-10-03 23:56:34 UTC,https://bazaar.abuse.ch/export/txt/sha256/recent/,Zərərli fayl hash-i (SHA256)
sha256,be4dba87f903a5fe93e6ae4d0eda8c175bfcbc96f472e12b8489fb42a1e5e9ce,74,high,MalwareBazaar,1,10,2026-10-02T07:43:14+00:00,2026-10-04T00:13:52+00:00,,,,2026-10-03 23:56:34 UTC,https://bazaar.abuse.ch/export/txt/sha256/recent/,Zərərli fayl hash-i (SHA256)
sha256,03393a358019daf9c06e6664985f5f1c3e94d63a2ffa6a0bd7d3417a37148abd,74,high,MalwareBazaar,1,10,2026-10-02T07:43:14+00:00,2026-10-04T00:13:52+00:00,,,,2026-10-03 23:56:34 UTC,https://bazaar.abuse.ch/export/txt/sha256/recent/,Zərərli fayl hash-i (SHA256)
sha256,195045dda7d7928078fb96bcc6cb51869e0cbbfa375b69a69d0efcdf0bfbc3f7,74,high,MalwareBazaar,1,10,2026-10-02T07:43:14+00:00,2026-10-04T00:13:52+00:00,,,,2026-10-03 23:56:34 UTC,https://bazaar.abuse.ch/export/txt/sha256/recent/,Zərərli fayl hash-i (SHA256)
sha256,c6da028e0a8a25a35efa28ba508a556d1b53d1e61113c0aaebf31a49a5668912,74,high,MalwareBazaar,1,10,2026-10-02T07:43:14+00:00,2026-10-04T00:13:52+00:00,,,,2026-10-03 23:56:34 UTC,https://bazaar.abuse.ch/export/txt/sha256/recent/,Zərərli fayl hash-i (SHA256)
sha256,f08967cdbdb0e00f35378885142dc5a33f305791496ab4977384050fcf8e3571,74,high,MalwareBazaar,1,10,2026-10-02T07:43:14+00:00,2026-10-04T00:13:52+00:00,,,,2026-10-03 23:56:34 UTC,https://bazaar.abuse.ch/export/txt/sha256/recent/,Zərərli fayl hash-i (SHA256)
sha256,6b7a8c9f662acb6122b6c74fc3c004b1bebcee1a8302e64523b2a2d2a594d916,74,high,MalwareBazaar,1,11,2026-10-02T01:11:51+00:00,2026-10-04T00:13:52+00:00,,,,2026-10-03 23:56:34 UTC,https://bazaar.abuse.ch/export/txt/sha256/recent/,Zərərli fayl hash-i (SHA256)
sha256,e67ced623d47295ea9ae77b109af60d58b14c5de25797755331abc0aafe3712e,74,high,MalwareBazaar,1,11,2026-10-02T01:11:51+00:00,2026-10-04T00:13:52+00:00,,,,2026-10-03 23:56:34 UTC,https://bazaar.abuse.ch/export/txt/sha256/recent/,Zərərli fayl hash-i (SHA256)
sha256,132867b34d035a39b18a30e120e2352a97b2dae89fe1fd1f6887493e2b3a7f23,74,high,MalwareBazaar,1,11,2026-10-02T01:11:51+00:00,2026-10-04T00:13:52+00:00,,,,2026-10-03 23:56:34 UTC,https://bazaar.abuse.ch/export/txt/sha256/recent/,Zərərli fayl hash-i (SHA256)
sha256,f1fbc28dde9a0e4f4f7024267d3df84401f339d4d7d43e2b23cbd275ecbce450,74,high,MalwareBazaar,1,11,2026-10-02T01:11:51+00:00,2026-10-04T00:13:52+00:00,,,,2026-10-03 23:56:34 UTC,https://bazaar.abuse.ch/export/txt/sha256/recent/,Zərərli fayl hash-i (SHA256)
sha256,3e459e1d7847fcfbeeacd338104cdeba85e92146d46beb1d1e544c8592410088,74,high,MalwareBazaar,1,11,2026-10-02T01:11:51+00:00,2026-10-04T00:13:52+00:00,,,,2026-10-03 23:56:34 UTC,https://bazaar.abuse.ch/export/txt/sha256/recent/,Zərərli fayl hash-i (SHA256)
sha256,f02e83dab20843b48f6072ab04a9aa49bc134392779916aff87a409189165b23,74,high,MalwareBazaar,1,11,2026-10-02T01:11:51+00:00,2026-10-04T00:13:52+00:00,,,,2026-10-03 23:56:34 UTC,https://bazaar.abuse.ch/export/txt/sha256/recent/,Zərərli fayl hash-i (SHA256)
sha256,c7d27873e3dd0e58f976396dda286f714b9de4f189e20a439b72352a00457c34,74,high,MalwareBazaar,1,11,2026-10-02T01:11:51+00:00,2026-10-04T00:13:52+00:00,,,,2026-10-03 23:56:34 UTC,https://bazaar.abuse.ch/export/txt/sha256/recent/,Zərərli fayl hash-i (SHA256)
sha256,e7aa32a83c6df162b1e594b4d8bef54219b36adeb39d184662c94315d35086d3,74,high,MalwareBazaar,1,11,2026-10-02T01:11:51+00:00,2026-10-04T00:13:52+00:00,,,,2026-10-03 23:56:34 UTC,https://bazaar.abuse.ch/export/txt/sha256/recent/,Zərərli fayl hash-i (SHA256)
sha256,e5e80e28370ac3da3cc73000c4f5cf1fb74a8f738defae813bc3ca06232e6456,74,high,MalwareBazaar,1,11,2026-10-02T01:11:51+00:00,2026-10-04T00:13:52+00:00,,,,2026-10-03 23:56:34 UTC,https://bazaar.abuse.ch/export/txt/sha256/recent/,Zərərli fayl hash-i (SHA256)
sha256,af56cbeba5bb0e5b10af555f7380214d89f8f1bfcca229f2e713c7eb4a371630,74,high,MalwareBazaar,1,11,2026-10-02T01:11:51+00:00,2026-10-04T00:13:52+00:00,,,,2026-10-03 23:56:34 UTC,https://bazaar.abuse.ch/export/txt/sha256/recent/,Zərərli fayl hash-i (SHA256)
sha256,f9e7db13a7a404d49adaacdef2dad5609d0f258775ffa0a5f00ee3c4183cf07f,74,high,MalwareBazaar,1,8,2026-10-02T14:17:54+00:00,2026-10-03T21:53:59+00:00,,,,2026-10-03 20:45:40 UTC,https://bazaar.abuse.ch/export/txt/sha256/recent/,Zərərli fayl hash-i (SHA256)
sha256,94b578664bb833ade78d80317ef04bcc0c0785464b9d442016177dd06e3a0878,74,high,MalwareBazaar,1,10,2026-10-02T01:11:51+00:00,2026-10-03T21:53:59+00:00,,,,2026-10-03 20:45:40 UTC,https://bazaar.abuse.ch/export/txt/sha256/recent/,Zərərli fayl hash-i (SHA256)
sha256,c7b9cb808566af4dffaee645076ff5d9250d8977181398b7a95fbffb007b7529,74,high,MalwareBazaar,1,10,2026-10-02T01:11:51+00:00,2026-10-03T21:53:59+00:00,,,,2026-10-03 20:45:40 UTC,https://bazaar.abuse.ch/export/txt/sha256/recent/,Zərərli fayl hash-i (SHA256)
sha256,b515ddfae69cd484d523feb2544704b2df62e029e00d9f646410eef4bd6832ba,74,high,MalwareBazaar,1,10,2026-10-02T01:11:51+00:00,2026-10-03T21:53:59+00:00,,,,2026-10-03 20:45:40 UTC,https://bazaar.abuse.ch/export/txt/sha256/recent/,Zərərli fayl hash-i (SHA256)
sha256,946b1984d3f13f0747b474534e36bedac8fb13abc524774d1e423348d54a894d,74,high,MalwareBazaar,1,10,2026-10-02T01:11:51+00:00,2026-10-03T21:53:59+00:00,,,,2026-10-03 20:45:40 UTC,https://bazaar.abuse.ch/export/txt/sha256/recent/,Zərərli fayl hash-i (SHA256)
sha256,dcf932ee3436bd34d8408a04ea0578eae7254fc23ce8f7e78dcd0256292f5fae,74,high,MalwareBazaar,1,10,2026-10-02T01:11:51+00:00,2026-10-03T21:53:59+00:00,,,,2026-10-03 20:45:40 UTC,https://bazaar.abuse.ch/export/txt/sha256/recent/,Zərərli fayl hash-i (SHA256)
sha256,303ce8e1d845477561bfa83d80672b552683f0231e0819a1858e026f8c7712d6,74,high,MalwareBazaar,1,10,2026-10-02T01:11:51+00:00,2026-10-03T21:53:59+00:00,,,,2026-10-03 20:45:40 UTC,https://bazaar.abuse.ch/export/txt/sha256/recent/,Zərərli fayl hash-i (SHA256)
sha256,691fbfcab92967dc5d2b1c063c20adf89789a84f698055cd50f09611a0adec34,74,high,MalwareBazaar,1,10,2026-10-02T01:11:51+00:00,2026-10-03T21:53:59+00:00,,,,2026-10-03 20:45:40 UTC,https://bazaar.abuse.ch/export/txt/sha256/recent/,Zərərli fayl hash-i (SHA256)
sha256,ca9c9d49cc28be031d654000a9c13dabd362aab7e840057bd5b8ec62b07d8c3d,74,high,MalwareBazaar,1,10,2026-10-02T01:11:51+00:00,2026-10-03T21:53:59+00:00,,,,2026-10-03 20:45:40 UTC,https://bazaar.abuse.ch/export/txt/sha256/recent/,Zərərli fayl hash-i (SHA256)
sha256,4edd5f34939812823e8b131ca5e3e4f1994fc4cbf1c3c7ee9b793acc21629342,74,high,MalwareBazaar,1,10,2026-10-02T01:11:51+00:00,2026-10-03T21:53:59+00:00,,,,2026-10-03 20:45:40 UTC,https://bazaar.abuse.ch/export/txt/sha256/recent/,Zərərli fayl hash-i (SHA256)
sha256,ae4ee530286ff6f4f504efb5cb322c3daf0e4e6a8c5e6ceb497cb1a3e796b25d,74,high,MalwareBazaar,1,10,2026-10-02T01:11:51+00:00,2026-10-03T21:53:59+00:00,,,,2026-10-03 20:45:40 UTC,https://bazaar.abuse.ch/export/txt/sha256/recent/,Zərərli fayl hash-i (SHA256)
sha256,2b9e7898a59c221a956a8799c8eef9fa48b1b9e1e6a68fca37c3d3a2e1588941,74,high,MalwareBazaar,1,10,2026-10-02T01:11:51+00:00,2026-10-03T21:53:59+00:00,,,,2026-10-03 20:45:40 UTC,https://bazaar.abuse.ch/export/txt/sha256/recent/,Zərərli fayl hash-i (SHA256)
sha256,9dfad1a0a431ba34e56b95915c8a7311dd2d66bc11f60365516cd9698c2bf1ae,74,high,MalwareBazaar,1,10,2026-10-02T01:11:51+00:00,2026-10-03T21:53:59+00:00,,,,2026-10-03 20:45:40 UTC,https://bazaar.abuse.ch/export/txt/sha256/recent/,Zərərli fayl hash-i (SHA256)
sha256,c84c6ef2a467deb5fd214e6911bcc124d231ad5930b827cef27fb4177dd0ebe9,74,high,MalwareBazaar,1,10,2026-10-02T01:11:51+00:00,2026-10-03T21:53:59+00:00,,,,2026-10-03 20:45:40 UTC,https://bazaar.abuse.ch/export/txt/sha256/recent/,Zərərli fayl hash-i (SHA256)
sha256,f59bbdb43c7666acdbee88f43d5fad2c8baca25595cca877c1d3b94738631c45,74,high,MalwareBazaar,1,10,2026-10-02T01:11:51+00:00,2026-10-03T21:53:59+00:00,,,,2026-10-03 20:45:40 UTC,https://bazaar.abuse.ch/export/txt/sha256/recent/,Zərərli fayl hash-i (SHA256)
sha256,ff393f11d2f393429ca4d7141dddedb898943ae402d835c0a012c0e7d6e6e192,74,high,MalwareBazaar,1,10,2026-10-02T01:11:51+00:00,2026-10-03T21:53:59+00:00,,,,2026-10-03 20:45:40 UTC,https://bazaar.abuse.ch/export/txt/sha256/recent/,Zərərli fayl hash-i (SHA256)
sha256,c388db5d4e3eab01b8305364a0a4efd71d408b221ad1d2eb1432871d3a5b9d11,74,high,MalwareBazaar,1,10,2026-10-02T01:11:51+00:00,2026-10-03T21:53:59+00:00,,,,2026-10-03 20:45:40 UTC,https://bazaar.abuse.ch/export/txt/sha256/recent/,Zərərli fayl hash-i (SHA256)
sha256,21cfdf0e3d63b449803a0dce04c5737000853724dff9778a0a9dbb692525f052,74,high,MalwareBazaar,1,10,2026-10-02T01:11:51+00:00,2026-10-03T21:53:59+00:00,,,,2026-10-03 20:45:40 UTC,https://bazaar.abuse.ch/export/txt/sha256/recent/,Zərərli fayl hash-i (SHA256)
sha256,12655f8e861f154b346f360a1712a673f454f609a4ba440ce42ba2a4d6a041a0,74,high,MalwareBazaar,1,10,2026-10-02T01:11:51+00:00,2026-10-03T21:53:59+00:00,,,,2026-10-03 20:45:40 UTC,https://bazaar.abuse.ch/export/txt/sha256/recent/,Zərərli fayl hash-i (SHA256)
sha256,b68637899867c54bf063a99e8c8cf4dfea9b42f40435e9dbc8bc5b12a9b6ac4b,74,high,MalwareBazaar,1,10,2026-10-02T01:11:51+00:00,2026-10-03T21:53:59+00:00,,,,2026-10-03 20:45:40 UTC,https://bazaar.abuse.ch/export/txt/sha256/recent/,Zərərli fayl hash-i (SHA256)
sha256,04c9688d45188ee977bb3ab1073802ef3b3b19fb5176d0d302eb1aa6116ef2b0,74,high,MalwareBazaar,1,10,2026-10-02T01:11:51+00:00,2026-10-03T21:53:59+00:00,,,,2026-10-03 20:45:40 UTC,https://bazaar.abuse.ch/export/txt/sha256/recent/,Zərərli fayl hash-i (SHA256)
sha256,339861febc4ba5f2e52c3d97e71ec3421dee6327378a12a72b10edcc8a648788,74,high,MalwareBazaar,1,10,2026-10-02T01:11:51+00:00,2026-10-03T21:53:59+00:00,,,,2026-10-03 20:45:40 UTC,https://bazaar.abuse.ch/export/txt/sha256/recent/,Zərərli fayl hash-i (SHA256)
sha256,c313b55185b670de0086d3fbf9e7f829673a80d3418328fdabd475eba77e3750,74,high,MalwareBazaar,1,10,2026-10-02T01:11:51+00:00,2026-10-03T21:53:59+00:00,,,,2026-10-03 20:45:40 UTC,https://bazaar.abuse.ch/export/txt/sha256/recent/,Zərərli fayl hash-i (SHA256)
sha256,5a63130d577bb389df589d4348c74867c42d74a2fb51ca32abec0626376957e2,74,high,MalwareBazaar,1,10,2026-10-02T01:11:51+00:00,2026-10-03T21:53:59+00:00,,,,2026-10-03 20:45:40 UTC,https://bazaar.abuse.ch/export/txt/sha256/recent/,Zərərli fayl hash-i (SHA256)
sha256,cc95b0bc3662a290258b8b67520222facbd90676c5d74b960075789c799e8c07,74,high,MalwareBazaar,1,10,2026-10-02T01:11:51+00:00,2026-10-03T21:53:59+00:00,,,,2026-10-03 20:45:40 UTC,https://bazaar.abuse.ch/export/txt/sha256/recent/,Zərərli fayl hash-i (SHA256)
sha256,d19a27ccd8f2ad8feda6874ea4828dc47e5ddef1935d40e8784a99723443816e,74,high,MalwareBazaar,1,10,2026-10-02T01:11:51+00:00,2026-10-03T21:53:59+00:00,,,,2026-10-03 20:45:40 UTC,https://bazaar.abuse.ch/export/txt/sha256/recent/,Zərərli fayl hash-i (SHA256)
sha256,023721dd84557881954d34f5194e227f9634e7914789b69276dfaaadb674a65e,74,high,MalwareBazaar,1,10,2026-10-02T01:11:51+00:00,2026-10-03T21:53:59+00:00,,,,2026-10-03 20:45:40 UTC,https://bazaar.abuse.ch/export/txt/sha256/recent/,Zərərli fayl hash-i (SHA256)
sha256,208b8c2b2ee2e299351427acf7e7c85598efc805ec26f21335535b70d6059c6b,74,high,MalwareBazaar,1,10,2026-10-02T01:11:51+00:00,2026-10-03T21:53:59+00:00,,,,2026-10-03 20:45:40 UTC,https://bazaar.abuse.ch/export/txt/sha256/recent/,Zərərli fayl hash-i (SHA256)
sha256,dc6b001b050653cf0a649436ac06128aa480d02d46995381e40b3b837369b447,74,high,MalwareBazaar,1,10,2026-10-02T01:11:51+00:00,2026-10-03T21:53:59+00:00,,,,2026-10-03 20:45:40 UTC,https://bazaar.abuse.ch/export/txt/sha256/recent/,Zərərli fayl hash-i (SHA256)
sha256,d4305895d867b0906826b7ce89957f5b95d019093e2794786c8c07a24c9694d0,74,high,MalwareBazaar,1,10,2026-10-02T01:11:51+00:00,2026-10-03T21:53:59+00:00,,,,2026-10-03 20:45:40 UTC,https://bazaar.abuse.ch/export/txt/sha256/recent/,Zərərli fayl hash-i (SHA256)
sha256,bfaf01de26a25f3c7968b17eb34e15f6df81d5f8af26b0e89db9ecf076b9cb74,74,high,MalwareBazaar,1,10,2026-10-02T01:11:51+00:00,2026-10-03T21:53:59+00:00,,,,2026-10-03 20:45:40 UTC,https://bazaar.abuse.ch/export/txt/sha256/recent/,Zərərli fayl hash-i (SHA256)
sha256,f108bec58f1e61d89a6fda415ff895bff1788daf42ba8733db5bd67981652d4a,74,high,MalwareBazaar,1,10,2026-10-02T01:11:51+00:00,2026-10-03T21:53:59+00:00,,,,2026-10-03 20:45:40 UTC,https://bazaar.abuse.ch/export/txt/sha256/recent/,Zərərli fayl hash-i (SHA256)
sha256,4b10cb0675a3eac3256f04c09c612fe915e20271f1e3d1b65acdf524177f4d92,74,high,MalwareBazaar,1,10,2026-10-02T01:11:51+00:00,2026-10-03T21:53:59+00:00,,,,2026-10-03 20:45:40 UTC,https://bazaar.abuse.ch/export/txt/sha256/recent/,Zərərli fayl hash-i (SHA256)
sha256,93c11d449bb3e73663953722a4f32a3f40da6648c3773e7371fe364c7bf6f5ff,74,high,MalwareBazaar,1,10,2026-10-02T01:11:51+00:00,2026-10-03T21:53:59+00:00,,,,2026-10-03 20:45:40 UTC,https://bazaar.abuse.ch/export/txt/sha256/recent/,Zərərli fayl hash-i (SHA256)
sha256,2ff37f885f327d2dd5f12979bf33cc5c2dbb291aab61f22f88aac6962fc25fed,74,high,MalwareBazaar,1,10,2026-10-02T01:11:51+00:00,2026-10-03T21:53:59+00:00,,,,2026-10-03 20:45:40 UTC,https://bazaar.abuse.ch/export/txt/sha256/recent/,Zərərli fayl hash-i (SHA256)
sha256,a944780e16402475022730acbb0ffc75bec0ef228472d16834c57b51c80e5f81,74,high,MalwareBazaar,1,10,2026-10-02T01:11:51+00:00,2026-10-03T21:53:59+00:00,,,,2026-10-03 20:45:40 UTC,https://bazaar.abuse.ch/export/txt/sha256/recent/,Zərərli fayl hash-i (SHA256)
sha256,cedc5fdf11ca34333504d05ddd065de2935f8bd332ea44682608fd265891a45f,74,high,MalwareBazaar,1,10,2026-10-02T01:11:51+00:00,2026-10-03T21:53:59+00:00,,,,2026-10-03 20:45:40 UTC,https://bazaar.abuse.ch/export/txt/sha256/recent/,Zərərli fayl hash-i (SHA256)
sha256,4d97b07632fe7aaeb4f0b4a300967721202e20a24cd742248a08ea7905cfe688,74,high,MalwareBazaar,1,10,2026-10-02T01:11:51+00:00,2026-10-03T21:53:59+00:00,,,,2026-10-03 20:45:40 UTC,https://bazaar.abuse.ch/export/txt/sha256/recent/,Zərərli fayl hash-i (SHA256)
sha256,fccafdc4d3ef4c49dd52b7a1194eb7d132b01da1e4c74bad5920198f968d004c,74,high,MalwareBazaar,1,10,2026-10-02T01:11:51+00:00,2026-10-03T21:53:59+00:00,,,,2026-10-03 20:45:40 UTC,https://bazaar.abuse.ch/export/txt/sha256/recent/,Zərərli fayl hash-i (SHA256)
sha256,61b1d1aa011a65b7b3ec5a0c6dc44657cc6270c05f6b55168382324bedcc111f,74,high,MalwareBazaar,1,10,2026-10-02T01:11:51+00:00,2026-10-03T21:53:59+00:00,,,,2026-10-03 20:45:40 UTC,https://bazaar.abuse.ch/export/txt/sha256/recent/,Zərərli fayl hash-i (SHA256)
sha256,ce2980e64b37db92a2811a59373ef75a500d7814ac08e19de2385662deefa8a3,74,high,MalwareBazaar,1,10,2026-10-02T01:11:51+00:00,2026-10-03T21:53:59+00:00,,,,2026-10-03 20:45:40 UTC,https://bazaar.abuse.ch/export/txt/sha256/recent/,Zərərli fayl hash-i (SHA256)
sha256,75d1318f10c2c342b61b9f8a95f37f05a36e40ab099af626404a03450161f65d,74,high,MalwareBazaar,1,10,2026-10-02T01:11:51+00:00,2026-10-03T21:53:59+00:00,,,,2026-10-03 20:45:40 UTC,https://bazaar.abuse.ch/export/txt/sha256/recent/,Zərərli fayl hash-i (SHA256)
sha256,373c7cf11c07aafa697cbe024dea3a7f743bbd3508bde484cc9fc26d815cd848,74,high,MalwareBazaar,1,10,2026-10-02T01:11:51+00:00,2026-10-03T21:53:59+00:00,,,,2026-10-03 20:45:40 UTC,https://bazaar.abuse.ch/export/txt/sha256/recent/,Zərərli fayl hash-i (SHA256)
sha256,68cd6c145a0cbc99310621a1b516afe6726c9bceaf81ee85951a6498391b4c03,74,high,MalwareBazaar,1,10,2026-10-02T01:11:51+00:00,2026-10-03T21:53:59+00:00,,,,2026-10-03 20:45:40 UTC,https://bazaar.abuse.ch/export/txt/sha256/recent/,Zərərli fayl hash-i (SHA256)
sha256,6ce4bfc04fc85ef6b89e7fb178a0945d57f5b6359479e6a2a96cb46f5474c069,74,high,MalwareBazaar,1,10,2026-10-02T01:11:51+00:00,2026-10-03T21:53:59+00:00,,,,2026-10-03 20:45:40 UTC,https://bazaar.abuse.ch/export/txt/sha256/recent/,Zərərli fayl hash-i (SHA256)
sha256,56fb75646647776747bdcb1218c72e773b8deac7f1de24a0781351b2c67815ce,72,high,MalwareBazaar,1,4,2026-10-03T14:03:45+00:00,2026-10-04T00:13:52+00:00,,,,2026-10-03 23:56:34 UTC,https://bazaar.abuse.ch/export/txt/sha256/recent/,Zərərli fayl hash-i (SHA256)
sha256,5981eeb3cacfbd2e50b63c7f1db9c839b4f7f1c89099fd7c910d338afb06708a,72,high,MalwareBazaar,1,4,2026-10-03T14:03:45+00:00,2026-10-04T00:13:52+00:00,,,,2026-10-03 23:56:34 UTC,https://bazaar.abuse.ch/export/txt/sha256/recent/,Zərərli fayl hash-i (SHA256)
sha256,3b8324910141d13f41c1569ba0c8628fc51776ee0e8d03ed7dd03dc5d2bb9915,72,high,MalwareBazaar,1,4,2026-10-03T14:03:45+00:00,2026-10-04T00:13:52+00:00,,,,2026-10-03 23:56:34 UTC,https://bazaar.abuse.ch/export/txt/sha256/recent/,Zərərli fayl hash-i (SHA256)
sha256,2d65275fc450ee85d46cc235ecade6f50b40244185b612726f5b5b3ab35d2583,72,high,MalwareBazaar,1,4,2026-10-03T14:03:45+00:00,2026-10-04T00:13:52+00:00,,,,2026-10-03 23:56:34 UTC,https://bazaar.abuse.ch/export/txt/sha256/recent/,Zərərli fayl hash-i (SHA256)
sha256,beb8d114a0c2207b22a3d2e79159d1ac4de277cbea66b0a1a238cfef647957cb,72,high,MalwareBazaar,1,4,2026-10-03T14:03:45+00:00,2026-10-04T00:13:52+00:00,,,,2026-10-03 23:56:34 UTC,https://bazaar.abuse.ch/export/txt/sha256/recent/,Zərərli fayl hash-i (SHA256)
sha256,6528dac250fe22cdd433732f19312b4500e40b17057023e1f76e3465e81cc804,72,high,MalwareBazaar,1,4,2026-10-03T14:03:45+00:00,2026-10-04T00:13:52+00:00,,,,2026-10-03 23:56:34 UTC,https://bazaar.abuse.ch/export/txt/sha256/recent/,Zərərli fayl hash-i (SHA256)
sha256,90ab3dd8c8a476a11029c84e4d2d056c06578c55da775381f2456455acd5073c,72,high,MalwareBazaar,1,4,2026-10-03T14:03:45+00:00,2026-10-04T00:13:52+00:00,,,,2026-10-03 23:56:34 UTC,https://bazaar.abuse.ch/export/txt/sha256/recent/,Zərərli fayl hash-i (SHA256)
sha256,740daa04c2f66eede7576b11a57dc11a1ddb5896244ed6d3cc428bd134d7425f,72,high,MalwareBazaar,1,4,2026-10-03T14:03:45+00:00,2026-10-04T00:13:52+00:00,,,,2026-10-03 23:56:34 UTC,https://bazaar.abuse.ch/export/txt/sha256/recent/,Zərərli fayl hash-i (SHA256)
sha256,53e61abcf0dcb9de2044968c5e72e60c03df2e485b1aaf8581e7268a8486a6a1,72,high,MalwareBazaar,1,4,2026-10-03T14:03:45+00:00,2026-10-04T00:13:52+00:00,,,,2026-10-03 23:56:34 UTC,https://bazaar.abuse.ch/export/txt/sha256/recent/,Zərərli fayl hash-i (SHA256)
sha256,10517f49ef2fc81ffde667fd300b2677749b9c1604b7c35379535bf0d9bf6833,72,high,MalwareBazaar,1,4,2026-10-03T14:03:45+00:00,2026-10-04T00:13:52+00:00,,,,2026-10-03 23:56:34 UTC,https://bazaar.abuse.ch/export/txt/sha256/recent/,Zərərli fayl hash-i (SHA256)
sha256,72cff13fcba75504485e94fa6bfc5e9363e860f49efdba68feb583148eec38f2,72,high,MalwareBazaar,1,4,2026-10-03T14:03:45+00:00,2026-10-04T00:13:52+00:00,,,,2026-10-03 23:56:34 UTC,https://bazaar.abuse.ch/export/txt/sha256/recent/,Zərərli fayl hash-i (SHA256)
sha256,b9b0a4380db462c706597bd3e6a08d4d99fcbbf0919d63eb99b488d396c8ce63,72,high,MalwareBazaar,1,4,2026-10-03T14:03:45+00:00,2026-10-04T00:13:52+00:00,,,,2026-10-03 23:56:34 UTC,https://bazaar.abuse.ch/export/txt/sha256/recent/,Zərərli fayl hash-i (SHA256)
sha256,2220044a55da27f7c528d5a5da1d26d15bae966a85c440b084c57ab0798a96d7,72,high,MalwareBazaar,1,4,2026-10-03T14:03:45+00:00,2026-10-04T00:13:52+00:00,,,,2026-10-03 23:56:34 UTC,https://bazaar.abuse.ch/export/txt/sha256/recent/,Zərərli fayl hash-i (SHA256)
sha256,e8f594f94965ac4d51c89e99d4c5026fe6f64503ffd63a82fb465b9aa62b8740,72,high,MalwareBazaar,1,4,2026-10-03T14:03:45+00:00,2026-10-04T00:13:52+00:00,,,,2026-10-03 23:56:34 UTC,https://bazaar.abuse.ch/export/txt/sha256/recent/,Zərərli fayl hash-i (SHA256)
sha256,a45e3ed328af5cc50d02e9b2629332e1293a08181fce39cf766a570646963924,72,high,MalwareBazaar,1,4,2026-10-03T14:03:45+00:00,2026-10-04T00:13:52+00:00,,,,2026-10-03 23:56:34 UTC,https://bazaar.abuse.ch/export/txt/sha256/recent/,Zərərli fayl hash-i (SHA256)
sha256,60268e39aad39916cf6fa89701ebfc2964a47c3df0f84637819c64f5498129dc,72,high,MalwareBazaar,1,4,2026-10-03T14:03:45+00:00,2026-10-04T00:13:52+00:00,,,,2026-10-03 23:56:34 UTC,https://bazaar.abuse.ch/export/txt/sha256/recent/,Zərərli fayl hash-i (SHA256)
sha256,59754b318d60186718cb0cbc187f6c334c54b3b0ef6bd64f312ec8379904a182,72,high,MalwareBazaar,1,4,2026-10-03T14:03:45+00:00,2026-10-04T00:13:52+00:00,,,,2026-10-03 23:56:34 UTC,https://bazaar.abuse.ch/export/txt/sha256/recent/,Zərərli fayl hash-i (SHA256)
sha256,ef5d2824c5dac3c5ece40fd49feea1e483abd1279a178f4bcba70474f13e0870,72,high,MalwareBazaar,1,4,2026-10-03T14:03:45+00:00,2026-10-04T00:13:52+00:00,,,,2026-10-03 23:56:34 UTC,https://bazaar.abuse.ch/export/txt/sha256/recent/,Zərərli fayl hash-i (SHA256)
sha256,e584d07cfb28b9ea3076b227c7cd9b86ce182c2fb0a179dbd598256142cb603c,72,high,MalwareBazaar,1,4,2026-10-03T14:03:45+00:00,2026-10-04T00:13:52+00:00,,,,2026-10-03 23:56:34 UTC,https://bazaar.abuse.ch/export/txt/sha256/recent/,Zərərli fayl hash-i (SHA256)
sha256,2dd05eb0e233fa9fed44b626a2a85fba13405a20f28cdfe04eae45cdf426c080,72,high,MalwareBazaar,1,4,2026-10-03T14:03:45+00:00,2026-10-04T00:13:52+00:00,,,,2026-10-03 23:56:34 UTC,https://bazaar.abuse.ch/export/txt/sha256/recent/,Zərərli fayl hash-i (SHA256)
sha256,6ff5539a56087a3a84c2974ea59b6939b7af62fe0242937793259cb8df6a6ba2,72,high,MalwareBazaar,1,4,2026-10-03T14:03:45+00:00,2026-10-04T00:13:52+00:00,,,,2026-10-03 23:56:34 UTC,https://bazaar.abuse.ch/export/txt/sha256/recent/,Zərərli fayl hash-i (SHA256)
sha256,9a3cdbde39449e66ea28e1913d5434f196813b11e63736d73591ff0b3727fc39,72,high,MalwareBazaar,1,4,2026-10-03T14:03:45+00:00,2026-10-04T00:13:52+00:00,,,,2026-10-03 23:56:34 UTC,https://bazaar.abuse.ch/export/txt/sha256/recent/,Zərərli fayl hash-i (SHA256)
sha256,1027ce1539f0b5c684411f8400c3ac48a40a4afb5f2cac7390b9b1b9e2a5f670,72,high,MalwareBazaar,1,4,2026-10-03T14:03:45+00:00,2026-10-04T00:13:52+00:00,,,,2026-10-03 23:56:34 UTC,https://bazaar.abuse.ch/export/txt/sha256/recent/,Zərərli fayl hash-i (SHA256)
sha256,5745e13f4bbf449fe555ea7c0eb80cb2547ec0ac0258f7438411bdac48a03e44,72,high,MalwareBazaar,1,4,2026-10-03T14:03:45+00:00,2026-10-04T00:13:52+00:00,,,,2026-10-03 23:56:34 UTC,https://bazaar.abuse.ch/export/txt/sha256/recent/,Zərərli fayl hash-i (SHA256)
sha256,f79f81089f28cb3cf9c9508295d4c5ee7261e6b337286fc25e5af20a078ed0aa,72,high,MalwareBazaar,1,4,2026-10-03T14:03:45+00:00,2026-10-04T00:13:52+00:00,,,,2026-10-03 23:56:34 UTC,https://bazaar.abuse.ch/export/txt/sha256/recent/,Zərərli fayl hash-i (SHA256)
sha256,04b65db9d2ace2cbcbae885b7c1d9fd290958e3ce931188226950bed8ff32f94,72,high,MalwareBazaar,1,4,2026-10-03T14:03:45+00:00,2026-10-04T00:13:52+00:00,,,,2026-10-03 23:56:34 UTC,https://bazaar.abuse.ch/export/txt/sha256/recent/,Zərərli fayl hash-i (SHA256)
sha256,144d36ce2d4364985022df9dc8de68accbc5269a819d3af57c3100dc69fcdc5a,72,high,MalwareBazaar,1,4,2026-10-03T14:03:45+00:00,2026-10-04T00:13:52+00:00,,,,2026-10-03 23:56:34 UTC,https://bazaar.abuse.ch/export/txt/sha256/recent/,Zərərli fayl hash-i (SHA256)
sha256,04a8553dabf894f9ece4f42454f76bfee001185e0e434d4e4e0620c652c73523,72,high,MalwareBazaar,1,4,2026-10-03T14:03:45+00:00,2026-10-04T00:13:52+00:00,,,,2026-10-03 23:56:34 UTC,https://bazaar.abuse.ch/export/txt/sha256/recent/,Zərərli fayl hash-i (SHA256)
sha256,94ed6d5ba5fe1423099e45cdb1f6a6eca5bf597c414470bbbcbe49b54a0bd50b,72,high,MalwareBazaar,1,4,2026-10-03T14:03:45+00:00,2026-10-04T00:13:52+00:00,,,,2026-10-03 23:56:34 UTC,https://bazaar.abuse.ch/export/txt/sha256/recent/,Zərərli fayl hash-i (SHA256)
sha256,4323be148265ba895f7dd1054cd8522890288d855225ea80dcb47161ea43ca8f,72,high,MalwareBazaar,1,4,2026-10-03T14:03:45+00:00,2026-10-04T00:13:52+00:00,,,,2026-10-03 23:56:34 UTC,https://bazaar.abuse.ch/export/txt/sha256/recent/,Zərərli fayl hash-i (SHA256)
sha256,531d423241479af321a20b9eebfb58313c173b8086615efdccf89d26e279c0fd,72,high,MalwareBazaar,1,4,2026-10-03T14:03:45+00:00,2026-10-04T00:13:52+00:00,,,,2026-10-03 23:56:34 UTC,https://bazaar.abuse.ch/export/txt/sha256/recent/,Zərərli fayl hash-i (SHA256)
sha256,6c4018f95651b0aed2a902324de9fffaedd14877e0ff2467d01876f714021671,72,high,MalwareBazaar,1,4,2026-10-03T14:03:45+00:00,2026-10-04T00:13:52+00:00,,,,2026-10-03 23:56:34 UTC,https://bazaar.abuse.ch/export/txt/sha256/recent/,Zərərli fayl hash-i (SHA256)
sha256,390b8edc144eccd74d015b4720fe830553779968096f621511bd46a50bb93b82,72,high,MalwareBazaar,1,4,2026-10-03T14:03:45+00:00,2026-10-04T00:13:52+00:00,,,,2026-10-03 23:56:34 UTC,https://bazaar.abuse.ch/export/txt/sha256/recent/,Zərərli fayl hash-i (SHA256)
sha256,3535f0816dec2d1428917e6f1881290ea41c5f6c61b3a15b8128ec7af0ccbcdb,72,high,MalwareBazaar,1,4,2026-10-03T14:03:45+00:00,2026-10-04T00:13:52+00:00,,,,2026-10-03 23:56:34 UTC,https://bazaar.abuse.ch/export/txt/sha256/recent/,Zərərli fayl hash-i (SHA256)
sha256,64772f9fd0bc5337b36cedbc44f8e87c355029ef78eda9354c854a4a2e83efa0,72,high,MalwareBazaar,1,4,2026-10-03T14:03:45+00:00,2026-10-04T00:13:52+00:00,,,,2026-10-03 23:56:34 UTC,https://bazaar.abuse.ch/export/txt/sha256/recent/,Zərərli fayl hash-i (SHA256)
sha256,97124f8c52a8e5ba74e6c1960059757f7a1f4a5c7c050c27cd31cc1b272330ce,72,high,MalwareBazaar,1,4,2026-10-03T14:03:45+00:00,2026-10-04T00:13:52+00:00,,,,2026-10-03 23:56:34 UTC,https://bazaar.abuse.ch/export/txt/sha256/recent/,Zərərli fayl hash-i (SHA256)
sha256,3f96f6753aa0729e6c08e2ae294558240428105dbd38b1708473e6d166b471f9,72,high,MalwareBazaar,1,4,2026-10-03T14:03:45+00:00,2026-10-04T00:13:52+00:00,,,,2026-10-03 23:56:34 UTC,https://bazaar.abuse.ch/export/txt/sha256/recent/,Zərərli fayl hash-i (SHA256)
sha256,f38f3dc6d82a77fc285c7c7a9bd9ffd3d373c568f30301ccc302cfce8034f9db,72,high,MalwareBazaar,1,4,2026-10-03T14:03:45+00:00,2026-10-04T00:13:52+00:00,,,,2026-10-03 23:56:34 UTC,https://bazaar.abuse.ch/export/txt/sha256/recent/,Zərərli fayl hash-i (SHA256)
sha256,54d5f9ca4c91874eb548bf5fe8848187b03906af34291db33168423fe343516f,72,high,MalwareBazaar,1,4,2026-10-03T14:03:45+00:00,2026-10-04T00:13:52+00:00,,,,2026-10-03 23:56:34 UTC,https://bazaar.abuse.ch/export/txt/sha256/recent/,Zərərli fayl hash-i (SHA256)
sha256,4920d86f38fede1dc42d47420462cfbbe5ebea8df5bd26c1cc86c3c51874ebb4,72,high,MalwareBazaar,1,4,2026-10-03T14:03:45+00:00,2026-10-04T00:13:52+00:00,,,,2026-10-03 23:56:34 UTC,https://bazaar.abuse.ch/export/txt/sha256/recent/,Zərərli fayl hash-i (SHA256)
sha256,e40f480ee82af16cb91fbb7948a2b49c2c0560897f1e2e9fbe31f7ba93058b18,72,high,MalwareBazaar,1,4,2026-10-03T14:03:45+00:00,2026-10-04T00:13:52+00:00,,,,2026-10-03 23:56:34 UTC,https://bazaar.abuse.ch/export/txt/sha256/recent/,Zərərli fayl hash-i (SHA256)
sha256,45bda21666593fb14b05327f38660857faa7f9547b4dab199a9310446e3d65e7,72,high,MalwareBazaar,1,4,2026-10-03T14:03:45+00:00,2026-10-04T00:13:52+00:00,,,,2026-10-03 23:56:34 UTC,https://bazaar.abuse.ch/export/txt/sha256/recent/,Zərərli fayl hash-i (SHA256)
sha256,23eb40588141e6802c8bb6ea749d7daa54a741964d8bb40caadaf0dcd153294a,72,high,MalwareBazaar,1,4,2026-10-03T14:03:45+00:00,2026-10-04T00:13:52+00:00,,,,2026-10-03 23:56:34 UTC,https://bazaar.abuse.ch/export/txt/sha256/recent/,Zərərli fayl hash-i (SHA256)
sha256,c3067747a41de753d7ad6d3740d3fb21c9e52d9e359c25f7b624f362dd942b70,72,high,MalwareBazaar,1,4,2026-10-03T14:03:45+00:00,2026-10-04T00:13:52+00:00,,,,2026-10-03 23:56:34 UTC,https://bazaar.abuse.ch/export/txt/sha256/recent/,Zərərli fayl hash-i (SHA256)
sha256,9e15473230e5f7f5f0f4517a5d3bea7ce3df7d102829428d27c0f26cfc94327c,72,high,MalwareBazaar,1,4,2026-10-03T14:03:45+00:00,2026-10-04T00:13:52+00:00,,,,2026-10-03 23:56:34 UTC,https://bazaar.abuse.ch/export/txt/sha256/recent/,Zərərli fayl hash-i (SHA256)
sha256,c4e0c13275c1f2bcac334da6699ba85ad7f32facb587b89e72661fbdf8147339,72,high,MalwareBazaar,1,4,2026-10-03T14:03:45+00:00,2026-10-04T00:13:52+00:00,,,,2026-10-03 23:56:34 UTC,https://bazaar.abuse.ch/export/txt/sha256/recent/,Zərərli fayl hash-i (SHA256)
sha256,61a5ff174e68c9b07388f9e99f9e6942b414896a9b8b43c52883017779e40d1b,72,high,MalwareBazaar,1,4,2026-10-03T14:03:45+00:00,2026-10-04T00:13:52+00:00,,,,2026-10-03 23:56:34 UTC,https://bazaar.abuse.ch/export/txt/sha256/recent/,Zərərli fayl hash-i (SHA256)
sha256,568bf76695a6eae730e65945e4fd6ea388849c3b982ab8985bb0b143e1c29134,72,high,MalwareBazaar,1,4,2026-10-03T14:03:45+00:00,2026-10-04T00:13:52+00:00,,,,2026-10-03 23:56:34 UTC,https://bazaar.abuse.ch/export/txt/sha256/recent/,Zərərli fayl hash-i (SHA256)
sha256,9371fe91b30be13a680d433ef4cf18a14019cff01582384f632e1abe01d4634d,72,high,MalwareBazaar,1,4,2026-10-03T14:03:45+00:00,2026-10-04T00:13:52+00:00,,,,2026-10-03 23:56:34 UTC,https://bazaar.abuse.ch/export/txt/sha256/recent/,Zərərli fayl hash-i (SHA256)
sha256,12c9f247e46d3ee8f3b26c2abe3c545d8dca48886925a646981ed8328c5e8eef,72,high,MalwareBazaar,1,4,2026-10-03T14:03:45+00:00,2026-10-04T00:13:52+00:00,,,,2026-10-03 23:56:34 UTC,https://bazaar.abuse.ch/export/txt/sha256/recent/,Zərərli fayl hash-i (SHA256)
sha256,e3dde3711692bb0fc59229603104892e2f6f7f42b31d4fb0a13236f6259e1be7,72,high,MalwareBazaar,1,4,2026-10-03T14:03:45+00:00,2026-10-04T00:13:52+00:00,,,,2026-10-03 23:56:34 UTC,https://bazaar.abuse.ch/export/txt/sha256/recent/,Zərərli fayl hash-i (SHA256)
sha256,4e932b3aa1069ebbefb250dda3caedf3ca766798c42cf23b12b5f347a5e43715,72,high,MalwareBazaar,1,4,2026-10-03T14:03:45+00:00,2026-10-04T00:13:52+00:00,,,,2026-10-03 23:56:34 UTC,https://bazaar.abuse.ch/export/txt/sha256/recent/,Zərərli fayl hash-i (SHA256)
sha256,5c0116269bdfdf70942289c694583e2ef914149dc20e53fd72319aec74132bce,72,high,MalwareBazaar,1,4,2026-10-03T14:03:45+00:00,2026-10-04T00:13:52+00:00,,,,2026-10-03 23:56:34 UTC,https://bazaar.abuse.ch/export/txt/sha256/recent/,Zərərli fayl hash-i (SHA256)
sha256,72d99759c2faadc567bab9af18d8fadea564223f58d66362967629b01a3c1145,72,high,MalwareBazaar,1,4,2026-10-03T14:03:45+00:00,2026-10-04T00:13:52+00:00,,,,2026-10-03 23:56:34 UTC,https://bazaar.abuse.ch/export/txt/sha256/recent/,Zərərli fayl hash-i (SHA256)
sha256,bd9473af26d1b51858979f97eb5ade588e959b8f8759d77cb14344606b3dbe9e,72,high,MalwareBazaar,1,4,2026-10-03T14:03:45+00:00,2026-10-04T00:13:52+00:00,,,,2026-10-03 23:56:34 UTC,https://bazaar.abuse.ch/export/txt/sha256/recent/,Zərərli fayl hash-i (SHA256)
sha256,2884813cf72116261b67a062b73c876443d35e223289665ab4354a2d55d13338,72,high,MalwareBazaar,1,4,2026-10-03T14:03:45+00:00,2026-10-04T00:13:52+00:00,,,,2026-10-03 23:56:34 UTC,https://bazaar.abuse.ch/export/txt/sha256/recent/,Zərərli fayl hash-i (SHA256)
sha256,bb68d4336197cd242f9c0552f3485f697522957aa9c304548cdbb48ef81ebdb5,72,high,MalwareBazaar,1,4,2026-10-03T14:03:45+00:00,2026-10-04T00:13:52+00:00,,,,2026-10-03 23:56:34 UTC,https://bazaar.abuse.ch/export/txt/sha256/recent/,Zərərli fayl hash-i (SHA256)
sha256,cd705e091f97f09a0e608d611e920d9b373889590a2a5247dd2ce3251a875f12,72,high,MalwareBazaar,1,4,2026-10-03T14:03:45+00:00,2026-10-04T00:13:52+00:00,,,,2026-10-03 23:56:34 UTC,https://bazaar.abuse.ch/export/txt/sha256/recent/,Zərərli fayl hash-i (SHA256)
sha256,f9f50ec2eb5b92848d162b6c26d81d3a24670657f1d465b50ae35c70aace6948,72,high,MalwareBazaar,1,4,2026-10-03T14:03:45+00:00,2026-10-04T00:13:52+00:00,,,,2026-10-03 23:56:34 UTC,https://bazaar.abuse.ch/export/txt/sha256/recent/,Zərərli fayl hash-i (SHA256)
sha256,29b93634edff0608276bfd35b1b2e32ce6e04ac824c27a93ab3cb02cb85148fd,72,high,MalwareBazaar,1,4,2026-10-03T14:03:45+00:00,2026-10-04T00:13:52+00:00,,,,2026-10-03 23:56:34 UTC,https://bazaar.abuse.ch/export/txt/sha256/recent/,Zərərli fayl hash-i (SHA256)
sha256,905e5071aa07a3c2707fe2c6fb873bfc0bd1efeb2a35dddaaa478944b5bf2f4f,72,high,MalwareBazaar,1,4,2026-10-03T14:03:45+00:00,2026-10-04T00:13:52+00:00,,,,2026-10-03 23:56:34 UTC,https://bazaar.abuse.ch/export/txt/sha256/recent/,Zərərli fayl hash-i (SHA256)
sha256,08ff1a293519f919c4fce850a6794a4df1f1b12e4aa3d6a29ee2ae30ff948278,72,high,MalwareBazaar,1,4,2026-10-03T14:03:45+00:00,2026-10-04T00:13:52+00:00,,,,2026-10-03 23:56:34 UTC,https://bazaar.abuse.ch/export/txt/sha256/recent/,Zərərli fayl hash-i (SHA256)
sha256,e62251a1e91852fd3e49a8bcd91f698853723b31e374e90561b402bd0f19611a,72,high,MalwareBazaar,1,4,2026-10-03T14:03:45+00:00,2026-10-04T00:13:52+00:00,,,,2026-10-03 23:56:34 UTC,https://bazaar.abuse.ch/export/txt/sha256/recent/,Zərərli fayl hash-i (SHA256)
sha256,76ea677954849b8e86bf6eeeccf0d8ed785516838c2a6e9f32f97011ce268ba8,72,high,MalwareBazaar,1,4,2026-10-03T14:03:45+00:00,2026-10-04T00:13:52+00:00,,,,2026-10-03 23:56:34 UTC,https://bazaar.abuse.ch/export/txt/sha256/recent/,Zərərli fayl hash-i (SHA256)
sha256,bbd3e7ff557eaebed512478546726b819a33748958d4536cfc9708385dd07fbb,72,high,MalwareBazaar,1,4,2026-10-03T14:03:45+00:00,2026-10-04T00:13:52+00:00,,,,2026-10-03 23:56:34 UTC,https://bazaar.abuse.ch/export/txt/sha256/recent/,Zərərli fayl hash-i (SHA256)
sha256,e35a9b717d19d84a68eb580731a06dec279037fbef2e52c42390bf7f84ef9535,72,high,MalwareBazaar,1,4,2026-10-03T14:03:45+00:00,2026-10-04T00:13:52+00:00,,,,2026-10-03 23:56:34 UTC,https://bazaar.abuse.ch/export/txt/sha256/recent/,Zərərli fayl hash-i (SHA256)
sha256,c4fc0d031bd5378dc38269e3267307b690cf5161ec8d457c2a4ab8e4c3342f2f,72,high,MalwareBazaar,1,4,2026-10-03T14:03:45+00:00,2026-10-04T00:13:52+00:00,,,,2026-10-03 23:56:34 UTC,https://bazaar.abuse.ch/export/txt/sha256/recent/,Zərərli fayl hash-i (SHA256)
sha256,b2c71d3b8001cc8090cc69fda460b78e9c1a5fddd38378fbf5047a72bfc52de7,72,high,MalwareBazaar,1,4,2026-10-03T14:03:45+00:00,2026-10-04T00:13:52+00:00,,,,2026-10-03 23:56:34 UTC,https://bazaar.abuse.ch/export/txt/sha256/recent/,Zərərli fayl hash-i (SHA256)
sha256,19f5e20eb2532d6455b1685eece088edff04c63cb718ff630f3075218a53f9f3,72,high,MalwareBazaar,1,4,2026-10-03T14:03:45+00:00,2026-10-04T00:13:52+00:00,,,,2026-10-03 23:56:34 UTC,https://bazaar.abuse.ch/export/txt/sha256/recent/,Zərərli fayl hash-i (SHA256)
sha256,300e68158421dacc2cc075fd8105bc4c95ddcbb6fe40765cf457e9f5811fe437,72,high,MalwareBazaar,1,4,2026-10-03T14:03:45+00:00,2026-10-04T00:13:52+00:00,,,,2026-10-03 23:56:34 UTC,https://bazaar.abuse.ch/export/txt/sha256/recent/,Zərərli fayl hash-i (SHA256)
sha256,0235d45e88b2b10aa799efc84fc4b60e6a68cbdaa63438d8165419f9f522f001,72,high,MalwareBazaar,1,4,2026-10-03T14:03:45+00:00,2026-10-04T00:13:52+00:00,,,,2026-10-03 23:56:34 UTC,https://bazaar.abuse.ch/export/txt/sha256/recent/,Zərərli fayl hash-i (SHA256)
sha256,eeaaa6954b5ab26b2dad9a4cd85857e3eb5b68c9f8026561cc817b0dba664c80,72,high,MalwareBazaar,1,4,2026-10-03T14:03:45+00:00,2026-10-04T00:13:52+00:00,,,,2026-10-03 23:56:34 UTC,https://bazaar.abuse.ch/export/txt/sha256/recent/,Zərərli fayl hash-i (SHA256)
sha256,45875253f73e39af2068081c3f072e08a9734542326d9d764489c2f789317d7f,72,high,MalwareBazaar,1,4,2026-10-03T14:03:45+00:00,2026-10-04T00:13:52+00:00,,,,2026-10-03 23:56:34 UTC,https://bazaar.abuse.ch/export/txt/sha256/recent/,Zərərli fayl hash-i (SHA256)
sha256,9435ac59c5ebf07c925cff35d78600300cb44bdced006639f0263e21080660c4,72,high,MalwareBazaar,1,4,2026-10-03T14:03:45+00:00,2026-10-04T00:13:52+00:00,,,,2026-10-03 23:56:34 UTC,https://bazaar.abuse.ch/export/txt/sha256/recent/,Zərərli fayl hash-i (SHA256)
sha256,5515479f80a725632cc0f7f1eafedc12bde910534734bb6fd0d6af5c0577c415,72,high,MalwareBazaar,1,4,2026-10-03T14:03:45+00:00,2026-10-04T00:13:52+00:00,,,,2026-10-03 23:56:34 UTC,https://bazaar.abuse.ch/export/txt/sha256/recent/,Zərərli fayl hash-i (SHA256)
sha256,0b6ae2e66578c061aa9e886db17710765a3a6c574d914da38311546b163a47d3,72,high,MalwareBazaar,1,4,2026-10-03T14:03:45+00:00,2026-10-04T00:13:52+00:00,,,,2026-10-03 23:56:34 UTC,https://bazaar.abuse.ch/export/txt/sha256/recent/,Zərərli fayl hash-i (SHA256)
sha256,042a19d70ad441465459ef9e4a16a4bd163211b4321e77a948b743295633f4b6,72,high,MalwareBazaar,1,4,2026-10-03T14:03:45+00:00,2026-10-04T00:13:52+00:00,,,,2026-10-03 23:56:34 UTC,https://bazaar.abuse.ch/export/txt/sha256/recent/,Zərərli fayl hash-i (SHA256)
sha256,118d63775e4f7fb5d95c35a2605802ad324835f159eba3879ea9bb4eadf7facb,72,high,MalwareBazaar,1,4,2026-10-03T14:03:45+00:00,2026-10-04T00:13:52+00:00,,,,2026-10-03 23:56:34 UTC,https://bazaar.abuse.ch/export/txt/sha256/recent/,Zərərli fayl hash-i (SHA256)
sha256,19d6dd6c563e2bc4a317e618e532c964a2078ff0e61225006f1a6eeb69d34c28,72,high,MalwareBazaar,1,4,2026-10-03T14:03:45+00:00,2026-10-04T00:13:52+00:00,,,,2026-10-03 23:56:34 UTC,https://bazaar.abuse.ch/export/txt/sha256/recent/,Zərərli fayl hash-i (SHA256)
sha256,83327d987716f013640631d3050746e03afe3d6aa23e055baba675ae8698eeb5,72,high,MalwareBazaar,1,4,2026-10-03T14:03:45+00:00,2026-10-04T00:13:52+00:00,,,,2026-10-03 23:56:34 UTC,https://bazaar.abuse.ch/export/txt/sha256/recent/,Zərərli fayl hash-i (SHA256)
sha256,07eefb82d013cc50e21f735b33cd98cee7184a7e3e23f9db4e94a95d816e92ba,72,high,MalwareBazaar,1,4,2026-10-03T14:03:45+00:00,2026-10-04T00:13:52+00:00,,,,2026-10-03 23:56:34 UTC,https://bazaar.abuse.ch/export/txt/sha256/recent/,Zərərli fayl hash-i (SHA256)
sha256,bf605718228b89edf3c77d4d2c5ba18a8372ba404b506b32f42f4fe1056cd351,72,high,MalwareBazaar,1,4,2026-10-03T14:03:45+00:00,2026-10-04T00:13:52+00:00,,,,2026-10-03 23:56:34 UTC,https://bazaar.abuse.ch/export/txt/sha256/recent/,Zərərli fayl hash-i (SHA256)
sha256,c4f18b6a8adcd70f19a244eefe7107dc50c11070bf5df8d3f262fd38283bcfd7,72,high,MalwareBazaar,1,4,2026-10-03T14:03:45+00:00,2026-10-04T00:13:52+00:00,,,,2026-10-03 23:56:34 UTC,https://bazaar.abuse.ch/export/txt/sha256/recent/,Zərərli fayl hash-i (SHA256)
sha256,3fa8eaadeaf2538911dffa364ec030bb310e3de5acd95fa6010c1978b6d15638,72,high,MalwareBazaar,1,4,2026-10-03T14:03:45+00:00,2026-10-04T00:13:52+00:00,,,,2026-10-03 23:56:34 UTC,https://bazaar.abuse.ch/export/txt/sha256/recent/,Zərərli fayl hash-i (SHA256)
sha256,99f684b42331ab01e672606022c8f02c5e34cb09121933b1ba476059b5450b77,72,high,MalwareBazaar,1,4,2026-10-03T14:03:45+00:00,2026-10-04T00:13:52+00:00,,,,2026-10-03 23:56:34 UTC,https://bazaar.abuse.ch/export/txt/sha256/recent/,Zərərli fayl hash-i (SHA256)
sha256,2cce33d70f7922577e9e50fab62b4e230c9bcf886506eb10008406a0b0d1b7f5,72,high,MalwareBazaar,1,4,2026-10-03T14:03:45+00:00,2026-10-04T00:13:52+00:00,,,,2026-10-03 23:56:34 UTC,https://bazaar.abuse.ch/export/txt/sha256/recent/,Zərərli fayl hash-i (SHA256)
sha256,1c81684f2e9338e419bae32abd15ace7951c355c431187f3aba8019280993d39,72,high,MalwareBazaar,1,4,2026-10-03T14:03:45+00:00,2026-10-04T00:13:52+00:00,,,,2026-10-03 23:56:34 UTC,https://bazaar.abuse.ch/export/txt/sha256/recent/,Zərərli fayl hash-i (SHA256)
sha256,852c7e3c7946f8b45d6096b571171f5e97e9bf1f27a37b5659e89b4777a91c35,72,high,MalwareBazaar,1,4,2026-10-03T14:03:45+00:00,2026-10-04T00:13:52+00:00,,,,2026-10-03 23:56:34 UTC,https://bazaar.abuse.ch/export/txt/sha256/recent/,Zərərli fayl hash-i (SHA256)
sha256,89d70610b216ac252d369405ff8f17a16a9be554abfa22ab51c83d8469a05256,72,high,MalwareBazaar,1,4,2026-10-03T14:03:45+00:00,2026-10-04T00:13:52+00:00,,,,2026-10-03 23:56:34 UTC,https://bazaar.abuse.ch/export/txt/sha256/recent/,Zərərli fayl hash-i (SHA256)
sha256,64b47cff84028c7355643582b146795fcd49f7cd74d46d941a7095fc57a20098,72,high,MalwareBazaar,1,4,2026-10-03T14:03:45+00:00,2026-10-04T00:13:52+00:00,,,,2026-10-03 23:56:34 UTC,https://bazaar.abuse.ch/export/txt/sha256/recent/,Zərərli fayl hash-i (SHA256)
sha256,b5013ad5457e944f076388cad89c9ea724af5b660e339336119cac86b3919af8,72,high,MalwareBazaar,1,4,2026-10-03T14:03:45+00:00,2026-10-04T00:13:52+00:00,,,,2026-10-03 23:56:34 UTC,https://bazaar.abuse.ch/export/txt/sha256/recent/,Zərərli fayl hash-i (SHA256)
sha256,6630ff11e8ed3fc9c0276fa5c0de0a3eeaec6e7c8e0158adb6bece4db4d4e408,72,high,MalwareBazaar,1,4,2026-10-03T14:03:45+00:00,2026-10-04T00:13:52+00:00,,,,2026-10-03 23:56:34 UTC,https://bazaar.abuse.ch/export/txt/sha256/recent/,Zərərli fayl hash-i (SHA256)
sha256,3395261c36c778cf022cdce8b598ac002d41f7f670104b4132cc8f2cbb9bbde0,72,high,MalwareBazaar,1,4,2026-10-03T14:03:45+00:00,2026-10-04T00:13:52+00:00,,,,2026-10-03 23:56:34 UTC,https://bazaar.abuse.ch/export/txt/sha256/recent/,Zərərli fayl hash-i (SHA256)
sha256,31957283d66547d439d2f073e246a0fd46da734e0e7ea5e25d36ee86a7df7d04,72,high,MalwareBazaar,1,4,2026-10-03T14:03:45+00:00,2026-10-04T00:13:52+00:00,,,,2026-10-03 23:56:34 UTC,https://bazaar.abuse.ch/export/txt/sha256/recent/,Zərərli fayl hash-i (SHA256)
sha256,4adfc8a74301db0673807960098df01e5384f6568e6ee45f03894976e4f272ec,72,high,MalwareBazaar,1,4,2026-10-03T14:03:45+00:00,2026-10-04T00:13:52+00:00,,,,2026-10-03 23:56:34 UTC,https://bazaar.abuse.ch/export/txt/sha256/recent/,Zərərli fayl hash-i (SHA256)
sha256,d3fd27b5a26302626d8eac3b2fea3ab0370b5918b97f5f3e310137ad00bdebcc,72,high,MalwareBazaar,1,4,2026-10-03T14:03:45+00:00,2026-10-04T00:13:52+00:00,,,,2026-10-03 23:56:34 UTC,https://bazaar.abuse.ch/export/txt/sha256/recent/,Zərərli fayl hash-i (SHA256)
sha256,543c918131b0606943fe110871ce168d055285c81271a73c7648e4bebcbbec4c,72,high,MalwareBazaar,1,4,2026-10-03T14:03:45+00:00,2026-10-04T00:13:52+00:00,,,,2026-10-03 23:56:34 UTC,https://bazaar.abuse.ch/export/txt/sha256/recent/,Zərərli fayl hash-i (SHA256)
sha256,6bf72a00897f67d0e4a4a0ede097e172af29409068cfebe2b4762e8d9d0fa83a,72,high,MalwareBazaar,1,4,2026-10-03T14:03:45+00:00,2026-10-04T00:13:52+00:00,,,,2026-10-03 23:56:34 UTC,https://bazaar.abuse.ch/export/txt/sha256/recent/,Zərərli fayl hash-i (SHA256)
sha256,48977719f99093041b399d77858f2e0754b7ea3eb0604a0ac6f3dfcfa5b750fa,72,high,MalwareBazaar,1,4,2026-10-03T14:03:45+00:00,2026-10-04T00:13:52+00:00,,,,2026-10-03 23:56:34 UTC,https://bazaar.abuse.ch/export/txt/sha256/recent/,Zərərli fayl hash-i (SHA256)
sha256,b67e5738d2194a62ebe06e6b8e8e56e430ccf8263f0bad3ef1bdeb2cbbeaddb0,72,high,MalwareBazaar,1,4,2026-10-03T14:03:45+00:00,2026-10-04T00:13:52+00:00,,,,2026-10-03 23:56:34 UTC,https://bazaar.abuse.ch/export/txt/sha256/recent/,Zərərli fayl hash-i (SHA256)
sha256,f3a9a193102bb50ca22e2c86e5d13c931924aad3806833dee2e28257c83a4860,72,high,MalwareBazaar,1,4,2026-10-03T14:03:45+00:00,2026-10-04T00:13:52+00:00,,,,2026-10-03 23:56:34 UTC,https://bazaar.abuse.ch/export/txt/sha256/recent/,Zərərli fayl hash-i (SHA256)
sha256,8359207133bba3a09fa0cd21ff925a2f1c46b667ed06d32607b5de47c39b70d0,72,high,MalwareBazaar,1,4,2026-10-03T14:03:45+00:00,2026-10-04T00:13:52+00:00,,,,2026-10-03 23:56:34 UTC,https://bazaar.abuse.ch/export/txt/sha256/recent/,Zərərli fayl hash-i (SHA256)
sha256,e66e30257bffaa087c73b91566c75f5333db8b8d787c205028b845e8f9864ca2,72,high,MalwareBazaar,1,4,2026-10-03T14:03:45+00:00,2026-10-04T00:13:52+00:00,,,,2026-10-03 23:56:34 UTC,https://bazaar.abuse.ch/export/txt/sha256/recent/,Zərərli fayl hash-i (SHA256)
sha256,e16618583b9255c3c03feeaa9da1e7c3ef2291764421c0851ecae398c90a5f17,72,high,MalwareBazaar,1,4,2026-10-03T14:03:45+00:00,2026-10-04T00:13:52+00:00,,,,2026-10-03 23:56:34 UTC,https://bazaar.abuse.ch/export/txt/sha256/recent/,Zərərli fayl hash-i (SHA256)
sha256,0bd50f7c5a6bfce4220d366ec130b6a0ce51921ab7fe6973d12984885d7a34fe,72,high,MalwareBazaar,1,4,2026-10-03T14:03:45+00:00,2026-10-04T00:13:52+00:00,,,,2026-10-03 23:56:34 UTC,https://bazaar.abuse.ch/export/txt/sha256/recent/,Zərərli fayl hash-i (SHA256)
sha256,1535f8c705b0a1ceb4b31a2aa1e73a5f4ac4a144f96bcfc1864cc01bd0c6c7c3,72,high,MalwareBazaar,1,4,2026-10-03T14:03:45+00:00,2026-10-04T00:13:52+00:00,,,,2026-10-03 23:56:34 UTC,https://bazaar.abuse.ch/export/txt/sha256/recent/,Zərərli fayl hash-i (SHA256)
sha256,e98dcae8ad990825ffd78c4f418d8bd172d8ea9d24dd77776c578e5790bf8f3a,72,high,MalwareBazaar,1,4,2026-10-03T14:03:45+00:00,2026-10-04T00:13:52+00:00,,,,2026-10-03 23:56:34 UTC,https://bazaar.abuse.ch/export/txt/sha256/recent/,Zərərli fayl hash-i (SHA256)
sha256,1b7ad0fa8b2f0a9c2ebc59847eb80223f766afe3fa3a8ffb1b86d60eaf04576d,72,high,MalwareBazaar,1,4,2026-10-03T14:03:45+00:00,2026-10-04T00:13:52+00:00,,,,2026-10-03 23:56:34 UTC,https://bazaar.abuse.ch/export/txt/sha256/recent/,Zərərli fayl hash-i (SHA256)
sha256,a15a3d22caa6fea7044a48e881aa410230f3425dd005508234aa664e4fe5d97a,72,high,MalwareBazaar,1,4,2026-10-03T14:03:45+00:00,2026-10-04T00:13:52+00:00,,,,2026-10-03 23:56:34 UTC,https://bazaar.abuse.ch/export/txt/sha256/recent/,Zərərli fayl hash-i (SHA256)
sha256,e1bb40835a54889ead80b26b7abb796dce61ccc0372aa8317da805317261ccdb,72,high,MalwareBazaar,1,4,2026-10-03T14:03:45+00:00,2026-10-04T00:13:52+00:00,,,,2026-10-03 23:56:34 UTC,https://bazaar.abuse.ch/export/txt/sha256/recent/,Zərərli fayl hash-i (SHA256)
sha256,708eb15888514e4675cb7501abcccde0ad2df369e518730d96594ff77d67fa73,72,high,MalwareBazaar,1,5,2026-10-03T08:42:27+00:00,2026-10-04T00:13:52+00:00,,,,2026-10-03 23:56:34 UTC,https://bazaar.abuse.ch/export/txt/sha256/recent/,Zərərli fayl hash-i (SHA256)
sha256,54bce16e7f24ca7683a29fadd0f9b6d6a838c16f797dc610f5ec5b63fa6cc532,72,high,MalwareBazaar,1,5,2026-10-03T08:42:27+00:00,2026-10-04T00:13:52+00:00,,,,2026-10-03 23:56:34 UTC,https://bazaar.abuse.ch/export/txt/sha256/recent/,Zərərli fayl hash-i (SHA256)
sha256,74e553523ca8afec8e56befc4b2f8edbf62fd5ead04c44ade595fc99ecc56ad0,72,high,MalwareBazaar,1,5,2026-10-03T08:42:27+00:00,2026-10-04T00:13:52+00:00,,,,2026-10-03 23:56:34 UTC,https://bazaar.abuse.ch/export/txt/sha256/recent/,Zərərli fayl hash-i (SHA256)
sha256,a9c759ea8ea13df937b0d7dc7971aec13028f8953a26c620c2f6b7009fb9fea8,72,high,MalwareBazaar,1,5,2026-10-03T08:42:27+00:00,2026-10-04T00:13:52+00:00,,,,2026-10-03 23:56:34 UTC,https://bazaar.abuse.ch/export/txt/sha256/recent/,Zərərli fayl hash-i (SHA256)
sha256,f0b5bc2220408f6d2bfc260071d1f596bf198c2c8fbe32feb672b9bfdbed290e,72,high,MalwareBazaar,1,5,2026-10-03T08:42:27+00:00,2026-10-04T00:13:52+00:00,,,,2026-10-03 23:56:34 UTC,https://bazaar.abuse.ch/export/txt/sha256/recent/,Zərərli fayl hash-i (SHA256)
sha256,53a00597ffb492b24624e142b0b726f6fa455b958dcd5fe39acaa74b78aec34a,72,high,MalwareBazaar,1,5,2026-10-03T08:42:27+00:00,2026-10-04T00:13:52+00:00,,,,2026-10-03 23:56:34 UTC,https://bazaar.abuse.ch/export/txt/sha256/recent/,Zərərli fayl hash-i (SHA256)
sha256,f663aaab15536ac4bf5b2f7547470c256faf171149d3ede5dd0199e762bf2792,72,high,MalwareBazaar,1,5,2026-10-03T08:42:27+00:00,2026-10-04T00:13:52+00:00,,,,2026-10-03 23:56:34 UTC,https://bazaar.abuse.ch/export/txt/sha256/recent/,Zərərli fayl hash-i (SHA256)
sha256,230f9377c60d8545d99f41876fa3bd0ff0557b3ae0d39565159cc5b78c936fde,72,high,MalwareBazaar,1,5,2026-10-03T08:42:27+00:00,2026-10-04T00:13:52+00:00,,,,2026-10-03 23:56:34 UTC,https://bazaar.abuse.ch/export/txt/sha256/recent/,Zərərli fayl hash-i (SHA256)
sha256,d5dc4b7d2756198be64935eda8439510daa497cbda607b34d6b055d729f44462,72,high,MalwareBazaar,1,5,2026-10-03T08:42:27+00:00,2026-10-04T00:13:52+00:00,,,,2026-10-03 23:56:34 UTC,https://bazaar.abuse.ch/export/txt/sha256/recent/,Zərərli fayl hash-i (SHA256)
sha256,01be4a4dbee15e0f07ddf8be467da3d683cc57f245cbba93a9263f56c1249a42,72,high,MalwareBazaar,1,5,2026-10-03T08:42:27+00:00,2026-10-04T00:13:52+00:00,,,,2026-10-03 23:56:34 UTC,https://bazaar.abuse.ch/export/txt/sha256/recent/,Zərərli fayl hash-i (SHA256)
sha256,2d96839426e3400d9273eb9621889e74f847b503a2c9ef73ae8148f80a1eb2a1,72,high,MalwareBazaar,1,5,2026-10-03T08:42:27+00:00,2026-10-04T00:13:52+00:00,,,,2026-10-03 23:56:34 UTC,https://bazaar.abuse.ch/export/txt/sha256/recent/,Zərərli fayl hash-i (SHA256)
sha256,372a17ab8c80c4d0789d09eb6d3c1995d56cf15cb820889de827ffb70b5f18e4,72,high,MalwareBazaar,1,5,2026-10-03T08:42:27+00:00,2026-10-04T00:13:52+00:00,,,,2026-10-03 23:56:34 UTC,https://bazaar.abuse.ch/export/txt/sha256/recent/,Zərərli fayl hash-i (SHA256)
sha256,bffecd40374eb2788c47a1adea38cb24eb05812f93a561ee503549879617a42c,72,high,MalwareBazaar,1,5,2026-10-03T08:42:27+00:00,2026-10-04T00:13:52+00:00,,,,2026-10-03 23:56:34 UTC,https://bazaar.abuse.ch/export/txt/sha256/recent/,Zərərli fayl hash-i (SHA256)
sha256,75300610d2c17b6e65766babd1878ef1d933eabeb78e50b9487fbb1a9572b7fc,72,high,MalwareBazaar,1,5,2026-10-03T08:42:27+00:00,2026-10-04T00:13:52+00:00,,,,2026-10-03 23:56:34 UTC,https://bazaar.abuse.ch/export/txt/sha256/recent/,Zərərli fayl hash-i (SHA256)
sha256,7451d2df5fa394be6113f056013050ca2853a40231222204cbd289beb7dd46ef,72,high,MalwareBazaar,1,5,2026-10-03T08:42:27+00:00,2026-10-04T00:13:52+00:00,,,,2026-10-03 23:56:34 UTC,https://bazaar.abuse.ch/export/txt/sha256/recent/,Zərərli fayl hash-i (SHA256)
sha256,97df330410c814e0db3eeb988af0dbde105b776baf1b3af08516341a778cde3e,72,high,MalwareBazaar,1,5,2026-10-03T08:42:27+00:00,2026-10-04T00:13:52+00:00,,,,2026-10-03 23:56:34 UTC,https://bazaar.abuse.ch/export/txt/sha256/recent/,Zərərli fayl hash-i (SHA256)
sha256,8a287d808ee098002248f03563da082e0939f9532d211c569c1937de62ef2cb9,72,high,MalwareBazaar,1,5,2026-10-03T08:42:27+00:00,2026-10-04T00:13:52+00:00,,,,2026-10-03 23:56:34 UTC,https://bazaar.abuse.ch/export/txt/sha256/recent/,Zərərli fayl hash-i (SHA256)
sha256,cda0e3cecf5cb049a3c9589d7e88d72f1fb102bf5037080bc579f05cecaa3c6c,72,high,MalwareBazaar,1,5,2026-10-03T08:42:27+00:00,2026-10-04T00:13:52+00:00,,,,2026-10-03 23:56:34 UTC,https://bazaar.abuse.ch/export/txt/sha256/recent/,Zərərli fayl hash-i (SHA256)
sha256,a199b97450fe8a1d60209237801321d88cf5f3dd720183f196477f427eaa2d89,72,high,MalwareBazaar,1,5,2026-10-03T08:42:27+00:00,2026-10-04T00:13:52+00:00,,,,2026-10-03 23:56:34 UTC,https://bazaar.abuse.ch/export/txt/sha256/recent/,Zərərli fayl hash-i (SHA256)
sha256,9c2f72796f72e5a06c6a23e648f0685cecbe0f3624fc8e73886c3c9ae6f7537a,72,high,MalwareBazaar,1,5,2026-10-03T08:42:27+00:00,2026-10-04T00:13:52+00:00,,,,2026-10-03 23:56:34 UTC,https://bazaar.abuse.ch/export/txt/sha256/recent/,Zərərli fayl hash-i (SHA256)
sha256,b44c1284d7f2e4c40d8c370fed99af3933d1605cdb5bfdc93ea0100d347433a3,72,high,MalwareBazaar,1,5,2026-10-03T08:42:27+00:00,2026-10-04T00:13:52+00:00,,,,2026-10-03 23:56:34 UTC,https://bazaar.abuse.ch/export/txt/sha256/recent/,Zərərli fayl hash-i (SHA256)
sha256,d1f4e34e1a3d5be26a70f56d0709c54bdd6caf5f8dbd6ca84f041b27e8532461,72,high,MalwareBazaar,1,5,2026-10-03T08:42:27+00:00,2026-10-04T00:13:52+00:00,,,,2026-10-03 23:56:34 UTC,https://bazaar.abuse.ch/export/txt/sha256/recent/,Zərərli fayl hash-i (SHA256)
sha256,ec9a838423f6a16ff80301cd09ca0333bc07ab5c24b40e6cb7bef46a7ecac25b,72,high,MalwareBazaar,1,5,2026-10-03T08:42:27+00:00,2026-10-04T00:13:52+00:00,,,,2026-10-03 23:56:34 UTC,https://bazaar.abuse.ch/export/txt/sha256/recent/,Zərərli fayl hash-i (SHA256)
sha256,a476654140f2734ef4dbe54001da31d260feb706c6508e96df2dd4be9ddc31a0,72,high,MalwareBazaar,1,5,2026-10-03T08:42:27+00:00,2026-10-04T00:13:52+00:00,,,,2026-10-03 23:56:34 UTC,https://bazaar.abuse.ch/export/txt/sha256/recent/,Zərərli fayl hash-i (SHA256)
sha256,2a8c2c1c3333f35a2feac67d048342fbb6e8e5c129d536c67a1115ed72e0065b,72,high,MalwareBazaar,1,5,2026-10-03T08:42:27+00:00,2026-10-04T00:13:52+00:00,,,,2026-10-03 23:56:34 UTC,https://bazaar.abuse.ch/export/txt/sha256/recent/,Zərərli fayl hash-i (SHA256)
sha256,e148526ff5d3a132a147359a7164f30b8f84f8cd4920b1e94974cf6dc6b4d996,72,high,MalwareBazaar,1,5,2026-10-03T08:42:27+00:00,2026-10-04T00:13:52+00:00,,,,2026-10-03 23:56:34 UTC,https://bazaar.abuse.ch/export/txt/sha256/recent/,Zərərli fayl hash-i (SHA256)
sha256,ee1667c977ac4224a395fd99ef857699193beb4fd44fb7d63d0776edc91cae96,72,high,MalwareBazaar,1,5,2026-10-03T08:42:27+00:00,2026-10-04T00:13:52+00:00,,,,2026-10-03 23:56:34 UTC,https://bazaar.abuse.ch/export/txt/sha256/recent/,Zərərli fayl hash-i (SHA256)
sha256,fe81f791dc2c956f7df44e76122ae5c13cc714d26592ae02751307e8714de6a8,72,high,MalwareBazaar,1,5,2026-10-03T08:42:27+00:00,2026-10-04T00:13:52+00:00,,,,2026-10-03 23:56:34 UTC,https://bazaar.abuse.ch/export/txt/sha256/recent/,Zərərli fayl hash-i (SHA256)
sha256,7d9a6cad78a3980c83676dd626e7bdd6c4d397ac64f35aa01d4e4a98679cab72,72,high,MalwareBazaar,1,5,2026-10-03T08:42:27+00:00,2026-10-04T00:13:52+00:00,,,,2026-10-03 23:56:34 UTC,https://bazaar.abuse.ch/export/txt/sha256/recent/,Zərərli fayl hash-i (SHA256)
sha256,270818363029321786e16e2102c550a1edc7bd6fde172ed6c620ad1958c36ac8,72,high,MalwareBazaar,1,5,2026-10-03T08:42:27+00:00,2026-10-04T00:13:52+00:00,,,,2026-10-03 23:56:34 UTC,https://bazaar.abuse.ch/export/txt/sha256/recent/,Zərərli fayl hash-i (SHA256)
sha256,c2f5532f3209dce0bd30ead47a2616a74ce8170324ef68dfd59acac3f5f1da34,72,high,MalwareBazaar,1,5,2026-10-03T08:42:27+00:00,2026-10-04T00:13:52+00:00,,,,2026-10-03 23:56:34 UTC,https://bazaar.abuse.ch/export/txt/sha256/recent/,Zərərli fayl hash-i (SHA256)
sha256,c591f581a245fccfc6405945c161c71bcb466db0b83318c4838fabe22234f208,72,high,MalwareBazaar,1,5,2026-10-03T08:42:27+00:00,2026-10-04T00:13:52+00:00,,,,2026-10-03 23:56:34 UTC,https://bazaar.abuse.ch/export/txt/sha256/recent/,Zərərli fayl hash-i (SHA256)
sha256,fa76b2af590fa1fcc46ca38ec83ef40aa02616021bb88fb35106504342b3ac20,72,high,MalwareBazaar,1,5,2026-10-03T08:42:27+00:00,2026-10-04T00:13:52+00:00,,,,2026-10-03 23:56:34 UTC,https://bazaar.abuse.ch/export/txt/sha256/recent/,Zərərli fayl hash-i (SHA256)
sha256,67aad942831fde6969bedfbe7285410cc3f7047b3f8f13a7deb68a4adc4ddf11,72,high,MalwareBazaar,1,5,2026-10-03T08:42:27+00:00,2026-10-04T00:13:52+00:00,,,,2026-10-03 23:56:34 UTC,https://bazaar.abuse.ch/export/txt/sha256/recent/,Zərərli fayl hash-i (SHA256)
sha256,f43e44009d35dd253fae8c0a5c36a3bc53d93a468d6e4f068ab3e9e46478b05f,72,high,MalwareBazaar,1,5,2026-10-03T08:42:27+00:00,2026-10-04T00:13:52+00:00,,,,2026-10-03 23:56:34 UTC,https://bazaar.abuse.ch/export/txt/sha256/recent/,Zərərli fayl hash-i (SHA256)
sha256,7629fe856487cf2a9581ac4d5040cf0603f7f47c6db5eb5cecadddef9c13e6a7,72,high,MalwareBazaar,1,5,2026-10-03T08:42:27+00:00,2026-10-04T00:13:52+00:00,,,,2026-10-03 23:56:34 UTC,https://bazaar.abuse.ch/export/txt/sha256/recent/,Zərərli fayl hash-i (SHA256)
sha256,3242094dacc034bbfc5c6a1a62a9fdc234b0cee22cb07b2ae44485b6cfe85a4b,72,high,MalwareBazaar,1,5,2026-10-03T08:42:27+00:00,2026-10-04T00:13:52+00:00,,,,2026-10-03 23:56:34 UTC,https://bazaar.abuse.ch/export/txt/sha256/recent/,Zərərli fayl hash-i (SHA256)
sha256,69567223a283fc2c254ae97f43ea36de66a345e1a3a5790f241d579dd3406ddb,72,high,MalwareBazaar,1,5,2026-10-03T08:42:27+00:00,2026-10-04T00:13:52+00:00,,,,2026-10-03 23:56:34 UTC,https://bazaar.abuse.ch/export/txt/sha256/recent/,Zərərli fayl hash-i (SHA256)
sha256,1cfbf1bad6c7128ba8e8580ec22f33d2996d1bad27eda6c44b5286dc9dbea3e3,72,high,MalwareBazaar,1,5,2026-10-03T08:42:27+00:00,2026-10-04T00:13:52+00:00,,,,2026-10-03 23:56:34 UTC,https://bazaar.abuse.ch/export/txt/sha256/recent/,Zərərli fayl hash-i (SHA256)
sha256,92f886f400e93c9c95689ffa2fc3c9c789b3b29e02455737a28cc2d26f5b0ec5,72,high,MalwareBazaar,1,5,2026-10-03T08:42:27+00:00,2026-10-04T00:13:52+00:00,,,,2026-10-03 23:56:34 UTC,https://bazaar.abuse.ch/export/txt/sha256/recent/,Zərərli fayl hash-i (SHA256)
sha256,566b6a879e20c3d3eac8e692e233cf946879d47f14c577fdc343b06a11b1beab,72,high,MalwareBazaar,1,5,2026-10-03T08:42:27+00:00,2026-10-04T00:13:52+00:00,,,,2026-10-03 23:56:34 UTC,https://bazaar.abuse.ch/export/txt/sha256/recent/,Zərərli fayl hash-i (SHA256)
sha256,bda14fdc645f229c83c61815717e03e61ecec50e555c114fa8997eb2983848f4,72,high,MalwareBazaar,1,5,2026-10-03T08:42:27+00:00,2026-10-04T00:13:52+00:00,,,,2026-10-03 23:56:34 UTC,https://bazaar.abuse.ch/export/txt/sha256/recent/,Zərərli fayl hash-i (SHA256)
sha256,2e7044f87cdbca22208a00614dc292bb29f9b5f8cf602af91684a809c7d85b1f,72,high,MalwareBazaar,1,5,2026-10-03T08:42:27+00:00,2026-10-04T00:13:52+00:00,,,,2026-10-03 23:56:34 UTC,https://bazaar.abuse.ch/export/txt/sha256/recent/,Zərərli fayl hash-i (SHA256)
sha256,de9d9663fa7293fca6e75ffd75f69b2119269020dc0985b3d11b2c7f0af9af2e,72,high,MalwareBazaar,1,5,2026-10-03T08:42:27+00:00,2026-10-04T00:13:52+00:00,,,,2026-10-03 23:56:34 UTC,https://bazaar.abuse.ch/export/txt/sha256/recent/,Zərərli fayl hash-i (SHA256)
sha256,0683dae34749be13ed9c48fe8e71ada678c7189bc51bd373a5e69405458d62d7,72,high,MalwareBazaar,1,5,2026-10-03T08:42:27+00:00,2026-10-04T00:13:52+00:00,,,,2026-10-03 23:56:34 UTC,https://bazaar.abuse.ch/export/txt/sha256/recent/,Zərərli fayl hash-i (SHA256)
sha256,a3da040aab40b054014f57bd68987c03b451344d5d00d8dc68dbc7af8af0e98e,72,high,MalwareBazaar,1,5,2026-10-03T08:42:27+00:00,2026-10-04T00:13:52+00:00,,,,2026-10-03 23:56:34 UTC,https://bazaar.abuse.ch/export/txt/sha256/recent/,Zərərli fayl hash-i (SHA256)
sha256,383f6b988e0571e090ae3ec4fac8ec2a35e781fb0312086d66a0900400952cd9,72,high,MalwareBazaar,1,5,2026-10-03T08:42:27+00:00,2026-10-04T00:13:52+00:00,,,,2026-10-03 23:56:34 UTC,https://bazaar.abuse.ch/export/txt/sha256/recent/,Zərərli fayl hash-i (SHA256)
sha256,46cf2eb7c60bacba127f48293eef5eafd7ede08cbc16af81a9dfe537fcbd24ec,72,high,MalwareBazaar,1,5,2026-10-03T08:42:27+00:00,2026-10-04T00:13:52+00:00,,,,2026-10-03 23:56:34 UTC,https://bazaar.abuse.ch/export/txt/sha256/recent/,Zərərli fayl hash-i (SHA256)
sha256,fbdca3aa5edbc6da025df617d23c51ca4a254faca641a796eb2044cc2ad5aae6,72,high,MalwareBazaar,1,5,2026-10-03T08:42:27+00:00,2026-10-04T00:13:52+00:00,,,,2026-10-03 23:56:34 UTC,https://bazaar.abuse.ch/export/txt/sha256/recent/,Zərərli fayl hash-i (SHA256)
sha256,917fcc9131c6e9ca16264a85afc62532297bb39eb9d37765dad536c7c8c7735c,72,high,MalwareBazaar,1,5,2026-10-03T08:42:27+00:00,2026-10-04T00:13:52+00:00,,,,2026-10-03 23:56:34 UTC,https://bazaar.abuse.ch/export/txt/sha256/recent/,Zərərli fayl hash-i (SHA256)
sha256,2e35846d260b22cbc0f15d54459389ad37e9b3fc3df0c1dd33b38ee1ab95b76b,72,high,MalwareBazaar,1,5,2026-10-03T08:42:27+00:00,2026-10-04T00:13:52+00:00,,,,2026-10-03 23:56:34 UTC,https://bazaar.abuse.ch/export/txt/sha256/recent/,Zərərli fayl hash-i (SHA256)
sha256,1388543cf6c46539152b56ccf7814881075c1d085e314b2d0b3cd63577476ffa,72,high,MalwareBazaar,1,5,2026-10-03T08:42:27+00:00,2026-10-04T00:13:52+00:00,,,,2026-10-03 23:56:34 UTC,https://bazaar.abuse.ch/export/txt/sha256/recent/,Zərərli fayl hash-i (SHA256)
sha256,c718c5b0c8392db6c735aed9cc6700c7b1fdfb52cbf8c3e10b3e711c1d7b53a7,72,high,MalwareBazaar,1,5,2026-10-03T08:42:27+00:00,2026-10-04T00:13:52+00:00,,,,2026-10-03 23:56:34 UTC,https://bazaar.abuse.ch/export/txt/sha256/recent/,Zərərli fayl hash-i (SHA256)
sha256,1a54e9e020f4daca31f41915affcf57b8a19f481140c64672c03e2bf7af80637,72,high,MalwareBazaar,1,5,2026-10-03T08:42:27+00:00,2026-10-04T00:13:52+00:00,,,,2026-10-03 23:56:34 UTC,https://bazaar.abuse.ch/export/txt/sha256/recent/,Zərərli fayl hash-i (SHA256)
sha256,3e20abac51b4f51b4f1a03378c553cbdc70517d8c640ee9200e16f6346861063,72,high,MalwareBazaar,1,5,2026-10-03T08:42:27+00:00,2026-10-04T00:13:52+00:00,,,,2026-10-03 23:56:34 UTC,https://bazaar.abuse.ch/export/txt/sha256/recent/,Zərərli fayl hash-i (SHA256)
sha256,fa3de3e1240382744814a75f9f4d1f638a98d3afca41d646eb860f3020b675b1,72,high,MalwareBazaar,1,5,2026-10-03T08:42:27+00:00,2026-10-04T00:13:52+00:00,,,,2026-10-03 23:56:34 UTC,https://bazaar.abuse.ch/export/txt/sha256/recent/,Zərərli fayl hash-i (SHA256)
sha256,c0b2074818d089cd18bc1b00b62d8999f889eb39b2f03f0923496c9fbc3ca929,72,high,MalwareBazaar,1,5,2026-10-03T08:42:27+00:00,2026-10-04T00:13:52+00:00,,,,2026-10-03 23:56:34 UTC,https://bazaar.abuse.ch/export/txt/sha256/recent/,Zərərli fayl hash-i (SHA256)
sha256,38052e14d4d68bb0ded3547165c6173e4b42ff4e691c4d9b51cbd3dfd84602a6,72,high,MalwareBazaar,1,5,2026-10-03T08:42:27+00:00,2026-10-04T00:13:52+00:00,,,,2026-10-03 23:56:34 UTC,https://bazaar.abuse.ch/export/txt/sha256/recent/,Zərərli fayl hash-i (SHA256)
sha256,0b194dab7e4600fb9e04d3c9828025ae650ed463f49f58e24f44db94a8cc3108,72,high,MalwareBazaar,1,5,2026-10-03T08:42:27+00:00,2026-10-04T00:13:52+00:00,,,,2026-10-03 23:56:34 UTC,https://bazaar.abuse.ch/export/txt/sha256/recent/,Zərərli fayl hash-i (SHA256)
sha256,de294c3e2d681e8acbe1f5e673e709a781dbe53bf213d9ac64b06648c6e63cc1,72,high,MalwareBazaar,1,5,2026-10-03T08:42:27+00:00,2026-10-04T00:13:52+00:00,,,,2026-10-03 23:56:34 UTC,https://bazaar.abuse.ch/export/txt/sha256/recent/,Zərərli fayl hash-i (SHA256)
sha256,cdaf0bf256269eec249787299b5ebb7058f3944c86b14debfa41f9c263ad17da,72,high,MalwareBazaar,1,5,2026-10-03T08:42:27+00:00,2026-10-04T00:13:52+00:00,,,,2026-10-03 23:56:34 UTC,https://bazaar.abuse.ch/export/txt/sha256/recent/,Zərərli fayl hash-i (SHA256)
sha256,aaaa119843f6d503c8a70710e7391ce848cdf66a9072ebc1ed2e2b29f4d6ebf2,72,high,MalwareBazaar,1,5,2026-10-03T08:42:27+00:00,2026-10-04T00:13:52+00:00,,,,2026-10-03 23:56:34 UTC,https://bazaar.abuse.ch/export/txt/sha256/recent/,Zərərli fayl hash-i (SHA256)
sha256,cac6b7df5b168d1a491f3381314d4f48cdabfa9aee64ab82d78460f729a918f3,72,high,MalwareBazaar,1,5,2026-10-03T08:42:27+00:00,2026-10-04T00:13:52+00:00,,,,2026-10-03 23:56:34 UTC,https://bazaar.abuse.ch/export/txt/sha256/recent/,Zərərli fayl hash-i (SHA256)
sha256,0b654057aac66c49e8eb909a106df4415a61d8c03cc85e28d261205ff2e212ca,72,high,MalwareBazaar,1,5,2026-10-03T08:42:27+00:00,2026-10-04T00:13:52+00:00,,,,2026-10-03 23:56:34 UTC,https://bazaar.abuse.ch/export/txt/sha256/recent/,Zərərli fayl hash-i (SHA256)
sha256,bdd1ac8428211967ac5fd230590c46beb3659d3204bee38a8ef1659d886176fb,72,high,MalwareBazaar,1,5,2026-10-03T08:42:27+00:00,2026-10-04T00:13:52+00:00,,,,2026-10-03 23:56:34 UTC,https://bazaar.abuse.ch/export/txt/sha256/recent/,Zərərli fayl hash-i (SHA256)
sha256,07fe77bfc9a7471d905aa46794dea97ecde0f3b1c167fce78eb79700245d0010,72,high,MalwareBazaar,1,5,2026-10-03T08:42:27+00:00,2026-10-04T00:13:52+00:00,,,,2026-10-03 23:56:34 UTC,https://bazaar.abuse.ch/export/txt/sha256/recent/,Zərərli fayl hash-i (SHA256)
sha256,ca194119f7a51d264abb63b7fa605437ad2108a5c49b13ea55413a3be43c352f,72,high,MalwareBazaar,1,5,2026-10-03T08:42:27+00:00,2026-10-04T00:13:52+00:00,,,,2026-10-03 23:56:34 UTC,https://bazaar.abuse.ch/export/txt/sha256/recent/,Zərərli fayl hash-i (SHA256)
sha256,42e90cf83a3af621787b86630facda2aa96b750923fae7558a4b3c28febcc938,72,high,MalwareBazaar,1,5,2026-10-03T08:42:27+00:00,2026-10-04T00:13:52+00:00,,,,2026-10-03 23:56:34 UTC,https://bazaar.abuse.ch/export/txt/sha256/recent/,Zərərli fayl hash-i (SHA256)
sha256,0784b0bc66a1bb8cb7b254f6127321748724a69eed84634f6faaf2ed51ee12c4,72,high,MalwareBazaar,1,5,2026-10-03T08:42:27+00:00,2026-10-04T00:13:52+00:00,,,,2026-10-03 23:56:34 UTC,https://bazaar.abuse.ch/export/txt/sha256/recent/,Zərərli fayl hash-i (SHA256)
sha256,c46e5696b47b08f2283c2f8de1e97ba4e0046207483afa33a75ca9374ddff131,72,high,MalwareBazaar,1,5,2026-10-03T08:42:27+00:00,2026-10-04T00:13:52+00:00,,,,2026-10-03 23:56:34 UTC,https://bazaar.abuse.ch/export/txt/sha256/recent/,Zərərli fayl hash-i (SHA256)
sha256,48ad2843358f915c7717a0669b0fa753a3e2f5dc606ca3de0495aa20213698a8,72,high,MalwareBazaar,1,5,2026-10-03T08:42:27+00:00,2026-10-04T00:13:52+00:00,,,,2026-10-03 23:56:34 UTC,https://bazaar.abuse.ch/export/txt/sha256/recent/,Zərərli fayl hash-i (SHA256)
sha256,cb168b3457cc6db8ece60cfa76faf37c6ba4e82c6d846b31a2fc4c0833683198,72,high,MalwareBazaar,1,5,2026-10-03T08:42:27+00:00,2026-10-04T00:13:52+00:00,,,,2026-10-03 23:56:34 UTC,https://bazaar.abuse.ch/export/txt/sha256/recent/,Zərərli fayl hash-i (SHA256)
sha256,9ffeff5b87ce795e6e6ce828a2d9535a78ebc14565fc7f7973fc97f9dee3d9d1,72,high,MalwareBazaar,1,5,2026-10-03T08:42:27+00:00,2026-10-04T00:13:52+00:00,,,,2026-10-03 23:56:34 UTC,https://bazaar.abuse.ch/export/txt/sha256/recent/,Zərərli fayl hash-i (SHA256)
sha256,54ab6e007c6903b85e68e43dfdb3797397856c6bf7531b9442c2c85156e40053,72,high,MalwareBazaar,1,5,2026-10-03T08:42:27+00:00,2026-10-04T00:13:52+00:00,,,,2026-10-03 23:56:34 UTC,https://bazaar.abuse.ch/export/txt/sha256/recent/,Zərərli fayl hash-i (SHA256)
sha256,2cdf6a459984f8bdff078fdaa9697771282de6e707966d193990571772797706,72,high,MalwareBazaar,1,5,2026-10-03T08:42:27+00:00,2026-10-04T00:13:52+00:00,,,,2026-10-03 23:56:34 UTC,https://bazaar.abuse.ch/export/txt/sha256/recent/,Zərərli fayl hash-i (SHA256)
sha256,24cf8666d19478f54019d78d3e8cbcc58216c65718be8050c0941184889f43db,72,high,MalwareBazaar,1,5,2026-10-03T08:42:27+00:00,2026-10-04T00:13:52+00:00,,,,2026-10-03 23:56:34 UTC,https://bazaar.abuse.ch/export/txt/sha256/recent/,Zərərli fayl hash-i (SHA256)
sha256,301a8021e051ce0c67354af58fd7293a97b840b711e48832a7dbfbdfdda34d0d,72,high,MalwareBazaar,1,5,2026-10-03T08:42:27+00:00,2026-10-04T00:13:52+00:00,,,,2026-10-03 23:56:34 UTC,https://bazaar.abuse.ch/export/txt/sha256/recent/,Zərərli fayl hash-i (SHA256)
sha256,31e8126365aa1add6123f775c4e02312cbff0cfc67bfd15521836e07bd8d16d5,72,high,MalwareBazaar,1,5,2026-10-03T08:42:27+00:00,2026-10-04T00:13:52+00:00,,,,2026-10-03 23:56:34 UTC,https://bazaar.abuse.ch/export/txt/sha256/recent/,Zərərli fayl hash-i (SHA256)
sha256,245f16270bf0dfece1ac13f06e2554d059f82b6bc53b1f19b0d835f409b5d80f,72,high,MalwareBazaar,1,6,2026-10-03T02:50:46+00:00,2026-10-04T00:13:52+00:00,,,,2026-10-03 23:56:34 UTC,https://bazaar.abuse.ch/export/txt/sha256/recent/,Zərərli fayl hash-i (SHA256)
sha256,d39be9b1c8bdca49b3d814849ae507df280c6fe967e5c08fadfdc81d6f2f1cbc,72,high,MalwareBazaar,1,6,2026-10-03T02:50:46+00:00,2026-10-04T00:13:52+00:00,,,,2026-10-03 23:56:34 UTC,https://bazaar.abuse.ch/export/txt/sha256/recent/,Zərərli fayl hash-i (SHA256)
sha256,b7971b42ff2d71e9ca71cb85b42e3105456204a3ca133ddc79b7f37938065464,72,high,MalwareBazaar,1,6,2026-10-03T02:50:46+00:00,2026-10-04T00:13:52+00:00,,,,2026-10-03 23:56:34 UTC,https://bazaar.abuse.ch/export/txt/sha256/recent/,Zərərli fayl hash-i (SHA256)
sha256,5187141cdfa53a30fa730b6a5f76a628fc7726b339d528ad613f4cb0b3381937,72,high,MalwareBazaar,1,6,2026-10-03T02:50:46+00:00,2026-10-04T00:13:52+00:00,,,,2026-10-03 23:56:34 UTC,https://bazaar.abuse.ch/export/txt/sha256/recent/,Zərərli fayl hash-i (SHA256)
sha256,18c6d69109732425015d243652855e838899ccf44efe6593b44626e31be5be27,72,high,MalwareBazaar,1,6,2026-10-03T02:50:46+00:00,2026-10-04T00:13:52+00:00,,,,2026-10-03 23:56:34 UTC,https://bazaar.abuse.ch/export/txt/sha256/recent/,Zərərli fayl hash-i (SHA256)
sha256,018c84e8df20153f207253feac34a5889fa1a4441d21a0df8d4e04bd0933a81d,72,high,MalwareBazaar,1,6,2026-10-03T02:50:46+00:00,2026-10-04T00:13:52+00:00,,,,2026-10-03 23:56:34 UTC,https://bazaar.abuse.ch/export/txt/sha256/recent/,Zərərli fayl hash-i (SHA256)
sha256,fd925cbfbeaeaac0cc2b5a30a5d89f0e44a341d8eb907f022805ce5bd0c05262,72,high,MalwareBazaar,1,6,2026-10-03T02:50:46+00:00,2026-10-04T00:13:52+00:00,,,,2026-10-03 23:56:34 UTC,https://bazaar.abuse.ch/export/txt/sha256/recent/,Zərərli fayl hash-i (SHA256)
sha256,48bb8a6a2867528fb7b3abe5271affce295c22efe67c5ac339bc370b632dbb00,72,high,MalwareBazaar,1,6,2026-10-03T02:50:46+00:00,2026-10-04T00:13:52+00:00,,,,2026-10-03 23:56:34 UTC,https://bazaar.abuse.ch/export/txt/sha256/recent/,Zərərli fayl hash-i (SHA256)
sha256,049b268f6fe7dee81651ff0d3ddc72b205f465c9aba3e57e9222fe9c5eadff88,72,high,MalwareBazaar,1,6,2026-10-03T02:50:46+00:00,2026-10-04T00:13:52+00:00,,,,2026-10-03 23:56:34 UTC,https://bazaar.abuse.ch/export/txt/sha256/recent/,Zərərli fayl hash-i (SHA256)
sha256,4d8efc4528dd2088d72c68fa693ea22a2fc5946820aab9745ed77f85fa9265d4,72,high,MalwareBazaar,1,6,2026-10-03T02:50:46+00:00,2026-10-04T00:13:52+00:00,,,,2026-10-03 23:56:34 UTC,https://bazaar.abuse.ch/export/txt/sha256/recent/,Zərərli fayl hash-i (SHA256)
sha256,608f566ed3a2432a756772e789cabce55561cf47a5c5c166ac61060a2906c8d6,72,high,MalwareBazaar,1,6,2026-10-03T02:50:46+00:00,2026-10-04T00:13:52+00:00,,,,2026-10-03 23:56:34 UTC,https://bazaar.abuse.ch/export/txt/sha256/recent/,Zərərli fayl hash-i (SHA256)
sha256,750922eb0a7eb9fdac0405bd2aaee3932b2ce82f6609ba0a7c443a5c861007ca,72,high,MalwareBazaar,1,6,2026-10-03T02:50:46+00:00,2026-10-04T00:13:52+00:00,,,,2026-10-03 23:56:34 UTC,https://bazaar.abuse.ch/export/txt/sha256/recent/,Zərərli fayl hash-i (SHA256)
sha256,681817158553beede00a5fd1225912d3e0740c6337853a62f65927e8f0f12010,72,high,MalwareBazaar,1,6,2026-10-03T02:50:46+00:00,2026-10-04T00:13:52+00:00,,,,2026-10-03 23:56:34 UTC,https://bazaar.abuse.ch/export/txt/sha256/recent/,Zərərli fayl hash-i (SHA256)
sha256,2f6088d935286e13b3711d51cce302340bff48d82475cb89bfc75d7f05ebede2,72,high,MalwareBazaar,1,6,2026-10-03T02:50:46+00:00,2026-10-04T00:13:52+00:00,,,,2026-10-03 23:56:34 UTC,https://bazaar.abuse.ch/export/txt/sha256/recent/,Zərərli fayl hash-i (SHA256)
sha256,fed71588688e9b44f975c184ee74acd701f84a05c23fa84b3c75f748e75ef39f,72,high,MalwareBazaar,1,6,2026-10-03T02:50:46+00:00,2026-10-04T00:13:52+00:00,,,,2026-10-03 23:56:34 UTC,https://bazaar.abuse.ch/export/txt/sha256/recent/,Zərərli fayl hash-i (SHA256)
sha256,13e2d4fe752561dcfc13f45c9302e8bb3d6ac89405af144b3144e04d1579b64e,72,high,MalwareBazaar,1,6,2026-10-03T02:50:46+00:00,2026-10-04T00:13:52+00:00,,,,2026-10-03 23:56:34 UTC,https://bazaar.abuse.ch/export/txt/sha256/recent/,Zərərli fayl hash-i (SHA256)
sha256,7cbe938005ad28519a08d978e64f3108a593876232e6a4c9a8b3db228ac3091f,72,high,MalwareBazaar,1,6,2026-10-03T02:50:46+00:00,2026-10-04T00:13:52+00:00,,,,2026-10-03 23:56:34 UTC,https://bazaar.abuse.ch/export/txt/sha256/recent/,Zərərli fayl hash-i (SHA256)
sha256,319247509e503f1b2b9efaf0b422e50fce59cd078ac3a683b41f44933a08dd58,72,high,MalwareBazaar,1,6,2026-10-03T02:50:46+00:00,2026-10-04T00:13:52+00:00,,,,2026-10-03 23:56:34 UTC,https://bazaar.abuse.ch/export/txt/sha256/recent/,Zərərli fayl hash-i (SHA256)
sha256,14896331c3585918ef42074368d2a9033e8d84e0e30dc669d17dccb74e052f00,72,high,MalwareBazaar,1,6,2026-10-03T02:50:46+00:00,2026-10-04T00:13:52+00:00,,,,2026-10-03 23:56:34 UTC,https://bazaar.abuse.ch/export/txt/sha256/recent/,Zərərli fayl hash-i (SHA256)
sha256,a138a9724a77dad169312f39e94269413555448ec89ffc73b55a51cb4ccc3e25,72,high,MalwareBazaar,1,6,2026-10-03T02:50:46+00:00,2026-10-04T00:13:52+00:00,,,,2026-10-03 23:56:34 UTC,https://bazaar.abuse.ch/export/txt/sha256/recent/,Zərərli fayl hash-i (SHA256)
sha256,917ff018b3ac87413e2210dd8b3beab5e642990c9656d257c8ebfae48b86a9ad,72,high,MalwareBazaar,1,6,2026-10-03T02:50:46+00:00,2026-10-04T00:13:52+00:00,,,,2026-10-03 23:56:34 UTC,https://bazaar.abuse.ch/export/txt/sha256/recent/,Zərərli fayl hash-i (SHA256)
sha256,8f5606d46a9e39f923ad43d7673cd296c48c5366ac8ec85f615531d4b48fde77,72,high,MalwareBazaar,1,6,2026-10-03T02:50:46+00:00,2026-10-04T00:13:52+00:00,,,,2026-10-03 23:56:34 UTC,https://bazaar.abuse.ch/export/txt/sha256/recent/,Zərərli fayl hash-i (SHA256)
sha256,6e03f1ce7db58a8e89f749d2030d2a4c99c6a1916c2308b54255d59d645b74ba,72,high,MalwareBazaar,1,6,2026-10-03T02:50:46+00:00,2026-10-04T00:13:52+00:00,,,,2026-10-03 23:56:34 UTC,https://bazaar.abuse.ch/export/txt/sha256/recent/,Zərərli fayl hash-i (SHA256)
sha256,88ef20d6ef76a46c70a2a29f41a91cdb95408902ff4ca778ff248ec78ff122df,72,high,MalwareBazaar,1,6,2026-10-03T02:50:46+00:00,2026-10-04T00:13:52+00:00,,,,2026-10-03 23:56:34 UTC,https://bazaar.abuse.ch/export/txt/sha256/recent/,Zərərli fayl hash-i (SHA256)
sha256,7705a0ce4ff924737575446b03f4b34d95d3650552ca5495ff6e5e103d68cff2,72,high,MalwareBazaar,1,6,2026-10-03T02:50:46+00:00,2026-10-04T00:13:52+00:00,,,,2026-10-03 23:56:34 UTC,https://bazaar.abuse.ch/export/txt/sha256/recent/,Zərərli fayl hash-i (SHA256)
sha256,9b5b7a6722b364ee439fd71e154ee59bdda62fbebf9114401c9f2651b46e3655,72,high,MalwareBazaar,1,6,2026-10-03T02:50:46+00:00,2026-10-04T00:13:52+00:00,,,,2026-10-03 23:56:34 UTC,https://bazaar.abuse.ch/export/txt/sha256/recent/,Zərərli fayl hash-i (SHA256)
sha256,dc4f2d231061b28e24d4c7a85ea4904f6704059d271587f0f0c1951993be7775,72,high,MalwareBazaar,1,6,2026-10-03T02:50:46+00:00,2026-10-04T00:13:52+00:00,,,,2026-10-03 23:56:34 UTC,https://bazaar.abuse.ch/export/txt/sha256/recent/,Zərərli fayl hash-i (SHA256)
sha256,4458ab2eb26c8c155cf530136e0a7cf1ddee41f26547a56bc093d61a83c0a382,72,high,MalwareBazaar,1,6,2026-10-03T02:50:46+00:00,2026-10-04T00:13:52+00:00,,,,2026-10-03 23:56:34 UTC,https://bazaar.abuse.ch/export/txt/sha256/recent/,Zərərli fayl hash-i (SHA256)
sha256,2e538429e81c49a167f49c949eff7f8fb43b0c5af985a394bd7e4ca0669739b5,72,high,MalwareBazaar,1,6,2026-10-03T02:50:46+00:00,2026-10-04T00:13:52+00:00,,,,2026-10-03 23:56:34 UTC,https://bazaar.abuse.ch/export/txt/sha256/recent/,Zərərli fayl hash-i (SHA256)
sha256,a2b38e3080c9a3c53dff1216cb8d8e8b773e10d95523f2ce518c2a41b2b124e3,72,high,MalwareBazaar,1,6,2026-10-03T02:50:46+00:00,2026-10-04T00:13:52+00:00,,,,2026-10-03 23:56:34 UTC,https://bazaar.abuse.ch/export/txt/sha256/recent/,Zərərli fayl hash-i (SHA256)
sha256,bf44090998d03a3a2764a620dfd2e6a3cfaefb5a9570fac1bb70cab1d0f0a257,72,high,MalwareBazaar,1,6,2026-10-03T02:50:46+00:00,2026-10-04T00:13:52+00:00,,,,2026-10-03 23:56:34 UTC,https://bazaar.abuse.ch/export/txt/sha256/recent/,Zərərli fayl hash-i (SHA256)
sha256,7389513d3128434123e67c9e429f1d4357d8159842ea5737f147bcc825cca9a1,72,high,MalwareBazaar,1,6,2026-10-03T02:50:46+00:00,2026-10-04T00:13:52+00:00,,,,2026-10-03 23:56:34 UTC,https://bazaar.abuse.ch/export/txt/sha256/recent/,Zərərli fayl hash-i (SHA256)
sha256,75a512a7acd86a80d2ff5c180c80d1a852e7391aeeacc1ebcfae9e344b5c940f,72,high,MalwareBazaar,1,6,2026-10-03T02:50:46+00:00,2026-10-04T00:13:52+00:00,,,,2026-10-03 23:56:34 UTC,https://bazaar.abuse.ch/export/txt/sha256/recent/,Zərərli fayl hash-i (SHA256)
sha256,068a7e1cbc2094d515d396b24d9ce6608b2002bf237256105fa9650484f2803e,72,high,MalwareBazaar,1,6,2026-10-03T02:50:46+00:00,2026-10-04T00:13:52+00:00,,,,2026-10-03 23:56:34 UTC,https://bazaar.abuse.ch/export/txt/sha256/recent/,Zərərli fayl hash-i (SHA256)
sha256,d5d9e754f2bc9e9d8c91c0a15cc99639ad45547a7e233e5b15d5376d5061bbaa,72,high,MalwareBazaar,1,6,2026-10-03T02:50:46+00:00,2026-10-04T00:13:52+00:00,,,,2026-10-03 23:56:34 UTC,https://bazaar.abuse.ch/export/txt/sha256/recent/,Zərərli fayl hash-i (SHA256)
sha256,3ba3ff1127b8f5b40e8a97329f9684059220ed22baa53def1febf8072626d4d4,72,high,MalwareBazaar,1,6,2026-10-03T02:50:46+00:00,2026-10-04T00:13:52+00:00,,,,2026-10-03 23:56:34 UTC,https://bazaar.abuse.ch/export/txt/sha256/recent/,Zərərli fayl hash-i (SHA256)
sha256,2426afcd370032216331814d58ac157395c155aeb42f6ba3822ff4b40c86c600,72,high,MalwareBazaar,1,6,2026-10-03T02:50:46+00:00,2026-10-04T00:13:52+00:00,,,,2026-10-03 23:56:34 UTC,https://bazaar.abuse.ch/export/txt/sha256/recent/,Zərərli fayl hash-i (SHA256)
sha256,c26605c768197314a1b59d03e5065e4b6cb0f6ef4177d13e41e4cf4cebab7300,72,high,MalwareBazaar,1,6,2026-10-03T02:50:46+00:00,2026-10-04T00:13:52+00:00,,,,2026-10-03 23:56:34 UTC,https://bazaar.abuse.ch/export/txt/sha256/recent/,Zərərli fayl hash-i (SHA256)
sha256,c98e5215787ff8bbe2a79d4afb6d6ef27d96ac75273bf220b915779c8f4b0192,72,high,MalwareBazaar,1,6,2026-10-03T02:50:46+00:00,2026-10-04T00:13:52+00:00,,,,2026-10-03 23:56:34 UTC,https://bazaar.abuse.ch/export/txt/sha256/recent/,Zərərli fayl hash-i (SHA256)
sha256,1242552e288c55d36da13247db880781a40a7d05e0816f917e4602a81f3e010f,72,high,MalwareBazaar,1,6,2026-10-03T02:50:46+00:00,2026-10-04T00:13:52+00:00,,,,2026-10-03 23:56:34 UTC,https://bazaar.abuse.ch/export/txt/sha256/recent/,Zərərli fayl hash-i (SHA256)
sha256,c66f9881bed79a550e18d54b9ae5cf03b91a0e881efdbf7962db2e58de0b4f7b,72,high,MalwareBazaar,1,6,2026-10-03T02:50:46+00:00,2026-10-04T00:13:52+00:00,,,,2026-10-03 23:56:34 UTC,https://bazaar.abuse.ch/export/txt/sha256/recent/,Zərərli fayl hash-i (SHA256)
sha256,18616fe26c8f6c92db6daa2dcd7cd53c5143ee69ecfd26d8ea6dc9b2c78607a6,72,high,MalwareBazaar,1,6,2026-10-03T02:50:46+00:00,2026-10-04T00:13:52+00:00,,,,2026-10-03 23:56:34 UTC,https://bazaar.abuse.ch/export/txt/sha256/recent/,Zərərli fayl hash-i (SHA256)
sha256,e839d72d6c03b1b08a3f01d8ebd907e3c96ebe8fc576f928270635b6636a41cc,72,high,MalwareBazaar,1,6,2026-10-03T02:50:46+00:00,2026-10-04T00:13:52+00:00,,,,2026-10-03 23:56:34 UTC,https://bazaar.abuse.ch/export/txt/sha256/recent/,Zərərli fayl hash-i (SHA256)
sha256,d6f7bc7b338e388b3399eb19bb7010ea671131d2e42d94a1bc939cae261ecd90,72,high,MalwareBazaar,1,6,2026-10-03T02:50:46+00:00,2026-10-04T00:13:52+00:00,,,,2026-10-03 23:56:34 UTC,https://bazaar.abuse.ch/export/txt/sha256/recent/,Zərərli fayl hash-i (SHA256)
sha256,0db9ec1267fc088302d7dd480ee8fd4a84a28252ba114b730fa3c8a526d4e2b4,72,high,MalwareBazaar,1,6,2026-10-03T02:50:46+00:00,2026-10-04T00:13:52+00:00,,,,2026-10-03 23:56:34 UTC,https://bazaar.abuse.ch/export/txt/sha256/recent/,Zərərli fayl hash-i (SHA256)
sha256,fcb6a359b4364406268ee53f45de175b7469ff5a2277d7dae11b3e1df0ebe0cd,72,high,MalwareBazaar,1,6,2026-10-03T02:50:46+00:00,2026-10-04T00:13:52+00:00,,,,2026-10-03 23:56:34 UTC,https://bazaar.abuse.ch/export/txt/sha256/recent/,Zərərli fayl hash-i (SHA256)
sha256,45eac9a4685859c4c93a79429c41f05d14f2656db3ab6e31e7c865b6b24811c0,72,high,MalwareBazaar,1,7,2026-10-02T23:24:55+00:00,2026-10-04T00:13:52+00:00,,,,2026-10-03 23:56:34 UTC,https://bazaar.abuse.ch/export/txt/sha256/recent/,Zərərli fayl hash-i (SHA256)
sha256,dee61c03a6e41d7df18ce845fd93a45a38b6066105264fe6d272e0dc25331f77,72,high,MalwareBazaar,1,7,2026-10-02T23:24:55+00:00,2026-10-04T00:13:52+00:00,,,,2026-10-03 23:56:34 UTC,https://bazaar.abuse.ch/export/txt/sha256/recent/,Zərərli fayl hash-i (SHA256)
sha256,f7878cce42bb6c4c9b482f028185fc8cd8817db6957901f007113523ec739814,72,high,MalwareBazaar,1,7,2026-10-02T23:24:55+00:00,2026-10-04T00:13:52+00:00,,,,2026-10-03 23:56:34 UTC,https://bazaar.abuse.ch/export/txt/sha256/recent/,Zərərli fayl hash-i (SHA256)
sha256,c649f01ae1ed89c2915b579a3cc85f34116ae15137d28b37b0d5c63c83649766,72,high,MalwareBazaar,1,7,2026-10-02T23:24:55+00:00,2026-10-04T00:13:52+00:00,,,,2026-10-03 23:56:34 UTC,https://bazaar.abuse.ch/export/txt/sha256/recent/,Zərərli fayl hash-i (SHA256)
sha256,1bdc7ce60020ff380b173a678659fd7fef305b0a9ba1bb907397fa0637b0114c,72,high,MalwareBazaar,1,7,2026-10-02T23:24:55+00:00,2026-10-04T00:13:52+00:00,,,,2026-10-03 23:56:34 UTC,https://bazaar.abuse.ch/export/txt/sha256/recent/,Zərərli fayl hash-i (SHA256)
sha256,2b4bd3a8f5fee976cfc8145bf140dc5c8b44ab24f50377121f284248bff9a274,72,high,MalwareBazaar,1,7,2026-10-02T23:24:55+00:00,2026-10-04T00:13:52+00:00,,,,2026-10-03 23:56:34 UTC,https://bazaar.abuse.ch/export/txt/sha256/recent/,Zərərli fayl hash-i (SHA256)
sha256,1321d57d681afe77a1c3c68fd698123f9a6fdb08fb27507df1d4a7c011164bba,72,high,MalwareBazaar,1,7,2026-10-02T23:24:55+00:00,2026-10-04T00:13:52+00:00,,,,2026-10-03 23:56:34 UTC,https://bazaar.abuse.ch/export/txt/sha256/recent/,Zərərli fayl hash-i (SHA256)
sha256,46481545f1141b6fa5b5a52081e09c9c8307c7b44df8ce15dacbbda1d0ac623d,72,high,MalwareBazaar,1,7,2026-10-02T23:24:55+00:00,2026-10-04T00:13:52+00:00,,,,2026-10-03 23:56:34 UTC,https://bazaar.abuse.ch/export/txt/sha256/recent/,Zərərli fayl hash-i (SHA256)
sha256,8ffc11c33ccb65ae85034ac9987a0e036acd0d05905f1a4383d525eead2bb65f,72,high,MalwareBazaar,1,7,2026-10-02T23:24:55+00:00,2026-10-04T00:13:52+00:00,,,,2026-10-03 23:56:34 UTC,https://bazaar.abuse.ch/export/txt/sha256/recent/,Zərərli fayl hash-i (SHA256)
sha256,f9260682a0ea1fa1d477e28a2580c93f5537bdc5d263e4801b1f7d4221af6377,72,high,MalwareBazaar,1,7,2026-10-02T23:24:55+00:00,2026-10-04T00:13:52+00:00,,,,2026-10-03 23:56:34 UTC,https://bazaar.abuse.ch/export/txt/sha256/recent/,Zərərli fayl hash-i (SHA256)
sha256,69783eb318e400d57b9e5eeed561f62ef711e15aa7afa3fd925a3d663c291633,72,high,MalwareBazaar,1,7,2026-10-02T23:24:55+00:00,2026-10-04T00:13:52+00:00,,,,2026-10-03 23:56:34 UTC,https://bazaar.abuse.ch/export/txt/sha256/recent/,Zərərli fayl hash-i (SHA256)
sha256,2d3dcbeffb68ab8d4f0ada8a907d435852c7d2c8a19feed18441274c2f7b9648,72,high,MalwareBazaar,1,7,2026-10-02T23:24:55+00:00,2026-10-04T00:13:52+00:00,,,,2026-10-03 23:56:34 UTC,https://bazaar.abuse.ch/export/txt/sha256/recent/,Zərərli fayl hash-i (SHA256)
sha256,72ac2877c9e4cd7d70673c0643eb16805977a9b8d55b6b2e5a6491db565cee1f,72,high,MalwareBazaar,1,7,2026-10-02T23:24:55+00:00,2026-10-04T00:13:52+00:00,,,,2026-10-03 23:56:34 UTC,https://bazaar.abuse.ch/export/txt/sha256/recent/,Zərərli fayl hash-i (SHA256)
sha256,6f900c07fe423523c3d172d928117bfe2ef1cc82bdf557eeaa61c25a01632a75,72,high,MalwareBazaar,1,7,2026-10-02T23:24:55+00:00,2026-10-04T00:13:52+00:00,,,,2026-10-03 23:56:34 UTC,https://bazaar.abuse.ch/export/txt/sha256/recent/,Zərərli fayl hash-i (SHA256)
sha256,fb6e0f151847d09f0484582767bf9202485ad85edc45770fd51e8a9a9feee1e8,72,high,MalwareBazaar,1,7,2026-10-02T23:24:55+00:00,2026-10-04T00:13:52+00:00,,,,2026-10-03 23:56:34 UTC,https://bazaar.abuse.ch/export/txt/sha256/recent/,Zərərli fayl hash-i (SHA256)
sha256,829ab6332d5cb30c790012cd52057b4628bd9bcfcbca0eb154e5719a42cf744f,72,high,MalwareBazaar,1,7,2026-10-02T23:24:55+00:00,2026-10-04T00:13:52+00:00,,,,2026-10-03 23:56:34 UTC,https://bazaar.abuse.ch/export/txt/sha256/recent/,Zərərli fayl hash-i (SHA256)
sha256,5ebb2f3f1fd1d1b3dc97e9afc21748ede67e6b8bbb29764191e0d3246536fe38,72,high,MalwareBazaar,1,7,2026-10-02T23:24:55+00:00,2026-10-04T00:13:52+00:00,,,,2026-10-03 23:56:34 UTC,https://bazaar.abuse.ch/export/txt/sha256/recent/,Zərərli fayl hash-i (SHA256)
sha256,4ce6a8e90e8e12d9dcc1867bd68ba550177823d1f52a58d6698d224589d458de,72,high,MalwareBazaar,1,7,2026-10-02T23:24:55+00:00,2026-10-04T00:13:52+00:00,,,,2026-10-03 23:56:34 UTC,https://bazaar.abuse.ch/export/txt/sha256/recent/,Zərərli fayl hash-i (SHA256)
sha256,46258823048cee43e1c447f9e08e5cff0a185274d2408ff16acd34e35f700d59,72,high,MalwareBazaar,1,7,2026-10-02T23:24:55+00:00,2026-10-04T00:13:52+00:00,,,,2026-10-03 23:56:34 UTC,https://bazaar.abuse.ch/export/txt/sha256/recent/,Zərərli fayl hash-i (SHA256)
sha256,4a2432c0c174e1fcc0a273b15b2a57b184efe9a064fd6807f7a634e31fe77940,72,high,MalwareBazaar,1,7,2026-10-02T23:24:55+00:00,2026-10-04T00:13:52+00:00,,,,2026-10-03 23:56:34 UTC,https://bazaar.abuse.ch/export/txt/sha256/recent/,Zərərli fayl hash-i (SHA256)
sha256,ef09308d1908741bd600fcbf4e3c010de2e13dd02c4aeafc796c10f20c018db4,72,high,MalwareBazaar,1,7,2026-10-02T23:24:55+00:00,2026-10-04T00:13:52+00:00,,,,2026-10-03 23:56:34 UTC,https://bazaar.abuse.ch/export/txt/sha256/recent/,Zərərli fayl hash-i (SHA256)
sha256,c3da78d188bc67e0f59722a55efd94ca9f44b321d04e13bb0815ea650e7e0e06,72,high,MalwareBazaar,1,7,2026-10-02T23:24:55+00:00,2026-10-04T00:13:52+00:00,,,,2026-10-03 23:56:34 UTC,https://bazaar.abuse.ch/export/txt/sha256/recent/,Zərərli fayl hash-i (SHA256)
sha256,42cc3afcffb3d21b60ddd95d5de6522a3f3798eb70e7033787257dcdd2226a93,72,high,MalwareBazaar,1,7,2026-10-02T23:24:55+00:00,2026-10-04T00:13:52+00:00,,,,2026-10-03 23:56:34 UTC,https://bazaar.abuse.ch/export/txt/sha256/recent/,Zərərli fayl hash-i (SHA256)
sha256,6d84d8aeaa1c980a4bfefb0cfcd3efaeddcf4e98c28817054d292778e22664f2,72,high,MalwareBazaar,1,7,2026-10-02T23:24:55+00:00,2026-10-04T00:13:52+00:00,,,,2026-10-03 23:56:34 UTC,https://bazaar.abuse.ch/export/txt/sha256/recent/,Zərərli fayl hash-i (SHA256)
sha256,c028bc061adf89d0b570e5ac8a438dc484a1d86e3c67a030256f02ff51ebcbd2,72,high,MalwareBazaar,1,7,2026-10-02T23:24:55+00:00,2026-10-04T00:13:52+00:00,,,,2026-10-03 23:56:34 UTC,https://bazaar.abuse.ch/export/txt/sha256/recent/,Zərərli fayl hash-i (SHA256)
sha256,366df93b85482006e300179ada23d6aab1e3fafe98c9bb44bbde94c2abf093f5,72,high,MalwareBazaar,1,7,2026-10-02T23:24:55+00:00,2026-10-04T00:13:52+00:00,,,,2026-10-03 23:56:34 UTC,https://bazaar.abuse.ch/export/txt/sha256/recent/,Zərərli fayl hash-i (SHA256)
sha256,181cc2efa916e64578fdd8a2cbb9248e13135e3925b94267f7ff1c549dc27b6e,72,high,MalwareBazaar,1,7,2026-10-02T23:24:55+00:00,2026-10-04T00:13:52+00:00,,,,2026-10-03 23:56:34 UTC,https://bazaar.abuse.ch/export/txt/sha256/recent/,Zərərli fayl hash-i (SHA256)
sha256,50b1283704d52d9980b7f7921b915f4001fcc6bb762b47c5a1018863027ba1cd,72,high,MalwareBazaar,1,7,2026-10-02T23:24:55+00:00,2026-10-04T00:13:52+00:00,,,,2026-10-03 23:56:34 UTC,https://bazaar.abuse.ch/export/txt/sha256/recent/,Zərərli fayl hash-i (SHA256)
sha256,d17d853d4e38eff5ff2f07e5fa43ca66208234ee49555cb75f874c6d9ce7a1e1,72,high,MalwareBazaar,1,7,2026-10-02T23:24:55+00:00,2026-10-04T00:13:52+00:00,,,,2026-10-03 23:56:34 UTC,https://bazaar.abuse.ch/export/txt/sha256/recent/,Zərərli fayl hash-i (SHA256)
sha256,dcaa50d5e42428081af86c79f6892514a39e19064a61c3df6e8ae1e144ae1286,72,high,MalwareBazaar,1,7,2026-10-02T23:24:55+00:00,2026-10-04T00:13:52+00:00,,,,2026-10-03 23:56:34 UTC,https://bazaar.abuse.ch/export/txt/sha256/recent/,Zərərli fayl hash-i (SHA256)
sha256,2d5f316d5ae4abe52dbd3ca9ee3d3c4868a429098a9e8fb4e21e5c9f7f94add9,72,high,MalwareBazaar,1,7,2026-10-02T23:24:55+00:00,2026-10-04T00:13:52+00:00,,,,2026-10-03 23:56:34 UTC,https://bazaar.abuse.ch/export/txt/sha256/recent/,Zərərli fayl hash-i (SHA256)
sha256,268acd198c57bdbd68cc541f9b612223288123b9d0d276f49cf520bc93509728,72,high,MalwareBazaar,1,7,2026-10-02T23:24:55+00:00,2026-10-04T00:13:52+00:00,,,,2026-10-03 23:56:34 UTC,https://bazaar.abuse.ch/export/txt/sha256/recent/,Zərərli fayl hash-i (SHA256)
sha256,31efb9602e8a54d509bc30d304d5b6bde5eab9e474acb76674a241b2e4e7bbc7,72,high,MalwareBazaar,1,7,2026-10-02T23:24:55+00:00,2026-10-04T00:13:52+00:00,,,,2026-10-03 23:56:34 UTC,https://bazaar.abuse.ch/export/txt/sha256/recent/,Zərərli fayl hash-i (SHA256)
sha256,c912aaa0c4e675b530a9af7a5ab9e33da94498d79204eaf706b5e6e44e96858a,72,high,MalwareBazaar,1,7,2026-10-02T23:24:55+00:00,2026-10-04T00:13:52+00:00,,,,2026-10-03 23:56:34 UTC,https://bazaar.abuse.ch/export/txt/sha256/recent/,Zərərli fayl hash-i (SHA256)
sha256,1e04b1603bcfe0b2c9a48f41e74320fc808d6bca385ae0ac60c5385966dfede2,72,high,MalwareBazaar,1,7,2026-10-02T23:24:55+00:00,2026-10-04T00:13:52+00:00,,,,2026-10-03 23:56:34 UTC,https://bazaar.abuse.ch/export/txt/sha256/recent/,Zərərli fayl hash-i (SHA256)
sha256,486dcc16c344ea85617d5a984993eab627831884b18a49c1baa99108017bd031,72,high,MalwareBazaar,1,7,2026-10-02T23:24:55+00:00,2026-10-04T00:13:52+00:00,,,,2026-10-03 23:56:34 UTC,https://bazaar.abuse.ch/export/txt/sha256/recent/,Zərərli fayl hash-i (SHA256)
sha256,51dcd023b3ec0229c1768c5d9048d49639d40e423881e8f8533fd63196b684fd,72,high,MalwareBazaar,1,7,2026-10-02T23:24:55+00:00,2026-10-04T00:13:52+00:00,,,,2026-10-03 23:56:34 UTC,https://bazaar.abuse.ch/export/txt/sha256/recent/,Zərərli fayl hash-i (SHA256)
sha256,1f6a629f4fe0c5b61a11d9fe985c0c806e7358111857901c6a7a4744424cd1d5,72,high,MalwareBazaar,1,7,2026-10-02T23:24:55+00:00,2026-10-04T00:13:52+00:00,,,,2026-10-03 23:56:34 UTC,https://bazaar.abuse.ch/export/txt/sha256/recent/,Zərərli fayl hash-i (SHA256)
sha256,18ad044a2922712d59dd21a51b060f9c0a05926bc2afc789d50d01b698d8abcc,72,high,MalwareBazaar,1,7,2026-10-02T23:24:55+00:00,2026-10-04T00:13:52+00:00,,,,2026-10-03 23:56:34 UTC,https://bazaar.abuse.ch/export/txt/sha256/recent/,Zərərli fayl hash-i (SHA256)
sha256,a119dd7bc00bdffea94ca4da1bcdffc6592409cd3f0ea81f48d62b26481cc7c9,72,high,MalwareBazaar,1,7,2026-10-02T23:24:55+00:00,2026-10-04T00:13:52+00:00,,,,2026-10-03 23:56:34 UTC,https://bazaar.abuse.ch/export/txt/sha256/recent/,Zərərli fayl hash-i (SHA256)
sha256,024dfa6ea07d68814dfceb237548715e1c08aa446e75da00ade8ee97ec9e1f4e,72,high,MalwareBazaar,1,7,2026-10-02T23:24:55+00:00,2026-10-04T00:13:52+00:00,,,,2026-10-03 23:56:34 UTC,https://bazaar.abuse.ch/export/txt/sha256/recent/,Zərərli fayl hash-i (SHA256)
sha256,978d772094a988c3f9ac9f0d2eb68a1c03d22f0a6d3e0281090eb30944553569,72,high,MalwareBazaar,1,7,2026-10-02T23:24:55+00:00,2026-10-04T00:13:52+00:00,,,,2026-10-03 23:56:34 UTC,https://bazaar.abuse.ch/export/txt/sha256/recent/,Zərərli fayl hash-i (SHA256)
sha256,f1f30b60d24e42833a318e7c72110bf78d6d657fdbbd131fb9c720d81f0d25f0,72,high,MalwareBazaar,1,7,2026-10-02T23:24:55+00:00,2026-10-04T00:13:52+00:00,,,,2026-10-03 23:56:34 UTC,https://bazaar.abuse.ch/export/txt/sha256/recent/,Zərərli fayl hash-i (SHA256)
sha256,8e488182bcaff2396def979c578c2cbf5248386795cc6109fef63c22c23a14cf,72,high,MalwareBazaar,1,7,2026-10-02T23:24:55+00:00,2026-10-04T00:13:52+00:00,,,,2026-10-03 23:56:34 UTC,https://bazaar.abuse.ch/export/txt/sha256/recent/,Zərərli fayl hash-i (SHA256)
sha256,5ec1e66df895003a4569594bc93ddf270541d22078987b80ba21455a15933eaf,72,high,MalwareBazaar,1,7,2026-10-02T23:24:55+00:00,2026-10-04T00:13:52+00:00,,,,2026-10-03 23:56:34 UTC,https://bazaar.abuse.ch/export/txt/sha256/recent/,Zərərli fayl hash-i (SHA256)
sha256,e34f03cf21c7e8f9360178ffd58d9e0fbd69f38e58c5752b62919c403adb0c4d,72,high,MalwareBazaar,1,7,2026-10-02T23:24:55+00:00,2026-10-04T00:13:52+00:00,,,,2026-10-03 23:56:34 UTC,https://bazaar.abuse.ch/export/txt/sha256/recent/,Zərərli fayl hash-i (SHA256)
sha256,244e42e6999b61ff3ba0edd54df68f9c5519d03f8b40fb3b64205897139c2a5a,72,high,MalwareBazaar,1,7,2026-10-02T23:24:55+00:00,2026-10-04T00:13:52+00:00,,,,2026-10-03 23:56:34 UTC,https://bazaar.abuse.ch/export/txt/sha256/recent/,Zərərli fayl hash-i (SHA256)
sha256,437ebddc6d884ba3fd78ab26145f1fff61a235f4b535c8c1c1c76ad3b4671f5e,72,high,MalwareBazaar,1,7,2026-10-02T23:24:55+00:00,2026-10-04T00:13:52+00:00,,,,2026-10-03 23:56:34 UTC,https://bazaar.abuse.ch/export/txt/sha256/recent/,Zərərli fayl hash-i (SHA256)
sha256,29bb83e3f0f8ee1e68b0101aa6431b02013269267d2696e47e57414375456ea7,72,high,MalwareBazaar,1,7,2026-10-02T23:24:55+00:00,2026-10-04T00:13:52+00:00,,,,2026-10-03 23:56:34 UTC,https://bazaar.abuse.ch/export/txt/sha256/recent/,Zərərli fayl hash-i (SHA256)
sha256,b7b3a64ce47ca07a42d85a47c5b449596c60681ea9b5670d62d2727993cb13db,72,high,MalwareBazaar,1,7,2026-10-02T23:24:55+00:00,2026-10-04T00:13:52+00:00,,,,2026-10-03 23:56:34 UTC,https://bazaar.abuse.ch/export/txt/sha256/recent/,Zərərli fayl hash-i (SHA256)
sha256,6bbdbd7cb995bdd522521ed566f6cfcfcba68d5fc4428b2630433afcfb3435d9,72,high,MalwareBazaar,1,7,2026-10-02T23:24:55+00:00,2026-10-04T00:13:52+00:00,,,,2026-10-03 23:56:34 UTC,https://bazaar.abuse.ch/export/txt/sha256/recent/,Zərərli fayl hash-i (SHA256)
sha256,1c127286e65a26a8a62486337e92cc8b424beb091ec0c528de451a69abae12d0,72,high,MalwareBazaar,1,7,2026-10-02T23:24:55+00:00,2026-10-04T00:13:52+00:00,,,,2026-10-03 23:56:34 UTC,https://bazaar.abuse.ch/export/txt/sha256/recent/,Zərərli fayl hash-i (SHA256)
sha256,39a0531b67b59324fc98081cdc37472b6623a3f21c3f4913417e44b9afc1c9f9,72,high,MalwareBazaar,1,7,2026-10-02T23:24:55+00:00,2026-10-04T00:13:52+00:00,,,,2026-10-03 23:56:34 UTC,https://bazaar.abuse.ch/export/txt/sha256/recent/,Zərərli fayl hash-i (SHA256)
sha256,8d209aee6191f695790fe2a6d6fdd468b34c6076851e5c02d042d38b031fd2e5,72,high,MalwareBazaar,1,7,2026-10-02T23:24:55+00:00,2026-10-04T00:13:52+00:00,,,,2026-10-03 23:56:34 UTC,https://bazaar.abuse.ch/export/txt/sha256/recent/,Zərərli fayl hash-i (SHA256)
sha256,727a26b2223f096eaf55cf531dbd818bc954a88465b8001d6466c6451a4840f5,72,high,MalwareBazaar,1,7,2026-10-02T23:24:55+00:00,2026-10-04T00:13:52+00:00,,,,2026-10-03 23:56:34 UTC,https://bazaar.abuse.ch/export/txt/sha256/recent/,Zərərli fayl hash-i (SHA256)
sha256,ab4e43a86948ffd778d81c5fc8d8d0b620d7d4cab09f659140715279a3be0da3,72,high,MalwareBazaar,1,7,2026-10-02T23:24:55+00:00,2026-10-04T00:13:52+00:00,,,,2026-10-03 23:56:34 UTC,https://bazaar.abuse.ch/export/txt/sha256/recent/,Zərərli fayl hash-i (SHA256)
sha256,002b40418614ed07ef7c7afd4bf5d3a02dea6447aca8a5e0609e1ca51e6a8eba,72,high,MalwareBazaar,1,7,2026-10-02T23:24:55+00:00,2026-10-04T00:13:52+00:00,,,,2026-10-03 23:56:34 UTC,https://bazaar.abuse.ch/export/txt/sha256/recent/,Zərərli fayl hash-i (SHA256)
sha256,aa5cb0752d96403d4e22bc6733bad86015069d01c45265c7d2e5c9050500f93d,72,high,MalwareBazaar,1,7,2026-10-02T23:24:55+00:00,2026-10-04T00:13:52+00:00,,,,2026-10-03 23:56:34 UTC,https://bazaar.abuse.ch/export/txt/sha256/recent/,Zərərli fayl hash-i (SHA256)
sha256,76d1516d6d2beff17d8cb1c34083a5401336d3a08cea2c3ac80b22350039d1cc,72,high,MalwareBazaar,1,7,2026-10-02T23:24:55+00:00,2026-10-04T00:13:52+00:00,,,,2026-10-03 23:56:34 UTC,https://bazaar.abuse.ch/export/txt/sha256/recent/,Zərərli fayl hash-i (SHA256)
sha256,52aab95eaaab46ea81e5aec2d71204262169d87fe2a01be39c89d77fd255f8ce,72,high,MalwareBazaar,1,7,2026-10-02T23:24:55+00:00,2026-10-04T00:13:52+00:00,,,,2026-10-03 23:56:34 UTC,https://bazaar.abuse.ch/export/txt/sha256/recent/,Zərərli fayl hash-i (SHA256)
sha256,d2cf2686f44707bc48bc47c1bd14be9e5d06e4fffe186ca34fe8ce88abfe82a6,72,high,MalwareBazaar,1,7,2026-10-02T23:24:55+00:00,2026-10-04T00:13:52+00:00,,,,2026-10-03 23:56:34 UTC,https://bazaar.abuse.ch/export/txt/sha256/recent/,Zərərli fayl hash-i (SHA256)
sha256,e453dd92671fb00bdedbd35b4c82dbf100125b8388a97b47e83acf7816f6ca86,72,high,MalwareBazaar,1,7,2026-10-02T23:24:55+00:00,2026-10-04T00:13:52+00:00,,,,2026-10-03 23:56:34 UTC,https://bazaar.abuse.ch/export/txt/sha256/recent/,Zərərli fayl hash-i (SHA256)
sha256,e8d6ea0246b56452df932427cbd3ac450162eaa354c774aedd77e2c68d066a5b,72,high,MalwareBazaar,1,7,2026-10-02T23:24:55+00:00,2026-10-04T00:13:52+00:00,,,,2026-10-03 23:56:34 UTC,https://bazaar.abuse.ch/export/txt/sha256/recent/,Zərərli fayl hash-i (SHA256)
sha256,492f3ab6828bef36c19d5b34cf47c76587f7455960c44ea54b472b4371851bbf,72,high,MalwareBazaar,1,7,2026-10-02T23:24:55+00:00,2026-10-04T00:13:52+00:00,,,,2026-10-03 23:56:34 UTC,https://bazaar.abuse.ch/export/txt/sha256/recent/,Zərərli fayl hash-i (SHA256)
sha256,d02a2b2ab354156a83c618bbe18d1d572583f8a07b1098847c2ffa898596b1fa,72,high,MalwareBazaar,1,7,2026-10-02T23:24:55+00:00,2026-10-04T00:13:52+00:00,,,,2026-10-03 23:56:34 UTC,https://bazaar.abuse.ch/export/txt/sha256/recent/,Zərərli fayl hash-i (SHA256)
sha256,e44052175e3b86215758ad0696076ac0b006d1beed68a2b2f02529be5715993d,72,high,MalwareBazaar,1,7,2026-10-02T23:24:55+00:00,2026-10-04T00:13:52+00:00,,,,2026-10-03 23:56:34 UTC,https://bazaar.abuse.ch/export/txt/sha256/recent/,Zərərli fayl hash-i (SHA256)
sha256,a523cfc14a62483fd7efcb10cba0293816464ad5a3d9a88d90933da794a7bcb3,72,high,MalwareBazaar,1,7,2026-10-02T23:24:55+00:00,2026-10-04T00:13:52+00:00,,,,2026-10-03 23:56:34 UTC,https://bazaar.abuse.ch/export/txt/sha256/recent/,Zərərli fayl hash-i (SHA256)
sha256,2648a65d91ed44dba57f7c3b6034e364e30b229e4ea1b9fddc6cc674594923ee,72,high,MalwareBazaar,1,7,2026-10-02T23:24:55+00:00,2026-10-04T00:13:52+00:00,,,,2026-10-03 23:56:34 UTC,https://bazaar.abuse.ch/export/txt/sha256/recent/,Zərərli fayl hash-i (SHA256)
sha256,261eb5a77bb158237f309a830e90af849e3349b4c186737b9dcf27ecc7a54671,72,high,MalwareBazaar,1,7,2026-10-02T23:24:55+00:00,2026-10-04T00:13:52+00:00,,,,2026-10-03 23:56:34 UTC,https://bazaar.abuse.ch/export/txt/sha256/recent/,Zərərli fayl hash-i (SHA256)
sha256,028df8aee8f72443a51112f7864566492fea3f58c66a88f58a2add7b9e2b79a1,72,high,MalwareBazaar,1,7,2026-10-02T23:24:55+00:00,2026-10-04T00:13:52+00:00,,,,2026-10-03 23:56:34 UTC,https://bazaar.abuse.ch/export/txt/sha256/recent/,Zərərli fayl hash-i (SHA256)
sha256,7bf00a1235f6b53d07b70ab14df6e01274e8c3dfb28d509f58b9726302c07ec4,72,high,MalwareBazaar,1,7,2026-10-02T23:24:55+00:00,2026-10-04T00:13:52+00:00,,,,2026-10-03 23:56:34 UTC,https://bazaar.abuse.ch/export/txt/sha256/recent/,Zərərli fayl hash-i (SHA256)
sha256,e30fd3128e74c3dae990dc6b687ef8dbfeb795c350ab148a61dd2f1e17dd4c7f,72,high,MalwareBazaar,1,7,2026-10-02T23:24:55+00:00,2026-10-04T00:13:52+00:00,,,,2026-10-03 23:56:34 UTC,https://bazaar.abuse.ch/export/txt/sha256/recent/,Zərərli fayl hash-i (SHA256)
sha256,c307a388df7b7091130f490d74c4458e1177cde98f910de505006cbbce3eba2c,72,high,MalwareBazaar,1,7,2026-10-02T23:24:55+00:00,2026-10-04T00:13:52+00:00,,,,2026-10-03 23:56:34 UTC,https://bazaar.abuse.ch/export/txt/sha256/recent/,Zərərli fayl hash-i (SHA256)
sha256,4faccd95d23724469122505b90cdfd280ff552528be38e73e2b969be90eb7380,72,high,MalwareBazaar,1,7,2026-10-02T23:24:55+00:00,2026-10-04T00:13:52+00:00,,,,2026-10-03 23:56:34 UTC,https://bazaar.abuse.ch/export/txt/sha256/recent/,Zərərli fayl hash-i (SHA256)
sha256,26af0472b17df3c7261b53a25a73f8943386a73600a730c451b6ed545173f868,72,high,MalwareBazaar,1,7,2026-10-02T23:24:55+00:00,2026-10-04T00:13:52+00:00,,,,2026-10-03 23:56:34 UTC,https://bazaar.abuse.ch/export/txt/sha256/recent/,Zərərli fayl hash-i (SHA256)
sha256,d0987d055e468144f7d34197b7f46830dc765db199f75aa3d75c0cbabb7b487c,72,high,MalwareBazaar,1,7,2026-10-02T23:24:55+00:00,2026-10-04T00:13:52+00:00,,,,2026-10-03 23:56:34 UTC,https://bazaar.abuse.ch/export/txt/sha256/recent/,Zərərli fayl hash-i (SHA256)
sha256,87c7e46f2ff5671ec5e4ebc98c1bd44c46477fb45bb1079385f63d77be881a2f,72,high,MalwareBazaar,1,7,2026-10-02T23:24:55+00:00,2026-10-04T00:13:52+00:00,,,,2026-10-03 23:56:34 UTC,https://bazaar.abuse.ch/export/txt/sha256/recent/,Zərərli fayl hash-i (SHA256)
sha256,b89ef5409232e698abee30ccbaa8341c6df9be14ecd79b89d1a9f0e1ee581493,72,high,MalwareBazaar,1,7,2026-10-02T23:24:55+00:00,2026-10-04T00:13:52+00:00,,,,2026-10-03 23:56:34 UTC,https://bazaar.abuse.ch/export/txt/sha256/recent/,Zərərli fayl hash-i (SHA256)
sha256,c0bf51a8c90c769a6a6d17f427f3c9269fa62eb34b6a6811b5790607378e32fa,72,high,MalwareBazaar,1,7,2026-10-02T23:24:55+00:00,2026-10-04T00:13:52+00:00,,,,2026-10-03 23:56:34 UTC,https://bazaar.abuse.ch/export/txt/sha256/recent/,Zərərli fayl hash-i (SHA256)
sha256,cd27705a523334b5d49e1cf01801e4e832702e07aa846645b2d475f48ad19e8e,72,high,MalwareBazaar,1,7,2026-10-02T23:24:55+00:00,2026-10-04T00:13:52+00:00,,,,2026-10-03 23:56:34 UTC,https://bazaar.abuse.ch/export/txt/sha256/recent/,Zərərli fayl hash-i (SHA256)
sha256,c0d19417dc09d49d7a9ebf5bceb3706ac930fcd0f4a6890210d0c64d1a19c7e2,72,high,MalwareBazaar,1,7,2026-10-02T23:24:55+00:00,2026-10-04T00:13:52+00:00,,,,2026-10-03 23:56:34 UTC,https://bazaar.abuse.ch/export/txt/sha256/recent/,Zərərli fayl hash-i (SHA256)
sha256,aa54bf520f7fd99b2b6178631ceeefd87e258c3bb7df921586cd763950d7f59b,72,high,MalwareBazaar,1,7,2026-10-02T23:24:55+00:00,2026-10-04T00:13:52+00:00,,,,2026-10-03 23:56:34 UTC,https://bazaar.abuse.ch/export/txt/sha256/recent/,Zərərli fayl hash-i (SHA256)
sha256,3bdadba5380427851619338501ffe4dbfbd3b46ae65e5af0eb23b8791c5697d9,72,high,MalwareBazaar,1,7,2026-10-02T23:24:55+00:00,2026-10-04T00:13:52+00:00,,,,2026-10-03 23:56:34 UTC,https://bazaar.abuse.ch/export/txt/sha256/recent/,Zərərli fayl hash-i (SHA256)
sha256,694281badaaa7e11a4c91b5b449fa386c71375eca44634cb8a98848d4b7b98c4,72,high,MalwareBazaar,1,7,2026-10-02T23:24:55+00:00,2026-10-04T00:13:52+00:00,,,,2026-10-03 23:56:34 UTC,https://bazaar.abuse.ch/export/txt/sha256/recent/,Zərərli fayl hash-i (SHA256)
sha256,0188b0eba4b01c4fb838df9d1d76c76d7f1dc22897e25161975b606c134c1027,72,high,MalwareBazaar,1,7,2026-10-02T23:24:55+00:00,2026-10-04T00:13:52+00:00,,,,2026-10-03 23:56:34 UTC,https://bazaar.abuse.ch/export/txt/sha256/recent/,Zərərli fayl hash-i (SHA256)
sha256,c41937c6b74dfd0b79c52e0042bafd5b09ff4a43f0fe8ddef19142da05b5db03,72,high,MalwareBazaar,1,7,2026-10-02T23:24:55+00:00,2026-10-04T00:13:52+00:00,,,,2026-10-03 23:56:34 UTC,https://bazaar.abuse.ch/export/txt/sha256/recent/,Zərərli fayl hash-i (SHA256)
sha256,e2ce5effecaa7e91d3d8c2adde74650077f51bd26b50cfa839996324bb58db3d,72,high,MalwareBazaar,1,7,2026-10-02T23:24:55+00:00,2026-10-04T00:13:52+00:00,,,,2026-10-03 23:56:34 UTC,https://bazaar.abuse.ch/export/txt/sha256/recent/,Zərərli fayl hash-i (SHA256)
sha256,368dee418e9fc76d698fd9f0f84211e8969d70f6cc57672d93d73c60c914b9c5,72,high,MalwareBazaar,1,7,2026-10-02T23:24:55+00:00,2026-10-04T00:13:52+00:00,,,,2026-10-03 23:56:34 UTC,https://bazaar.abuse.ch/export/txt/sha256/recent/,Zərərli fayl hash-i (SHA256)
sha256,cab0625645bb2e164d53e7cad60a094f5930a3c1f2f14628600d5d9bc1a1e7c6,72,high,MalwareBazaar,1,7,2026-10-02T23:24:55+00:00,2026-10-04T00:13:52+00:00,,,,2026-10-03 23:56:34 UTC,https://bazaar.abuse.ch/export/txt/sha256/recent/,Zərərli fayl hash-i (SHA256)
sha256,414641676e96d0e9fa91fc5128d815f56b852881eee86e7499764c7766ee698b,72,high,MalwareBazaar,1,7,2026-10-02T23:24:55+00:00,2026-10-04T00:13:52+00:00,,,,2026-10-03 23:56:34 UTC,https://bazaar.abuse.ch/export/txt/sha256/recent/,Zərərli fayl hash-i (SHA256)
sha256,266d5e39761741b1856c6fdb5a2e1337402c7436134f421f8e2959b7f5caccce,72,high,MalwareBazaar,1,7,2026-10-02T23:24:55+00:00,2026-10-04T00:13:52+00:00,,,,2026-10-03 23:56:34 UTC,https://bazaar.abuse.ch/export/txt/sha256/recent/,Zərərli fayl hash-i (SHA256)
sha256,5801c721c23359f3040354c800879c652781ec0628af7fda4043a90ec3c082a3,72,high,MalwareBazaar,1,7,2026-10-02T23:24:55+00:00,2026-10-04T00:13:52+00:00,,,,2026-10-03 23:56:34 UTC,https://bazaar.abuse.ch/export/txt/sha256/recent/,Zərərli fayl hash-i (SHA256)
sha256,6827cf642fa85aa129e8df4102e6787d7439e3760fbdb43be4a819992065fe38,72,high,MalwareBazaar,1,7,2026-10-02T23:24:55+00:00,2026-10-04T00:13:52+00:00,,,,2026-10-03 23:56:34 UTC,https://bazaar.abuse.ch/export/txt/sha256/recent/,Zərərli fayl hash-i (SHA256)
sha256,b29f031e5bbdd32c7f3537213bec23f64b0abbcc3e87c6b6d044b3822e2bcd83,72,high,MalwareBazaar,1,7,2026-10-02T23:24:55+00:00,2026-10-04T00:13:52+00:00,,,,2026-10-03 23:56:34 UTC,https://bazaar.abuse.ch/export/txt/sha256/recent/,Zərərli fayl hash-i (SHA256)
sha256,f56e3dd2b50a66ab1b8739e63d2d7de93c12604f9c94bfe0e6256def07a66ef2,72,high,MalwareBazaar,1,7,2026-10-02T23:24:55+00:00,2026-10-04T00:13:52+00:00,,,,2026-10-03 23:56:34 UTC,https://bazaar.abuse.ch/export/txt/sha256/recent/,Zərərli fayl hash-i (SHA256)
sha256,e38d5ff4bf7c6873e23b5ac2f54e68b3c0913e058e8d1da3c2b19077293102df,72,high,MalwareBazaar,1,7,2026-10-02T23:24:55+00:00,2026-10-04T00:13:52+00:00,,,,2026-10-03 23:56:34 UTC,https://bazaar.abuse.ch/export/txt/sha256/recent/,Zərərli fayl hash-i (SHA256)
sha256,4a9c7903ac77283dab2648a27a5b3c40e8eea478b264d59353efd9d891d58a21,72,high,MalwareBazaar,1,7,2026-10-02T23:24:55+00:00,2026-10-04T00:13:52+00:00,,,,2026-10-03 23:56:34 UTC,https://bazaar.abuse.ch/export/txt/sha256/recent/,Zərərli fayl hash-i (SHA256)
sha256,b72a6b976bee7d287187cee75bab7ea826964d2f16f2cd03a7295bdbe9cfbab1,72,high,MalwareBazaar,1,7,2026-10-02T23:24:55+00:00,2026-10-04T00:13:52+00:00,,,,2026-10-03 23:56:34 UTC,https://bazaar.abuse.ch/export/txt/sha256/recent/,Zərərli fayl hash-i (SHA256)
sha256,30a54c0221e7ade433636c205e508aaa1006f4df93870ade8fb15db995b98704,72,high,MalwareBazaar,1,7,2026-10-02T23:24:55+00:00,2026-10-04T00:13:52+00:00,,,,2026-10-03 23:56:34 UTC,https://bazaar.abuse.ch/export/txt/sha256/recent/,Zərərli fayl hash-i (SHA256)
sha256,00575262fc54fb8a46fe59c5abc2b9c5229491da480df9f74aa6acb6954b24f7,72,high,MalwareBazaar,1,7,2026-10-02T23:24:55+00:00,2026-10-04T00:13:52+00:00,,,,2026-10-03 23:56:34 UTC,https://bazaar.abuse.ch/export/txt/sha256/recent/,Zərərli fayl hash-i (SHA256)
sha256,51538a2683287a88871c37be515268c34048e1e84b30eecea23164f864e4ecd4,72,high,MalwareBazaar,1,7,2026-10-02T23:24:55+00:00,2026-10-04T00:13:52+00:00,,,,2026-10-03 23:56:34 UTC,https://bazaar.abuse.ch/export/txt/sha256/recent/,Zərərli fayl hash-i (SHA256)
sha256,99a4f10d374c096e576e6b2e82594ce53ff1d429c545d10dbf3647c4ae79ac9a,72,high,MalwareBazaar,1,7,2026-10-02T23:24:55+00:00,2026-10-04T00:13:52+00:00,,,,2026-10-03 23:56:34 UTC,https://bazaar.abuse.ch/export/txt/sha256/recent/,Zərərli fayl hash-i (SHA256)
sha256,fd7985d10d4d7b110e3e1f9cd0aa05abdadca4df11a82d907141612968970c25,72,high,MalwareBazaar,1,7,2026-10-02T23:24:55+00:00,2026-10-04T00:13:52+00:00,,,,2026-10-03 23:56:34 UTC,https://bazaar.abuse.ch/export/txt/sha256/recent/,Zərərli fayl hash-i (SHA256)
sha256,f1d56c7182c6436b26d47f0a64e297ee5b32a4002e6e589add0f5ff10b55c5f2,72,high,MalwareBazaar,1,7,2026-10-02T23:24:55+00:00,2026-10-04T00:13:52+00:00,,,,2026-10-03 23:56:34 UTC,https://bazaar.abuse.ch/export/txt/sha256/recent/,Zərərli fayl hash-i (SHA256)
sha256,81d47792fc2ed00ba990d0e6a21b6df184bb309a2315a20d1dd2ee214cadd67e,72,high,MalwareBazaar,1,7,2026-10-02T23:24:55+00:00,2026-10-04T00:13:52+00:00,,,,2026-10-03 23:56:34 UTC,https://bazaar.abuse.ch/export/txt/sha256/recent/,Zərərli fayl hash-i (SHA256)
sha256,c36e894a024c7d0c8aa9e7cc61d9d5126ea89b3a39ac12d0f540eee5d12f0248,70,high,MalwareBazaar,1,2,2026-10-03T21:53:59+00:00,2026-10-04T00:13:52+00:00,,,,2026-10-03 23:56:34 UTC,https://bazaar.abuse.ch/export/txt/sha256/recent/,Zərərli fayl hash-i (SHA256)
sha256,5d78d455cd52330110a14948b83351c531dbca5bddb27c947319e4ff23ea8a24,70,high,MalwareBazaar,1,2,2026-10-03T21:53:59+00:00,2026-10-04T00:13:52+00:00,,,,2026-10-03 23:56:34 UTC,https://bazaar.abuse.ch/export/txt/sha256/recent/,Zərərli fayl hash-i (SHA256)
sha256,ede54aa3f13eae6b3e6779a994c35c1089ab2b693611d7ae71cc4b34303aab4b,70,high,MalwareBazaar,1,2,2026-10-03T21:53:59+00:00,2026-10-04T00:13:52+00:00,,,,2026-10-03 23:56:34 UTC,https://bazaar.abuse.ch/export/txt/sha256/recent/,Zərərli fayl hash-i (SHA256)
sha256,44eedbb74cc862638affa264e1cd46af2b9fedfb4b96bec66bf173685fc78785,70,high,MalwareBazaar,1,2,2026-10-03T21:53:59+00:00,2026-10-04T00:13:52+00:00,,,,2026-10-03 23:56:34 UTC,https://bazaar.abuse.ch/export/txt/sha256/recent/,Zərərli fayl hash-i (SHA256)
sha256,d04663bdab3183c94381d19eec7af59f90890497d5ad95c7af1c00d0fe8901dc,70,high,MalwareBazaar,1,2,2026-10-03T21:53:59+00:00,2026-10-04T00:13:52+00:00,,,,2026-10-03 23:56:34 UTC,https://bazaar.abuse.ch/export/txt/sha256/recent/,Zərərli fayl hash-i (SHA256)
sha256,899299dcaa6531e450cfc844f7948bc3180c6cbebc43cf751e65ee261f6732cd,70,high,MalwareBazaar,1,2,2026-10-03T21:53:59+00:00,2026-10-04T00:13:52+00:00,,,,2026-10-03 23:56:34 UTC,https://bazaar.abuse.ch/export/txt/sha256/recent/,Zərərli fayl hash-i (SHA256)
sha256,602b859d38c02c559f62e5c6f7ba30265b2ffd7faf528a3b0151727c7a1dc2d3,70,high,MalwareBazaar,1,2,2026-10-03T21:53:59+00:00,2026-10-04T00:13:52+00:00,,,,2026-10-03 23:56:34 UTC,https://bazaar.abuse.ch/export/txt/sha256/recent/,Zərərli fayl hash-i (SHA256)
sha256,4b0c3ebbe916831371b16cc4226079b6abde97245f24e5aa868a9786d4b2a152,70,high,MalwareBazaar,1,2,2026-10-03T21:53:59+00:00,2026-10-04T00:13:52+00:00,,,,2026-10-03 23:56:34 UTC,https://bazaar.abuse.ch/export/txt/sha256/recent/,Zərərli fayl hash-i (SHA256)
sha256,0a7f88a74e82725e8ceaf9aa0b25b43c43105ff7653b29a0cbba94ce40b04447,70,high,MalwareBazaar,1,2,2026-10-03T21:53:59+00:00,2026-10-04T00:13:52+00:00,,,,2026-10-03 23:56:34 UTC,https://bazaar.abuse.ch/export/txt/sha256/recent/,Zərərli fayl hash-i (SHA256)
sha256,12ff1448594844ffe072674e4da36c2bb92bce19bfdf494bcae0542ce6e1731a,70,high,MalwareBazaar,1,2,2026-10-03T21:53:59+00:00,2026-10-04T00:13:52+00:00,,,,2026-10-03 23:56:34 UTC,https://bazaar.abuse.ch/export/txt/sha256/recent/,Zərərli fayl hash-i (SHA256)
sha256,12b15fe585a21d33eeb863fc5a246596225a77185a314d55de3c980bbe11e9c0,70,high,MalwareBazaar,1,2,2026-10-03T21:53:59+00:00,2026-10-04T00:13:52+00:00,,,,2026-10-03 23:56:34 UTC,https://bazaar.abuse.ch/export/txt/sha256/recent/,Zərərli fayl hash-i (SHA256)
sha256,b9bc8d87ef77f63082445f5664e02a84db568f6d8147e077b97dc15df9f2a36b,70,high,MalwareBazaar,1,2,2026-10-03T21:53:59+00:00,2026-10-04T00:13:52+00:00,,,,2026-10-03 23:56:34 UTC,https://bazaar.abuse.ch/export/txt/sha256/recent/,Zərərli fayl hash-i (SHA256)
sha256,7b950ea7e16faa3348b735460805486a375797cc7e7df2ef775c5a676c057e7a,70,high,MalwareBazaar,1,2,2026-10-03T21:53:59+00:00,2026-10-04T00:13:52+00:00,,,,2026-10-03 23:56:34 UTC,https://bazaar.abuse.ch/export/txt/sha256/recent/,Zərərli fayl hash-i (SHA256)
sha256,83307fb218b557a0a1cab46e094b038f9b795d2d02bd04ac7ce4e0d3eb4ec8c3,70,high,MalwareBazaar,1,2,2026-10-03T21:53:59+00:00,2026-10-04T00:13:52+00:00,,,,2026-10-03 23:56:34 UTC,https://bazaar.abuse.ch/export/txt/sha256/recent/,Zərərli fayl hash-i (SHA256)
sha256,ec6d42cc99e3c7870dc11606643e8b296e4aadafaf886f05506e1f515aa55eee,70,high,MalwareBazaar,1,2,2026-10-03T21:53:59+00:00,2026-10-04T00:13:52+00:00,,,,2026-10-03 23:56:34 UTC,https://bazaar.abuse.ch/export/txt/sha256/recent/,Zərərli fayl hash-i (SHA256)
sha256,767f2c349857b42157cd7a73ce8223f4f6ac9135d63b1321960df8570bf0f3a8,70,high,MalwareBazaar,1,2,2026-10-03T21:53:59+00:00,2026-10-04T00:13:52+00:00,,,,2026-10-03 23:56:34 UTC,https://bazaar.abuse.ch/export/txt/sha256/recent/,Zərərli fayl hash-i (SHA256)
sha256,fe74ff8dd9434d468b8cf513e6bf198077e6d85d1d4a269acd3734437626cc17,70,high,MalwareBazaar,1,2,2026-10-03T21:53:59+00:00,2026-10-04T00:13:52+00:00,,,,2026-10-03 23:56:34 UTC,https://bazaar.abuse.ch/export/txt/sha256/recent/,Zərərli fayl hash-i (SHA256)
sha256,c598a0525f1301f194f3681dba372f399ea5d690db218f06006c430ca57b3d6b,70,high,MalwareBazaar,1,2,2026-10-03T21:53:59+00:00,2026-10-04T00:13:52+00:00,,,,2026-10-03 23:56:34 UTC,https://bazaar.abuse.ch/export/txt/sha256/recent/,Zərərli fayl hash-i (SHA256)
sha256,3bf90e8fa0ff633c6000f8ceb67d5ce7865d5cf8ca24666917c1b4f657bd8be6,70,high,MalwareBazaar,1,2,2026-10-03T21:53:59+00:00,2026-10-04T00:13:52+00:00,,,,2026-10-03 23:56:34 UTC,https://bazaar.abuse.ch/export/txt/sha256/recent/,Zərərli fayl hash-i (SHA256)
sha256,13f851d47b120eb18d1b22ea6f412965a3ddffee3ab82857d0c975692d4e1c0c,70,high,MalwareBazaar,1,2,2026-10-03T21:53:59+00:00,2026-10-04T00:13:52+00:00,,,,2026-10-03 23:56:34 UTC,https://bazaar.abuse.ch/export/txt/sha256/recent/,Zərərli fayl hash-i (SHA256)
sha256,d7f507977f30a4aa55f9568325244d9bb0286bf357ed0f29ab500168bc180319,70,high,MalwareBazaar,1,2,2026-10-03T21:53:59+00:00,2026-10-04T00:13:52+00:00,,,,2026-10-03 23:56:34 UTC,https://bazaar.abuse.ch/export/txt/sha256/recent/,Zərərli fayl hash-i (SHA256)
sha256,5f075f94d41f9eca5caf469398427aa918e4704066b71c6d8b0c90e85221161b,70,high,MalwareBazaar,1,2,2026-10-03T21:53:59+00:00,2026-10-04T00:13:52+00:00,,,,2026-10-03 23:56:34 UTC,https://bazaar.abuse.ch/export/txt/sha256/recent/,Zərərli fayl hash-i (SHA256)
sha256,6b6e235ab9bc578339c0eb3e01200e194e6114e2b201d49a504b5fefa14c2863,70,high,MalwareBazaar,1,2,2026-10-03T21:53:59+00:00,2026-10-04T00:13:52+00:00,,,,2026-10-03 23:56:34 UTC,https://bazaar.abuse.ch/export/txt/sha256/recent/,Zərərli fayl hash-i (SHA256)
sha256,9c405e9719f233aa30d7bb401d1dd7b4eb1deb37570915f0641d9c815c17294f,70,high,MalwareBazaar,1,2,2026-10-03T21:53:59+00:00,2026-10-04T00:13:52+00:00,,,,2026-10-03 23:56:34 UTC,https://bazaar.abuse.ch/export/txt/sha256/recent/,Zərərli fayl hash-i (SHA256)
sha256,6cdbc366bd399edb7c7176e407c4292016dd963361103aeda8e7709d42662000,70,high,MalwareBazaar,1,2,2026-10-03T21:53:59+00:00,2026-10-04T00:13:52+00:00,,,,2026-10-03 23:56:34 UTC,https://bazaar.abuse.ch/export/txt/sha256/recent/,Zərərli fayl hash-i (SHA256)
sha256,1cf79a8a0d11841719fd64486731338bee22e34f0d40e0cf21fb90d503c8c50b,70,high,MalwareBazaar,1,2,2026-10-03T21:53:59+00:00,2026-10-04T00:13:52+00:00,,,,2026-10-03 23:56:34 UTC,https://bazaar.abuse.ch/export/txt/sha256/recent/,Zərərli fayl hash-i (SHA256)
sha256,4e9cde4ff743aa8e6307f99efa90215687f6081613a8b695e0ab34639502d317,70,high,MalwareBazaar,1,2,2026-10-03T21:53:59+00:00,2026-10-04T00:13:52+00:00,,,,2026-10-03 23:56:34 UTC,https://bazaar.abuse.ch/export/txt/sha256/recent/,Zərərli fayl hash-i (SHA256)
sha256,35f7ae019bf5c1c93489cebe6bbd64be0d3872dcc76bf9c0dc7ea483eb669201,70,high,MalwareBazaar,1,2,2026-10-03T21:53:59+00:00,2026-10-04T00:13:52+00:00,,,,2026-10-03 23:56:34 UTC,https://bazaar.abuse.ch/export/txt/sha256/recent/,Zərərli fayl hash-i (SHA256)
sha256,35c19865b8d0f2d7bacd403a9e8650f799bf6b7daa8dc52bb90f53a587b36d30,70,high,MalwareBazaar,1,2,2026-10-03T21:53:59+00:00,2026-10-04T00:13:52+00:00,,,,2026-10-03 23:56:34 UTC,https://bazaar.abuse.ch/export/txt/sha256/recent/,Zərərli fayl hash-i (SHA256)
sha256,2f877ed3668559199e8571be72392d9fffe75d2a4788ae56b9f9b74bfa4bf7f7,70,high,MalwareBazaar,1,2,2026-10-03T21:53:59+00:00,2026-10-04T00:13:52+00:00,,,,2026-10-03 23:56:34 UTC,https://bazaar.abuse.ch/export/txt/sha256/recent/,Zərərli fayl hash-i (SHA256)
sha256,b332573d4147f078f29e1bd7a8e58761d8cdddcb0b21f0048c9f2a132af3af00,70,high,MalwareBazaar,1,2,2026-10-03T21:53:59+00:00,2026-10-04T00:13:52+00:00,,,,2026-10-03 23:56:34 UTC,https://bazaar.abuse.ch/export/txt/sha256/recent/,Zərərli fayl hash-i (SHA256)
sha256,37d22999f8b9baf9e28e5b6ba7b44410cdc03f7c4dc016137ea50b78c51e87b1,70,high,MalwareBazaar,1,2,2026-10-03T21:53:59+00:00,2026-10-04T00:13:52+00:00,,,,2026-10-03 23:56:34 UTC,https://bazaar.abuse.ch/export/txt/sha256/recent/,Zərərli fayl hash-i (SHA256)
sha256,d90194bbc2c6678d6a089f44d55de04ab144cb70003eb41db668857564950e39,70,high,MalwareBazaar,1,2,2026-10-03T21:53:59+00:00,2026-10-04T00:13:52+00:00,,,,2026-10-03 23:56:34 UTC,https://bazaar.abuse.ch/export/txt/sha256/recent/,Zərərli fayl hash-i (SHA256)
sha256,42a687253a41984e499b93163cb334388be2b603758f652d6a772090af0e1b8b,70,high,MalwareBazaar,1,2,2026-10-03T21:53:59+00:00,2026-10-04T00:13:52+00:00,,,,2026-10-03 23:56:34 UTC,https://bazaar.abuse.ch/export/txt/sha256/recent/,Zərərli fayl hash-i (SHA256)
sha256,ab722241784ad860638b312f82ba3f7058fe4e248eb63bf8e17ec55f4881fc03,70,high,MalwareBazaar,1,2,2026-10-03T21:53:59+00:00,2026-10-04T00:13:52+00:00,,,,2026-10-03 23:56:34 UTC,https://bazaar.abuse.ch/export/txt/sha256/recent/,Zərərli fayl hash-i (SHA256)
sha256,784e7ff63c0cae3a5dc6c7e1e7f4df62a854683a4e47b9e7cfa66333966f12c3,70,high,MalwareBazaar,1,2,2026-10-03T21:53:59+00:00,2026-10-04T00:13:52+00:00,,,,2026-10-03 23:56:34 UTC,https://bazaar.abuse.ch/export/txt/sha256/recent/,Zərərli fayl hash-i (SHA256)
sha256,22b5545243b9e9f0627cd45e84b8a79d0134f7de1630fdef70625482f79cdf12,70,high,MalwareBazaar,1,2,2026-10-03T21:53:59+00:00,2026-10-04T00:13:52+00:00,,,,2026-10-03 23:56:34 UTC,https://bazaar.abuse.ch/export/txt/sha256/recent/,Zərərli fayl hash-i (SHA256)
sha256,2e50cd69371fff028131eee462e392526b1050bbef830aaa14b020d79fb90c43,70,high,MalwareBazaar,1,2,2026-10-03T21:53:59+00:00,2026-10-04T00:13:52+00:00,,,,2026-10-03 23:56:34 UTC,https://bazaar.abuse.ch/export/txt/sha256/recent/,Zərərli fayl hash-i (SHA256)
sha256,3110b56699e45c65d65560b35f8e207fe32c57e53ca581cf7b22166cd2a8fd6d,70,high,MalwareBazaar,1,2,2026-10-03T21:53:59+00:00,2026-10-04T00:13:52+00:00,,,,2026-10-03 23:56:34 UTC,https://bazaar.abuse.ch/export/txt/sha256/recent/,Zərərli fayl hash-i (SHA256)
sha256,6f10dbeeaa67cbd262546ea73e5f691ab3ad05a77887c3183a32047e173d12ad,70,high,MalwareBazaar,1,2,2026-10-03T21:53:59+00:00,2026-10-04T00:13:52+00:00,,,,2026-10-03 23:56:34 UTC,https://bazaar.abuse.ch/export/txt/sha256/recent/,Zərərli fayl hash-i (SHA256)
sha256,295ccac6f1eb2f3dac004467539cd7d0b9554890f6ee1d9b01d6b85873683710,70,high,MalwareBazaar,1,2,2026-10-03T21:53:59+00:00,2026-10-04T00:13:52+00:00,,,,2026-10-03 23:56:34 UTC,https://bazaar.abuse.ch/export/txt/sha256/recent/,Zərərli fayl hash-i (SHA256)
sha256,1ff41a5abbbcb003789588d0a3d50f86169b6b3dcd2a1df98b82199138f3093e,70,high,MalwareBazaar,1,2,2026-10-03T21:53:59+00:00,2026-10-04T00:13:52+00:00,,,,2026-10-03 23:56:34 UTC,https://bazaar.abuse.ch/export/txt/sha256/recent/,Zərərli fayl hash-i (SHA256)
sha256,702d24ade9a2187a7b4c49c17ed76976d2c88c29752b0dedf2da28da99fa0f21,70,high,MalwareBazaar,1,2,2026-10-03T21:53:59+00:00,2026-10-04T00:13:52+00:00,,,,2026-10-03 23:56:34 UTC,https://bazaar.abuse.ch/export/txt/sha256/recent/,Zərərli fayl hash-i (SHA256)
sha256,2b001f79fb13a6481656b50c3b4afb50a0058da05a15fb595f4d9ceaa04ff4e8,70,high,MalwareBazaar,1,2,2026-10-03T21:53:59+00:00,2026-10-04T00:13:52+00:00,,,,2026-10-03 23:56:34 UTC,https://bazaar.abuse.ch/export/txt/sha256/recent/,Zərərli fayl hash-i (SHA256)
sha256,dd39d561857e79a44df31eed205188d2fc0774758f2ddc141c51aa034cc47f5e,70,high,MalwareBazaar,1,2,2026-10-03T21:53:59+00:00,2026-10-04T00:13:52+00:00,,,,2026-10-03 23:56:34 UTC,https://bazaar.abuse.ch/export/txt/sha256/recent/,Zərərli fayl hash-i (SHA256)
sha256,956facebbce6e945717b5346c9bcb5418db654581987c30b02467b99fac20c57,70,high,MalwareBazaar,1,2,2026-10-03T21:53:59+00:00,2026-10-04T00:13:52+00:00,,,,2026-10-03 23:56:34 UTC,https://bazaar.abuse.ch/export/txt/sha256/recent/,Zərərli fayl hash-i (SHA256)
sha256,30c79610a4077aa8979a7035162f2c9d5485d07ecf17aea1cdc1da4f2a1295f4,70,high,MalwareBazaar,1,2,2026-10-03T21:53:59+00:00,2026-10-04T00:13:52+00:00,,,,2026-10-03 23:56:34 UTC,https://bazaar.abuse.ch/export/txt/sha256/recent/,Zərərli fayl hash-i (SHA256)
sha256,0fb6c55198300c5f45587ba90d21a32980e01b3dfb67e1e49a978916cd62c647,70,high,MalwareBazaar,1,2,2026-10-03T21:53:59+00:00,2026-10-04T00:13:52+00:00,,,,2026-10-03 23:56:34 UTC,https://bazaar.abuse.ch/export/txt/sha256/recent/,Zərərli fayl hash-i (SHA256)
sha256,6067a3e0d7fcb640a32537ce4bddc3822243ab000bed4dba2c1869ece866c493,70,high,MalwareBazaar,1,2,2026-10-03T21:53:59+00:00,2026-10-04T00:13:52+00:00,,,,2026-10-03 23:56:34 UTC,https://bazaar.abuse.ch/export/txt/sha256/recent/,Zərərli fayl hash-i (SHA256)
sha256,18866dec838e17aaf04b72f3fa80042d82826b90cac3d5bd30ca1f3efda9681c,70,high,MalwareBazaar,1,2,2026-10-03T21:53:59+00:00,2026-10-04T00:13:52+00:00,,,,2026-10-03 23:56:34 UTC,https://bazaar.abuse.ch/export/txt/sha256/recent/,Zərərli fayl hash-i (SHA256)
sha256,5f73a7c27703bc107cd173822ccd0fe949ce9aa94e9e95297789bb8bf15a67a9,70,high,MalwareBazaar,1,2,2026-10-03T21:53:59+00:00,2026-10-04T00:13:52+00:00,,,,2026-10-03 23:56:34 UTC,https://bazaar.abuse.ch/export/txt/sha256/recent/,Zərərli fayl hash-i (SHA256)
sha256,7a304eb2889687d06f110d0356647102fc214ca3b781e8764c26039cc5e9aebc,70,high,MalwareBazaar,1,2,2026-10-03T21:53:59+00:00,2026-10-04T00:13:52+00:00,,,,2026-10-03 23:56:34 UTC,https://bazaar.abuse.ch/export/txt/sha256/recent/,Zərərli fayl hash-i (SHA256)
sha256,27ac22a7f150e70e5edc156d94d560af3aa6eaaf4ca2f025652dcc8d99313559,70,high,MalwareBazaar,1,2,2026-10-03T21:53:59+00:00,2026-10-04T00:13:52+00:00,,,,2026-10-03 23:56:34 UTC,https://bazaar.abuse.ch/export/txt/sha256/recent/,Zərərli fayl hash-i (SHA256)
sha256,d23ef45d019e90dd340fd29b957d5b192de25023e4fc539bddf52b89b61d0ce8,70,high,MalwareBazaar,1,2,2026-10-03T21:53:59+00:00,2026-10-04T00:13:52+00:00,,,,2026-10-03 23:56:34 UTC,https://bazaar.abuse.ch/export/txt/sha256/recent/,Zərərli fayl hash-i (SHA256)
sha256,ae3e3da96c96981433f9185bdc9f3fb5b72178863e94346c3a186e7b27c66f8e,70,high,MalwareBazaar,1,2,2026-10-03T21:53:59+00:00,2026-10-04T00:13:52+00:00,,,,2026-10-03 23:56:34 UTC,https://bazaar.abuse.ch/export/txt/sha256/recent/,Zərərli fayl hash-i (SHA256)
sha256,671433d21f63d20cf4fea7e727bf06601f3c6ac9a8f96feb916dfb253aebfc55,70,high,MalwareBazaar,1,2,2026-10-03T21:53:59+00:00,2026-10-04T00:13:52+00:00,,,,2026-10-03 23:56:34 UTC,https://bazaar.abuse.ch/export/txt/sha256/recent/,Zərərli fayl hash-i (SHA256)
sha256,bd35282b6d5af3ea795a504fea3513d63073ad2706bc8a8dc067d3235151aedc,70,high,MalwareBazaar,1,2,2026-10-03T21:53:59+00:00,2026-10-04T00:13:52+00:00,,,,2026-10-03 23:56:34 UTC,https://bazaar.abuse.ch/export/txt/sha256/recent/,Zərərli fayl hash-i (SHA256)
sha256,4c49dbbce842ee8489eb38080e2eb258cc15aad68aab77aa1e7a38e691ab948a,70,high,MalwareBazaar,1,2,2026-10-03T21:53:59+00:00,2026-10-04T00:13:52+00:00,,,,2026-10-03 23:56:34 UTC,https://bazaar.abuse.ch/export/txt/sha256/recent/,Zərərli fayl hash-i (SHA256)
sha256,8ef31fa519c7c8ed78a2c44961356be2fc44b833b0cfe2c57f33d3edbb7b5800,70,high,MalwareBazaar,1,2,2026-10-03T21:53:59+00:00,2026-10-04T00:13:52+00:00,,,,2026-10-03 23:56:34 UTC,https://bazaar.abuse.ch/export/txt/sha256/recent/,Zərərli fayl hash-i (SHA256)
sha256,e20a0c603ba91a6d5d2b11cc5a10ca95f57ddbc1f8e10e7e4c9ef560ac8013c9,70,high,MalwareBazaar,1,2,2026-10-03T21:53:59+00:00,2026-10-04T00:13:52+00:00,,,,2026-10-03 23:56:34 UTC,https://bazaar.abuse.ch/export/txt/sha256/recent/,Zərərli fayl hash-i (SHA256)
sha256,8a5c37a8c915c0960ba4ca8e5b18c718d6fa39c01b0c7fa25a9538f558372880,70,high,MalwareBazaar,1,2,2026-10-03T21:53:59+00:00,2026-10-04T00:13:52+00:00,,,,2026-10-03 23:56:34 UTC,https://bazaar.abuse.ch/export/txt/sha256/recent/,Zərərli fayl hash-i (SHA256)
sha256,9a097c33b89c64c2e0e84a4e94450e78b2f6df30495111cad5ae4bd6b8a404d5,70,high,MalwareBazaar,1,2,2026-10-03T21:53:59+00:00,2026-10-04T00:13:52+00:00,,,,2026-10-03 23:56:34 UTC,https://bazaar.abuse.ch/export/txt/sha256/recent/,Zərərli fayl hash-i (SHA256)
sha256,67d3d8c206e8f86a70856bfa75dd8f275b3aebad55cbbb5f338bdda76a3588f8,70,high,MalwareBazaar,1,2,2026-10-03T21:53:59+00:00,2026-10-04T00:13:52+00:00,,,,2026-10-03 23:56:34 UTC,https://bazaar.abuse.ch/export/txt/sha256/recent/,Zərərli fayl hash-i (SHA256)
sha256,1036e6f248211d218e2f0b543f290c566ecb2baafbdaf4038743e0ecd4481273,70,high,MalwareBazaar,1,2,2026-10-03T21:53:59+00:00,2026-10-04T00:13:52+00:00,,,,2026-10-03 23:56:34 UTC,https://bazaar.abuse.ch/export/txt/sha256/recent/,Zərərli fayl hash-i (SHA256)
sha256,3bcba50a44a2221f7856213b2e6e4b5ab9090865bd0e869f7b587b8fc7b1c410,70,high,MalwareBazaar,1,2,2026-10-03T21:53:59+00:00,2026-10-04T00:13:52+00:00,,,,2026-10-03 23:56:34 UTC,https://bazaar.abuse.ch/export/txt/sha256/recent/,Zərərli fayl hash-i (SHA256)
sha256,40a9653ba765e50569722b66137cc91faf20235a88a56cda6ba799609da932d1,70,high,MalwareBazaar,1,2,2026-10-03T21:53:59+00:00,2026-10-04T00:13:52+00:00,,,,2026-10-03 23:56:34 UTC,https://bazaar.abuse.ch/export/txt/sha256/recent/,Zərərli fayl hash-i (SHA256)
sha256,6cb04567ded3777988e090b41cf79242779fea91cf81161bed2c603443bbc673,70,high,MalwareBazaar,1,2,2026-10-03T21:53:59+00:00,2026-10-04T00:13:52+00:00,,,,2026-10-03 23:56:34 UTC,https://bazaar.abuse.ch/export/txt/sha256/recent/,Zərərli fayl hash-i (SHA256)
sha256,77f9e00f29c70df4f001a801c26cf403f2fc6061e1d0bad428740fa023579473,70,high,MalwareBazaar,1,2,2026-10-03T21:53:59+00:00,2026-10-04T00:13:52+00:00,,,,2026-10-03 23:56:34 UTC,https://bazaar.abuse.ch/export/txt/sha256/recent/,Zərərli fayl hash-i (SHA256)
sha256,e7b4d7ba0a181209c1433df2dc6815a1f258459a460414e049d308c85586e7ce,70,high,MalwareBazaar,1,2,2026-10-03T21:53:59+00:00,2026-10-04T00:13:52+00:00,,,,2026-10-03 23:56:34 UTC,https://bazaar.abuse.ch/export/txt/sha256/recent/,Zərərli fayl hash-i (SHA256)
sha256,4d04a95bbc8dd80f6cf431519c0f408adbdfa6b548405148c97c1b1ded46a295,70,high,MalwareBazaar,1,2,2026-10-03T21:53:59+00:00,2026-10-04T00:13:52+00:00,,,,2026-10-03 23:56:34 UTC,https://bazaar.abuse.ch/export/txt/sha256/recent/,Zərərli fayl hash-i (SHA256)
sha256,7172334b79d574eb98ab1d58d12754a589d53cfeae4b8c06d574dc53171d2c59,70,high,MalwareBazaar,1,2,2026-10-03T21:53:59+00:00,2026-10-04T00:13:52+00:00,,,,2026-10-03 23:56:34 UTC,https://bazaar.abuse.ch/export/txt/sha256/recent/,Zərərli fayl hash-i (SHA256)
sha256,ad9f2465000871ee79d4fa7411c29bc855dc1b06f76377cfc69acdb4fa3e1486,70,high,MalwareBazaar,1,2,2026-10-03T21:53:59+00:00,2026-10-04T00:13:52+00:00,,,,2026-10-03 23:56:34 UTC,https://bazaar.abuse.ch/export/txt/sha256/recent/,Zərərli fayl hash-i (SHA256)
sha256,0dfb80812249cd40a59e13f9a7203e853eb39a9293f4920ef0aed5f81bcbf06a,70,high,MalwareBazaar,1,2,2026-10-03T21:53:59+00:00,2026-10-04T00:13:52+00:00,,,,2026-10-03 23:56:34 UTC,https://bazaar.abuse.ch/export/txt/sha256/recent/,Zərərli fayl hash-i (SHA256)
sha256,daf7bc918f56c6fffe4d4d3f8bfbeb9db3102ace8d5f36cf18cb26cdd59ce5ed,70,high,MalwareBazaar,1,2,2026-10-03T21:53:59+00:00,2026-10-04T00:13:52+00:00,,,,2026-10-03 23:56:34 UTC,https://bazaar.abuse.ch/export/txt/sha256/recent/,Zərərli fayl hash-i (SHA256)
sha256,d70950a0f469fc04c026413d4e3aa942d1daa20ce093e5891e62231578601bff,70,high,MalwareBazaar,1,2,2026-10-03T21:53:59+00:00,2026-10-04T00:13:52+00:00,,,,2026-10-03 23:56:34 UTC,https://bazaar.abuse.ch/export/txt/sha256/recent/,Zərərli fayl hash-i (SHA256)
sha256,34dd34b4cc3516629d0b6dd6a80146d574014d3f356f17207f721b2e7e947430,70,high,MalwareBazaar,1,2,2026-10-03T21:53:59+00:00,2026-10-04T00:13:52+00:00,,,,2026-10-03 23:56:34 UTC,https://bazaar.abuse.ch/export/txt/sha256/recent/,Zərərli fayl hash-i (SHA256)
sha256,c37412c531d8788ce5441c51813c26e940f9e9900366d9eb5af2baccff94bc3d,70,high,MalwareBazaar,1,2,2026-10-03T21:53:59+00:00,2026-10-04T00:13:52+00:00,,,,2026-10-03 23:56:34 UTC,https://bazaar.abuse.ch/export/txt/sha256/recent/,Zərərli fayl hash-i (SHA256)
sha256,951a4dd5f3fac7fd33add8f2a5616207e236fe67421d9d9e289c2bfb293f8b0f,70,high,MalwareBazaar,1,2,2026-10-03T21:53:59+00:00,2026-10-04T00:13:52+00:00,,,,2026-10-03 23:56:34 UTC,https://bazaar.abuse.ch/export/txt/sha256/recent/,Zərərli fayl hash-i (SHA256)
sha256,6559e0dc8dafd58a09bec998830d31534538a0834d64d408e5da59f7d32d0430,70,high,MalwareBazaar,1,2,2026-10-03T21:53:59+00:00,2026-10-04T00:13:52+00:00,,,,2026-10-03 23:56:34 UTC,https://bazaar.abuse.ch/export/txt/sha256/recent/,Zərərli fayl hash-i (SHA256)
sha256,4667073d256727260a58641da13f0be19e56b4118a04e5e1383cb4c0eb0febdd,70,high,MalwareBazaar,1,2,2026-10-03T21:53:59+00:00,2026-10-04T00:13:52+00:00,,,,2026-10-03 23:56:34 UTC,https://bazaar.abuse.ch/export/txt/sha256/recent/,Zərərli fayl hash-i (SHA256)
sha256,ef02f3bcb796bc8cac6b3bed8c790986e7987ead5958b8562a98c40a7e9604ad,70,high,MalwareBazaar,1,2,2026-10-03T21:53:59+00:00,2026-10-04T00:13:52+00:00,,,,2026-10-03 23:56:34 UTC,https://bazaar.abuse.ch/export/txt/sha256/recent/,Zərərli fayl hash-i (SHA256)
sha256,fb4f756ee553ad5efa2ecb2d1391cebbb8e04c3de8ccbbd0ad07dc6dc65e92e6,70,high,MalwareBazaar,1,2,2026-10-03T21:53:59+00:00,2026-10-04T00:13:52+00:00,,,,2026-10-03 23:56:34 UTC,https://bazaar.abuse.ch/export/txt/sha256/recent/,Zərərli fayl hash-i (SHA256)
sha256,83ea4559ced8e3ad296e98189824963ed626e30d4d33238e3ab3f46549583b67,70,high,MalwareBazaar,1,2,2026-10-03T21:53:59+00:00,2026-10-04T00:13:52+00:00,,,,2026-10-03 23:56:34 UTC,https://bazaar.abuse.ch/export/txt/sha256/recent/,Zərərli fayl hash-i (SHA256)
sha256,90458c304fba58654a0cf92b93efe7302accb9dfa9ec5d053dd4471aa0810d37,70,high,MalwareBazaar,1,2,2026-10-03T21:53:59+00:00,2026-10-04T00:13:52+00:00,,,,2026-10-03 23:56:34 UTC,https://bazaar.abuse.ch/export/txt/sha256/recent/,Zərərli fayl hash-i (SHA256)
sha256,dc1381d26d54fc84ba7857f33eeeb0661c51ebdc39cb2f8f4efd0ef4900c7f8d,70,high,MalwareBazaar,1,2,2026-10-03T21:53:59+00:00,2026-10-04T00:13:52+00:00,,,,2026-10-03 23:56:34 UTC,https://bazaar.abuse.ch/export/txt/sha256/recent/,Zərərli fayl hash-i (SHA256)
sha256,68091239c60442b84a3288fd731eb3a0c52073699439d5cc0b8f2f30006203b7,70,high,MalwareBazaar,1,2,2026-10-03T21:53:59+00:00,2026-10-04T00:13:52+00:00,,,,2026-10-03 23:56:34 UTC,https://bazaar.abuse.ch/export/txt/sha256/recent/,Zərərli fayl hash-i (SHA256)
sha256,2af453b9d760a4f3150f3c9de76a44d6eda5288091781a045f45e0b19568ef95,70,high,MalwareBazaar,1,2,2026-10-03T21:53:59+00:00,2026-10-04T00:13:52+00:00,,,,2026-10-03 23:56:34 UTC,https://bazaar.abuse.ch/export/txt/sha256/recent/,Zərərli fayl hash-i (SHA256)
sha256,30638744a04e0faf315ea195ea16669578b6d849f8baaa39f76427ce7efd99d0,70,high,MalwareBazaar,1,2,2026-10-03T21:53:59+00:00,2026-10-04T00:13:52+00:00,,,,2026-10-03 23:56:34 UTC,https://bazaar.abuse.ch/export/txt/sha256/recent/,Zərərli fayl hash-i (SHA256)
sha256,9941d92db84a338e3fee1cd9bb2c45e0fee215c044698eeb0bdd78e3aeba72f5,70,high,MalwareBazaar,1,2,2026-10-03T21:53:59+00:00,2026-10-04T00:13:52+00:00,,,,2026-10-03 23:56:34 UTC,https://bazaar.abuse.ch/export/txt/sha256/recent/,Zərərli fayl hash-i (SHA256)
sha256,7b5a7892efc456adddabc5c1175a9c663ea930767088aa4641eda7d1a7f67095,70,high,MalwareBazaar,1,2,2026-10-03T21:53:59+00:00,2026-10-04T00:13:52+00:00,,,,2026-10-03 23:56:34 UTC,https://bazaar.abuse.ch/export/txt/sha256/recent/,Zərərli fayl hash-i (SHA256)
sha256,ce11ae9cffc292d0e7f09d6e86a6e1874bc10559d9a7c6e39715ec7678ef8aae,70,high,MalwareBazaar,1,2,2026-10-03T21:53:59+00:00,2026-10-04T00:13:52+00:00,,,,2026-10-03 23:56:34 UTC,https://bazaar.abuse.ch/export/txt/sha256/recent/,Zərərli fayl hash-i (SHA256)
sha256,f089e3cfc0ecbd6cd62c998b3610dfd6772fe530ea247f4157180792edd9ba35,70,high,MalwareBazaar,1,2,2026-10-03T21:53:59+00:00,2026-10-04T00:13:52+00:00,,,,2026-10-03 23:56:34 UTC,https://bazaar.abuse.ch/export/txt/sha256/recent/,Zərərli fayl hash-i (SHA256)
sha256,26bd0c60678368a658f2ce253c5280158bde8683cb20b3cadee9cfd2ab93fae7,70,high,MalwareBazaar,1,2,2026-10-03T21:53:59+00:00,2026-10-04T00:13:52+00:00,,,,2026-10-03 23:56:34 UTC,https://bazaar.abuse.ch/export/txt/sha256/recent/,Zərərli fayl hash-i (SHA256)
sha256,218e743d49c1060a7d9e1d250ed4fb4372aefc2a0892fadd70f09c4f68a25d16,70,high,MalwareBazaar,1,2,2026-10-03T21:53:59+00:00,2026-10-04T00:13:52+00:00,,,,2026-10-03 23:56:34 UTC,https://bazaar.abuse.ch/export/txt/sha256/recent/,Zərərli fayl hash-i (SHA256)
sha256,7e6a43db7d19645225f0d9d1e3573ae4aefbe67bde41e1cf78aa504504e4b4fe,70,high,MalwareBazaar,1,2,2026-10-03T21:53:59+00:00,2026-10-04T00:13:52+00:00,,,,2026-10-03 23:56:34 UTC,https://bazaar.abuse.ch/export/txt/sha256/recent/,Zərərli fayl hash-i (SHA256)
sha256,c3ffafc179e57420baf6a0f8e6f259a2e0b309acfe4cee3cd5babec539a0837d,70,high,MalwareBazaar,1,2,2026-10-03T21:53:59+00:00,2026-10-04T00:13:52+00:00,,,,2026-10-03 23:56:34 UTC,https://bazaar.abuse.ch/export/txt/sha256/recent/,Zərərli fayl hash-i (SHA256)
sha256,ec1af4dfc37ad1507e33541298690043813cadba90f2cc0bd771d2871e5bfc72,70,high,MalwareBazaar,1,2,2026-10-03T21:53:59+00:00,2026-10-04T00:13:52+00:00,,,,2026-10-03 23:56:34 UTC,https://bazaar.abuse.ch/export/txt/sha256/recent/,Zərərli fayl hash-i (SHA256)
sha256,7b02ceb41d8c2fec1a892d6d49cfe76b9a789e7afb6711bd19b4d5e2fd201c3d,70,high,MalwareBazaar,1,2,2026-10-03T21:53:59+00:00,2026-10-04T00:13:52+00:00,,,,2026-10-03 23:56:34 UTC,https://bazaar.abuse.ch/export/txt/sha256/recent/,Zərərli fayl hash-i (SHA256)
sha256,01895d202757e4242b27a2b27f834d2b77b5ec5a4925c9f16c276cf0488b82b0,70,high,MalwareBazaar,1,2,2026-10-03T21:53:59+00:00,2026-10-04T00:13:52+00:00,,,,2026-10-03 23:56:34 UTC,https://bazaar.abuse.ch/export/txt/sha256/recent/,Zərərli fayl hash-i (SHA256)
sha256,ac8488e07159bf64c0ccaa248b24504f0c5ce6bd486df5e508960336ae02f601,70,high,MalwareBazaar,1,2,2026-10-03T21:53:59+00:00,2026-10-04T00:13:52+00:00,,,,2026-10-03 23:56:34 UTC,https://bazaar.abuse.ch/export/txt/sha256/recent/,Zərərli fayl hash-i (SHA256)
sha256,b4e4dc2ee422adfdf733092d251fb7c4679258c1fcd16a894b9a0bb652b51d38,70,high,MalwareBazaar,1,2,2026-10-03T21:53:59+00:00,2026-10-04T00:13:52+00:00,,,,2026-10-03 23:56:34 UTC,https://bazaar.abuse.ch/export/txt/sha256/recent/,Zərərli fayl hash-i (SHA256)
sha256,755239d43e73a655d0a231475d872f1d337b12d4cbbb27eba6293d7331bdb2bb,70,high,MalwareBazaar,1,2,2026-10-03T21:53:59+00:00,2026-10-04T00:13:52+00:00,,,,2026-10-03 23:56:34 UTC,https://bazaar.abuse.ch/export/txt/sha256/recent/,Zərərli fayl hash-i (SHA256)
sha256,caf353069c720fc4643c683671e58914e3f99b80d7a57620c48fcbac89d46fb5,70,high,MalwareBazaar,1,2,2026-10-03T21:53:59+00:00,2026-10-04T00:13:52+00:00,,,,2026-10-03 23:56:34 UTC,https://bazaar.abuse.ch/export/txt/sha256/recent/,Zərərli fayl hash-i (SHA256)
sha256,5854b1c0839d6388d6d006338303337dd1de5001dcdff10dd13080a17b71fb87,70,high,MalwareBazaar,1,2,2026-10-03T21:53:59+00:00,2026-10-04T00:13:52+00:00,,,,2026-10-03 23:56:34 UTC,https://bazaar.abuse.ch/export/txt/sha256/recent/,Zərərli fayl hash-i (SHA256)
sha256,8c69ab8c9fa5acfcf24b999ad21481a71d1a2a56389ad1c3f7b24aa2ed6bfc1f,70,high,MalwareBazaar,1,2,2026-10-03T21:53:59+00:00,2026-10-04T00:13:52+00:00,,,,2026-10-03 23:56:34 UTC,https://bazaar.abuse.ch/export/txt/sha256/recent/,Zərərli fayl hash-i (SHA256)
sha256,ca949a64c2c7153e76e2fa2bac5cc3f9d26c2691c4fcf25e27fc43af7ac3e7e9,70,high,MalwareBazaar,1,2,2026-10-03T21:53:59+00:00,2026-10-04T00:13:52+00:00,,,,2026-10-03 23:56:34 UTC,https://bazaar.abuse.ch/export/txt/sha256/recent/,Zərərli fayl hash-i (SHA256)
sha256,1a72b7c1209843a124886d25d8db002e7e0a27878c43d5194910af2c229b5530,70,high,MalwareBazaar,1,2,2026-10-03T21:53:59+00:00,2026-10-04T00:13:52+00:00,,,,2026-10-03 23:56:34 UTC,https://bazaar.abuse.ch/export/txt/sha256/recent/,Zərərli fayl hash-i (SHA256)
sha256,0fc8bf35e3e8d8eff112712fd09081d95b1bb9c388e417aa0ae57754a54cb383,70,high,MalwareBazaar,1,2,2026-10-03T21:53:59+00:00,2026-10-04T00:13:52+00:00,,,,2026-10-03 23:56:34 UTC,https://bazaar.abuse.ch/export/txt/sha256/recent/,Zərərli fayl hash-i (SHA256)
sha256,722de516b97ffae75f478563bcd153487e397d00e5ca9b9c85bec7b1ec307267,70,high,MalwareBazaar,1,2,2026-10-03T21:53:59+00:00,2026-10-04T00:13:52+00:00,,,,2026-10-03 23:56:34 UTC,https://bazaar.abuse.ch/export/txt/sha256/recent/,Zərərli fayl hash-i (SHA256)
sha256,5cfe49019f7f0e0b6d040524e6cfab1dcc1bb35d998e283c174319653dbd3c8e,70,high,MalwareBazaar,1,2,2026-10-03T21:53:59+00:00,2026-10-04T00:13:52+00:00,,,,2026-10-03 23:56:34 UTC,https://bazaar.abuse.ch/export/txt/sha256/recent/,Zərərli fayl hash-i (SHA256)
sha256,f0abe423b6d8fd55efc878b1b55905e7d07496a6f4b8af31fbfcd0302fb19128,70,high,MalwareBazaar,1,2,2026-10-03T21:53:59+00:00,2026-10-04T00:13:52+00:00,,,,2026-10-03 23:56:34 UTC,https://bazaar.abuse.ch/export/txt/sha256/recent/,Zərərli fayl hash-i (SHA256)
sha256,2623297444dee677dd0f18c7cc07a7b27ee94ca74d6263e4479a3573dff11127,70,high,MalwareBazaar,1,2,2026-10-03T21:53:59+00:00,2026-10-04T00:13:52+00:00,,,,2026-10-03 23:56:34 UTC,https://bazaar.abuse.ch/export/txt/sha256/recent/,Zərərli fayl hash-i (SHA256)
sha256,e50f4e17242dd0e25b83cc30e9be43bcbbfcf7ad4c3caf28d6ce11e1ba374815,70,high,MalwareBazaar,1,2,2026-10-03T21:53:59+00:00,2026-10-04T00:13:52+00:00,,,,2026-10-03 23:56:34 UTC,https://bazaar.abuse.ch/export/txt/sha256/recent/,Zərərli fayl hash-i (SHA256)
sha256,4291caf2406a2efbf1fab6d62d3491eacf05e8399dff5e52e82e1a31a1208574,70,high,MalwareBazaar,1,2,2026-10-03T21:53:59+00:00,2026-10-04T00:13:52+00:00,,,,2026-10-03 23:56:34 UTC,https://bazaar.abuse.ch/export/txt/sha256/recent/,Zərərli fayl hash-i (SHA256)
sha256,596faf7dab4bcecfaaccd36436152fd066687d10b77e592df08c09775525347f,70,high,MalwareBazaar,1,2,2026-10-03T21:53:59+00:00,2026-10-04T00:13:52+00:00,,,,2026-10-03 23:56:34 UTC,https://bazaar.abuse.ch/export/txt/sha256/recent/,Zərərli fayl hash-i (SHA256)
sha256,593eecf64a5016ff97b0ffc5b01919134a9ba00555fa61488ac89746bcb1c548,70,high,MalwareBazaar,1,2,2026-10-03T21:53:59+00:00,2026-10-04T00:13:52+00:00,,,,2026-10-03 23:56:34 UTC,https://bazaar.abuse.ch/export/txt/sha256/recent/,Zərərli fayl hash-i (SHA256)
sha256,6596f9437f93cc985bd50dbdc4a0eb895d5e8948c8a5985a06220fc581683f89,70,high,MalwareBazaar,1,2,2026-10-03T21:53:59+00:00,2026-10-04T00:13:52+00:00,,,,2026-10-03 23:56:34 UTC,https://bazaar.abuse.ch/export/txt/sha256/recent/,Zərərli fayl hash-i (SHA256)
sha256,d12db1d93e22c71461780bb88f93d22ae142f0cdd657d7381202d2ce2ad7aaa5,70,high,MalwareBazaar,1,2,2026-10-03T21:53:59+00:00,2026-10-04T00:13:52+00:00,,,,2026-10-03 23:56:34 UTC,https://bazaar.abuse.ch/export/txt/sha256/recent/,Zərərli fayl hash-i (SHA256)
sha256,2bedc26d4b29b435c21962beed7db21188a0219a0d28334bba8b4fb1656d7b15,70,high,MalwareBazaar,1,2,2026-10-03T21:53:59+00:00,2026-10-04T00:13:52+00:00,,,,2026-10-03 23:56:34 UTC,https://bazaar.abuse.ch/export/txt/sha256/recent/,Zərərli fayl hash-i (SHA256)
sha256,00062d4d724704d7b54ee1fbf6307d3ec7d57b30cf24fa450b2446b9e23a5f52,70,high,MalwareBazaar,1,2,2026-10-03T21:53:59+00:00,2026-10-04T00:13:52+00:00,,,,2026-10-03 23:56:34 UTC,https://bazaar.abuse.ch/export/txt/sha256/recent/,Zərərli fayl hash-i (SHA256)
sha256,bf8135f46ecedfe5bd06fcecbb2e721c2367ff765b18f4aa3f868e6597f49e47,70,high,MalwareBazaar,1,2,2026-10-03T21:53:59+00:00,2026-10-04T00:13:52+00:00,,,,2026-10-03 23:56:34 UTC,https://bazaar.abuse.ch/export/txt/sha256/recent/,Zərərli fayl hash-i (SHA256)
sha256,a65048eb30661e27f8edc2dd8d8c77ec87faec1f1750f6e04e7ecaf069a32858,70,high,MalwareBazaar,1,2,2026-10-03T21:53:59+00:00,2026-10-04T00:13:52+00:00,,,,2026-10-03 23:56:34 UTC,https://bazaar.abuse.ch/export/txt/sha256/recent/,Zərərli fayl hash-i (SHA256)
sha256,a37ea9897221d4495b538de72b74f2aa1d2ff09b7b6dcedd395aee58931adbf3,70,high,MalwareBazaar,1,2,2026-10-03T21:53:59+00:00,2026-10-04T00:13:52+00:00,,,,2026-10-03 23:56:34 UTC,https://bazaar.abuse.ch/export/txt/sha256/recent/,Zərərli fayl hash-i (SHA256)
sha256,7e667ba5f9df912e02275d3cfe3809d16f822fe776f4035c84b118ebd925b1b5,70,high,MalwareBazaar,1,2,2026-10-03T21:53:59+00:00,2026-10-04T00:13:52+00:00,,,,2026-10-03 23:56:34 UTC,https://bazaar.abuse.ch/export/txt/sha256/recent/,Zərərli fayl hash-i (SHA256)
sha256,f5d49470257c8ca47000e595587fe3e876edbbc488dbf899bafd9a415b77e7ce,70,high,MalwareBazaar,1,2,2026-10-03T21:53:59+00:00,2026-10-04T00:13:52+00:00,,,,2026-10-03 23:56:34 UTC,https://bazaar.abuse.ch/export/txt/sha256/recent/,Zərərli fayl hash-i (SHA256)
sha256,652508a9cf40bee883dc0e5e219dfeba71fe7dac591d01c89f74c21f73b4963f,70,high,MalwareBazaar,1,2,2026-10-03T21:53:59+00:00,2026-10-04T00:13:52+00:00,,,,2026-10-03 23:56:34 UTC,https://bazaar.abuse.ch/export/txt/sha256/recent/,Zərərli fayl hash-i (SHA256)
sha256,4435fcd6862921092614dbeaa880e4192352984686ebcd98f0ba13ee8e226ef9,70,high,MalwareBazaar,1,2,2026-10-03T21:53:59+00:00,2026-10-04T00:13:52+00:00,,,,2026-10-03 23:56:34 UTC,https://bazaar.abuse.ch/export/txt/sha256/recent/,Zərərli fayl hash-i (SHA256)
sha256,77ad6ef31acaa1693662cda693d1af9adf7eb3df75f6e6eb3ba699503978e273,70,high,MalwareBazaar,1,2,2026-10-03T21:53:59+00:00,2026-10-04T00:13:52+00:00,,,,2026-10-03 23:56:34 UTC,https://bazaar.abuse.ch/export/txt/sha256/recent/,Zərərli fayl hash-i (SHA256)
sha256,1aa59edff3c33ebff948fdfa1aca7aad97f248b3275a31e587c40c0f852b8114,70,high,MalwareBazaar,1,2,2026-10-03T21:53:59+00:00,2026-10-04T00:13:52+00:00,,,,2026-10-03 23:56:34 UTC,https://bazaar.abuse.ch/export/txt/sha256/recent/,Zərərli fayl hash-i (SHA256)
sha256,a74d30158222144dce44e62ab89a5bb3d0879eb5ce87ef5503b1bdd7bbce19ad,70,high,MalwareBazaar,1,2,2026-10-03T21:53:59+00:00,2026-10-04T00:13:52+00:00,,,,2026-10-03 23:56:34 UTC,https://bazaar.abuse.ch/export/txt/sha256/recent/,Zərərli fayl hash-i (SHA256)
sha256,09ef7c736bccfafefc44d9910d499173b88063b73b221fc0dc9e9105107e5cff,70,high,MalwareBazaar,1,2,2026-10-03T21:53:59+00:00,2026-10-04T00:13:52+00:00,,,,2026-10-03 23:56:34 UTC,https://bazaar.abuse.ch/export/txt/sha256/recent/,Zərərli fayl hash-i (SHA256)
sha256,0c39264337a1186b2e765e24073399cbdcba118306614eb411e315887af578bd,70,high,MalwareBazaar,1,2,2026-10-03T21:53:59+00:00,2026-10-04T00:13:52+00:00,,,,2026-10-03 23:56:34 UTC,https://bazaar.abuse.ch/export/txt/sha256/recent/,Zərərli fayl hash-i (SHA256)
sha256,1fadc90b61ce536abda78eb387a7f3d745f00c16775d3f762845ccc0fde567da,70,high,MalwareBazaar,1,2,2026-10-03T21:53:59+00:00,2026-10-04T00:13:52+00:00,,,,2026-10-03 23:56:34 UTC,https://bazaar.abuse.ch/export/txt/sha256/recent/,Zərərli fayl hash-i (SHA256)
sha256,8712159d2a29a5744a75c280952194af128b1136e061e2021f184515cb3625b4,70,high,MalwareBazaar,1,2,2026-10-03T21:53:59+00:00,2026-10-04T00:13:52+00:00,,,,2026-10-03 23:56:34 UTC,https://bazaar.abuse.ch/export/txt/sha256/recent/,Zərərli fayl hash-i (SHA256)
sha256,ff1a30cebc507977f916aa47cd3cfbcb134867361737f0f79f56349475af8c1a,70,high,MalwareBazaar,1,2,2026-10-03T21:53:59+00:00,2026-10-04T00:13:52+00:00,,,,2026-10-03 23:56:34 UTC,https://bazaar.abuse.ch/export/txt/sha256/recent/,Zərərli fayl hash-i (SHA256)
sha256,a93d937f22335318e23a564ae42a16d8f6d0fa64305846980af77ef8965463bc,70,high,MalwareBazaar,1,2,2026-10-03T21:53:59+00:00,2026-10-04T00:13:52+00:00,,,,2026-10-03 23:56:34 UTC,https://bazaar.abuse.ch/export/txt/sha256/recent/,Zərərli fayl hash-i (SHA256)
sha256,7caaaf222b1c6d1066d46c6699924851cb501359ab6fab31ed6652736a7212c5,70,high,MalwareBazaar,1,2,2026-10-03T21:53:59+00:00,2026-10-04T00:13:52+00:00,,,,2026-10-03 23:56:34 UTC,https://bazaar.abuse.ch/export/txt/sha256/recent/,Zərərli fayl hash-i (SHA256)
sha256,382d3d26bf4988a9a28cf67cc69cec4fd474e38b31179ae5ffc3d4b388667782,70,high,MalwareBazaar,1,2,2026-10-03T21:53:59+00:00,2026-10-04T00:13:52+00:00,,,,2026-10-03 23:56:34 UTC,https://bazaar.abuse.ch/export/txt/sha256/recent/,Zərərli fayl hash-i (SHA256)
sha256,3cd1963129da4a8a82a2d5dfdc39f42761d90700549e9144d1065d01d0548d51,70,high,MalwareBazaar,1,2,2026-10-03T21:53:59+00:00,2026-10-04T00:13:52+00:00,,,,2026-10-03 23:56:34 UTC,https://bazaar.abuse.ch/export/txt/sha256/recent/,Zərərli fayl hash-i (SHA256)
sha256,ab4bc237f26eae67f6a2d4e0c5955890b0cca0c941a31c3696a6211eae72d039,70,high,MalwareBazaar,1,2,2026-10-03T21:53:59+00:00,2026-10-04T00:13:52+00:00,,,,2026-10-03 23:56:34 UTC,https://bazaar.abuse.ch/export/txt/sha256/recent/,Zərərli fayl hash-i (SHA256)
sha256,61f8ab86b7b0fb8a34e442eb80112ed12a8c9d6e5499225ac120f64f0df2e926,70,high,MalwareBazaar,1,2,2026-10-03T21:53:59+00:00,2026-10-04T00:13:52+00:00,,,,2026-10-03 23:56:34 UTC,https://bazaar.abuse.ch/export/txt/sha256/recent/,Zərərli fayl hash-i (SHA256)
sha256,8eb8f199774e6039af4df6fd29301e22c41751fb7bdec7154c6b04bd6521212e,70,high,MalwareBazaar,1,2,2026-10-03T21:53:59+00:00,2026-10-04T00:13:52+00:00,,,,2026-10-03 23:56:34 UTC,https://bazaar.abuse.ch/export/txt/sha256/recent/,Zərərli fayl hash-i (SHA256)
sha256,9b6c856fde38e4228e9aeb8afc04ae7f95ff50e40e690f06963439cffc3cc5fa,70,high,MalwareBazaar,1,2,2026-10-03T21:53:59+00:00,2026-10-04T00:13:52+00:00,,,,2026-10-03 23:56:34 UTC,https://bazaar.abuse.ch/export/txt/sha256/recent/,Zərərli fayl hash-i (SHA256)
sha256,2c85fd1ad4c6db031e37f1af23287facda3c501d63b7edf7c17793fbc1c07208,70,high,MalwareBazaar,1,2,2026-10-03T21:53:59+00:00,2026-10-04T00:13:52+00:00,,,,2026-10-03 23:56:34 UTC,https://bazaar.abuse.ch/export/txt/sha256/recent/,Zərərli fayl hash-i (SHA256)
sha256,41893743d2999ab9383799ee67e029db2a0f9ca5ac2affdfe4d1214bc21a22a4,70,high,MalwareBazaar,1,2,2026-10-03T21:53:59+00:00,2026-10-04T00:13:52+00:00,,,,2026-10-03 23:56:34 UTC,https://bazaar.abuse.ch/export/txt/sha256/recent/,Zərərli fayl hash-i (SHA256)
sha256,408d5f55d8db44679c4f1502018b744e357e30dbf2c7e32b44c0fb4d6759ad2c,70,high,MalwareBazaar,1,2,2026-10-03T21:53:59+00:00,2026-10-04T00:13:52+00:00,,,,2026-10-03 23:56:34 UTC,https://bazaar.abuse.ch/export/txt/sha256/recent/,Zərərli fayl hash-i (SHA256)
sha256,7142139856ab2e8057204fcfdf23772d78bc154dea8c29e1344bb0488e45b4c2,70,high,MalwareBazaar,1,2,2026-10-03T21:53:59+00:00,2026-10-04T00:13:52+00:00,,,,2026-10-03 23:56:34 UTC,https://bazaar.abuse.ch/export/txt/sha256/recent/,Zərərli fayl hash-i (SHA256)
sha256,24b6c0c9f81ae40b7b995eaad2c42f61e035b9abc62ef0d13d6879f7d7ab014a,70,high,MalwareBazaar,1,2,2026-10-03T21:53:59+00:00,2026-10-04T00:13:52+00:00,,,,2026-10-03 23:56:34 UTC,https://bazaar.abuse.ch/export/txt/sha256/recent/,Zərərli fayl hash-i (SHA256)
sha256,b31852f920b70f65f020718cc028247b7b3dda660219c8bc8f906e4f3a88c9c3,70,high,MalwareBazaar,1,2,2026-10-03T21:53:59+00:00,2026-10-04T00:13:52+00:00,,,,2026-10-03 23:56:34 UTC,https://bazaar.abuse.ch/export/txt/sha256/recent/,Zərərli fayl hash-i (SHA256)
sha256,e4deb6dd6a9aac86361c0008cff81e92c6e03cf1d2b1b8989f5441cb243ee80f,70,high,MalwareBazaar,1,2,2026-10-03T21:53:59+00:00,2026-10-04T00:13:52+00:00,,,,2026-10-03 23:56:34 UTC,https://bazaar.abuse.ch/export/txt/sha256/recent/,Zərərli fayl hash-i (SHA256)
sha256,5da16030099b484460213d2031dc3683197eedbe54517c23e440f4f5af4c5daa,70,high,MalwareBazaar,1,2,2026-10-03T21:53:59+00:00,2026-10-04T00:13:52+00:00,,,,2026-10-03 23:56:34 UTC,https://bazaar.abuse.ch/export/txt/sha256/recent/,Zərərli fayl hash-i (SHA256)
sha256,c3b6bc496135707d7486c7f5e8b5aecca71a992ad08827a9d0fbd940111b1474,70,high,MalwareBazaar,1,2,2026-10-03T21:53:59+00:00,2026-10-04T00:13:52+00:00,,,,2026-10-03 23:56:34 UTC,https://bazaar.abuse.ch/export/txt/sha256/recent/,Zərərli fayl hash-i (SHA256)
sha256,cd725834d885c73bff6f51641d3ea22d0b45b9e6b0ca5c31ddfad2f2945dd65a,70,high,MalwareBazaar,1,2,2026-10-03T21:53:59+00:00,2026-10-04T00:13:52+00:00,,,,2026-10-03 23:56:34 UTC,https://bazaar.abuse.ch/export/txt/sha256/recent/,Zərərli fayl hash-i (SHA256)
sha256,1b1b28ef5972b7b57b56660d25c25b2c692ccbcc3904b6cb9f5fc89ea0a64f4b,70,high,MalwareBazaar,1,3,2026-10-03T18:25:47+00:00,2026-10-04T00:13:52+00:00,,,,2026-10-03 23:56:34 UTC,https://bazaar.abuse.ch/export/txt/sha256/recent/,Zərərli fayl hash-i (SHA256)
sha256,8c146e7c741fea15adb7570949e9922b445e8707dacf2f9bdd45d86bb1d6834b,70,high,MalwareBazaar,1,3,2026-10-03T18:25:47+00:00,2026-10-04T00:13:52+00:00,,,,2026-10-03 23:56:34 UTC,https://bazaar.abuse.ch/export/txt/sha256/recent/,Zərərli fayl hash-i (SHA256)
sha256,0f44832ef3fa885ec837113d3993316ae5ad6a812db91184ad2c8f721bdb9ac1,70,high,MalwareBazaar,1,3,2026-10-03T18:25:47+00:00,2026-10-04T00:13:52+00:00,,,,2026-10-03 23:56:34 UTC,https://bazaar.abuse.ch/export/txt/sha256/recent/,Zərərli fayl hash-i (SHA256)
sha256,90a59acda3cb0f499556c833acb8f440cbc5aa5c857193b627775d94997cc4b7,70,high,MalwareBazaar,1,3,2026-10-03T18:25:47+00:00,2026-10-04T00:13:52+00:00,,,,2026-10-03 23:56:34 UTC,https://bazaar.abuse.ch/export/txt/sha256/recent/,Zərərli fayl hash-i (SHA256)
sha256,bee56e3de09cea52300c0d444744904666d8651e3913f3895283444831a5c832,70,high,MalwareBazaar,1,3,2026-10-03T18:25:47+00:00,2026-10-04T00:13:52+00:00,,,,2026-10-03 23:56:34 UTC,https://bazaar.abuse.ch/export/txt/sha256/recent/,Zərərli fayl hash-i (SHA256)
sha256,1e431d109f675c8c9a4cadd1c6cb40c3205db4d6634a437bcf6c8826fd57a746,70,high,MalwareBazaar,1,3,2026-10-03T18:25:47+00:00,2026-10-04T00:13:52+00:00,,,,2026-10-03 23:56:34 UTC,https://bazaar.abuse.ch/export/txt/sha256/recent/,Zərərli fayl hash-i (SHA256)
sha256,96f8f401abd968ff2f0d3cb80e32820536cf41fa30ffe3d59b4fe431b008f796,70,high,MalwareBazaar,1,3,2026-10-03T18:25:47+00:00,2026-10-04T00:13:52+00:00,,,,2026-10-03 23:56:34 UTC,https://bazaar.abuse.ch/export/txt/sha256/recent/,Zərərli fayl hash-i (SHA256)
sha256,ae4b4b48e19ba31dd33732e5f651f272e6980eadc6d1ef09d742978f04944261,70,high,MalwareBazaar,1,3,2026-10-03T18:25:47+00:00,2026-10-04T00:13:52+00:00,,,,2026-10-03 23:56:34 UTC,https://bazaar.abuse.ch/export/txt/sha256/recent/,Zərərli fayl hash-i (SHA256)
sha256,18eeffdbc25fd3b45f613853046d42aab6f8a677bc97cfcd79b50c83b3345696,70,high,MalwareBazaar,1,3,2026-10-03T18:25:47+00:00,2026-10-04T00:13:52+00:00,,,,2026-10-03 23:56:34 UTC,https://bazaar.abuse.ch/export/txt/sha256/recent/,Zərərli fayl hash-i (SHA256)
sha256,084e75baea7479a3c77c09ffaee73c1d1c12becd334d35899aed54049bcad684,70,high,MalwareBazaar,1,3,2026-10-03T18:25:47+00:00,2026-10-04T00:13:52+00:00,,,,2026-10-03 23:56:34 UTC,https://bazaar.abuse.ch/export/txt/sha256/recent/,Zərərli fayl hash-i (SHA256)
sha256,41afd644f02ff1bb37bafd8d8038facc218fd6f0051ab5c89f28f0513fd3a87d,70,high,MalwareBazaar,1,3,2026-10-03T18:25:47+00:00,2026-10-04T00:13:52+00:00,,,,2026-10-03 23:56:34 UTC,https://bazaar.abuse.ch/export/txt/sha256/recent/,Zərərli fayl hash-i (SHA256)
sha256,2510f84f4c3d895ff967282ae6b039a13351fa58667035ff4318d44586f29c6b,70,high,MalwareBazaar,1,3,2026-10-03T18:25:47+00:00,2026-10-04T00:13:52+00:00,,,,2026-10-03 23:56:34 UTC,https://bazaar.abuse.ch/export/txt/sha256/recent/,Zərərli fayl hash-i (SHA256)
sha256,06b49bcdf650a2f505057a0d8200e1f29779f3aefffa858f3a6409162e1ba63b,70,high,MalwareBazaar,1,3,2026-10-03T18:25:47+00:00,2026-10-04T00:13:52+00:00,,,,2026-10-03 23:56:34 UTC,https://bazaar.abuse.ch/export/txt/sha256/recent/,Zərərli fayl hash-i (SHA256)
sha256,e3f92ae64f3a2ffcd1c72a9bd2ea2057cc4329306a743df034697280a0d8946e,70,high,MalwareBazaar,1,3,2026-10-03T18:25:47+00:00,2026-10-04T00:13:52+00:00,,,,2026-10-03 23:56:34 UTC,https://bazaar.abuse.ch/export/txt/sha256/recent/,Zərərli fayl hash-i (SHA256)
sha256,71aca864c28eda352580e3f5cbb09bc29e1de1bc91d0407aeb14e69c5767bd79,70,high,MalwareBazaar,1,3,2026-10-03T18:25:47+00:00,2026-10-04T00:13:52+00:00,,,,2026-10-03 23:56:34 UTC,https://bazaar.abuse.ch/export/txt/sha256/recent/,Zərərli fayl hash-i (SHA256)
sha256,f45ee7d02115d754375ae4bf7ad74a51a64565f41efad4b0d85444232723c5f4,70,high,MalwareBazaar,1,3,2026-10-03T18:25:47+00:00,2026-10-04T00:13:52+00:00,,,,2026-10-03 23:56:34 UTC,https://bazaar.abuse.ch/export/txt/sha256/recent/,Zərərli fayl hash-i (SHA256)
sha256,72b2cd81acb88e14d1f0a3cb660e48a78deaecac9135f762b838cd41fbc8c6fc,70,high,MalwareBazaar,1,3,2026-10-03T18:25:47+00:00,2026-10-04T00:13:52+00:00,,,,2026-10-03 23:56:34 UTC,https://bazaar.abuse.ch/export/txt/sha256/recent/,Zərərli fayl hash-i (SHA256)
sha256,f6fdfdcb3918989b2e24c1210d734318e91ae134efae092f6f90730bfe05590a,70,high,MalwareBazaar,1,3,2026-10-03T18:25:47+00:00,2026-10-04T00:13:52+00:00,,,,2026-10-03 23:56:34 UTC,https://bazaar.abuse.ch/export/txt/sha256/recent/,Zərərli fayl hash-i (SHA256)
sha256,f3e45d51db90478ceb3aa2f2aa8d4bb243bab219cbc58f494ac435fea8043b9e,70,high,MalwareBazaar,1,3,2026-10-03T18:25:47+00:00,2026-10-04T00:13:52+00:00,,,,2026-10-03 23:56:34 UTC,https://bazaar.abuse.ch/export/txt/sha256/recent/,Zərərli fayl hash-i (SHA256)
sha256,9da88fc8507db3f498ab438f0614bfc9c8de522052da21afd6ad5349e5632ab8,70,high,MalwareBazaar,1,3,2026-10-03T18:25:47+00:00,2026-10-04T00:13:52+00:00,,,,2026-10-03 23:56:34 UTC,https://bazaar.abuse.ch/export/txt/sha256/recent/,Zərərli fayl hash-i (SHA256)
sha256,c9e172a17719f8b9620e28ca2046747edfb8df518f50fa20d53df6c9ebe3af8e,70,high,MalwareBazaar,1,3,2026-10-03T18:25:47+00:00,2026-10-04T00:13:52+00:00,,,,2026-10-03 23:56:34 UTC,https://bazaar.abuse.ch/export/txt/sha256/recent/,Zərərli fayl hash-i (SHA256)
sha256,a9973676e1769e410ce157169d678263ff06543f51915877b8d5335193abec04,70,high,MalwareBazaar,1,3,2026-10-03T18:25:47+00:00,2026-10-04T00:13:52+00:00,,,,2026-10-03 23:56:34 UTC,https://bazaar.abuse.ch/export/txt/sha256/recent/,Zərərli fayl hash-i (SHA256)
sha256,f5bd3bc732d4615ad795e357ad209cb07eea9aa3954e9d74468fdf8871e57c2b,70,high,MalwareBazaar,1,3,2026-10-03T18:25:47+00:00,2026-10-04T00:13:52+00:00,,,,2026-10-03 23:56:34 UTC,https://bazaar.abuse.ch/export/txt/sha256/recent/,Zərərli fayl hash-i (SHA256)
sha256,f778748229e97dfbc200804d4ac428c9b582c184861c350d331ddb8f6d7ce5c1,70,high,MalwareBazaar,1,3,2026-10-03T18:25:47+00:00,2026-10-04T00:13:52+00:00,,,,2026-10-03 23:56:34 UTC,https://bazaar.abuse.ch/export/txt/sha256/recent/,Zərərli fayl hash-i (SHA256)
sha256,d82faf253ed7e0f253415a138b46d453b2c5f79f35a08c3fde00770a3bce04d3,70,high,MalwareBazaar,1,3,2026-10-03T18:25:47+00:00,2026-10-04T00:13:52+00:00,,,,2026-10-03 23:56:34 UTC,https://bazaar.abuse.ch/export/txt/sha256/recent/,Zərərli fayl hash-i (SHA256)
sha256,6fad2d23109a0f6c470cd926efabcdfd5e9668c8d18637dc131cfb06b2e24c85,70,high,MalwareBazaar,1,3,2026-10-03T18:25:47+00:00,2026-10-04T00:13:52+00:00,,,,2026-10-03 23:56:34 UTC,https://bazaar.abuse.ch/export/txt/sha256/recent/,Zərərli fayl hash-i (SHA256)
sha256,50a97e7d44bd8d83841ae56ffb83c2c79e0f00d03b2caddb3b56695430eaea08,70,high,MalwareBazaar,1,3,2026-10-03T18:25:47+00:00,2026-10-04T00:13:52+00:00,,,,2026-10-03 23:56:34 UTC,https://bazaar.abuse.ch/export/txt/sha256/recent/,Zərərli fayl hash-i (SHA256)
sha256,49d9ada2d049aea5b7795839f608eb0d251278f3315b0847b8de289f3891bd88,70,high,MalwareBazaar,1,3,2026-10-03T18:25:47+00:00,2026-10-04T00:13:52+00:00,,,,2026-10-03 23:56:34 UTC,https://bazaar.abuse.ch/export/txt/sha256/recent/,Zərərli fayl hash-i (SHA256)
sha256,f4842e3912b6c37b7ebe770d0ec1645ffaab0b7b92d2f55182cfdb03b1b2a62e,70,high,MalwareBazaar,1,3,2026-10-03T18:25:47+00:00,2026-10-04T00:13:52+00:00,,,,2026-10-03 23:56:34 UTC,https://bazaar.abuse.ch/export/txt/sha256/recent/,Zərərli fayl hash-i (SHA256)
sha256,5494394cdfb5e104451feab61ae051663148cf703d24727220f923d01c8efb57,70,high,MalwareBazaar,1,3,2026-10-03T18:25:47+00:00,2026-10-04T00:13:52+00:00,,,,2026-10-03 23:56:34 UTC,https://bazaar.abuse.ch/export/txt/sha256/recent/,Zərərli fayl hash-i (SHA256)
sha256,d8aa4bade6b39d0fcce3e55c7a36fd9bbe375725679d1aa9db87898bf2f8959f,70,high,MalwareBazaar,1,3,2026-10-03T18:25:47+00:00,2026-10-04T00:13:52+00:00,,,,2026-10-03 23:56:34 UTC,https://bazaar.abuse.ch/export/txt/sha256/recent/,Zərərli fayl hash-i (SHA256)
sha256,1a96d0c85dfbf0094d06ad399649a0e387e99e64f2306a9fb912cffe6b7af26b,70,high,MalwareBazaar,1,3,2026-10-03T18:25:47+00:00,2026-10-04T00:13:52+00:00,,,,2026-10-03 23:56:34 UTC,https://bazaar.abuse.ch/export/txt/sha256/recent/,Zərərli fayl hash-i (SHA256)
sha256,e781b560299638272eef64ef5d592bb6fb24a98abb851be9a0e00cc2f2ffa882,70,high,MalwareBazaar,1,3,2026-10-03T18:25:47+00:00,2026-10-04T00:13:52+00:00,,,,2026-10-03 23:56:34 UTC,https://bazaar.abuse.ch/export/txt/sha256/recent/,Zərərli fayl hash-i (SHA256)
sha256,43fd90ba6be2c1937b8855b6602584a40b88ad2cfba06a175325eff424e2f701,70,high,MalwareBazaar,1,3,2026-10-03T18:25:47+00:00,2026-10-04T00:13:52+00:00,,,,2026-10-03 23:56:34 UTC,https://bazaar.abuse.ch/export/txt/sha256/recent/,Zərərli fayl hash-i (SHA256)
sha256,36292969f0ed7d8a821006de3e995b68b8a7892b075ede7549267ade800afe45,70,high,MalwareBazaar,1,3,2026-10-03T18:25:47+00:00,2026-10-04T00:13:52+00:00,,,,2026-10-03 23:56:34 UTC,https://bazaar.abuse.ch/export/txt/sha256/recent/,Zərərli fayl hash-i (SHA256)
sha256,31762d7f013cde2231033efba13a178872d8bce2ce00b0df0d95109e628f0cd5,70,high,MalwareBazaar,1,3,2026-10-03T18:25:47+00:00,2026-10-04T00:13:52+00:00,,,,2026-10-03 23:56:34 UTC,https://bazaar.abuse.ch/export/txt/sha256/recent/,Zərərli fayl hash-i (SHA256)
sha256,8d5d913136a711beb8d1053c63615027925a7726dc030c16eff8e9056ca0f00f,70,high,MalwareBazaar,1,3,2026-10-03T18:25:47+00:00,2026-10-04T00:13:52+00:00,,,,2026-10-03 23:56:34 UTC,https://bazaar.abuse.ch/export/txt/sha256/recent/,Zərərli fayl hash-i (SHA256)
sha256,78b1794c29c7c5e91ff8b9e2d8f13ffc658ada5489f7cd528e8c77ee1200af6a,70,high,MalwareBazaar,1,3,2026-10-03T18:25:47+00:00,2026-10-04T00:13:52+00:00,,,,2026-10-03 23:56:34 UTC,https://bazaar.abuse.ch/export/txt/sha256/recent/,Zərərli fayl hash-i (SHA256)
sha256,a0ba3a65420ec51339095ced4e4978b62005e94c16b25607073d753b854ed11f,70,high,MalwareBazaar,1,3,2026-10-03T18:25:47+00:00,2026-10-04T00:13:52+00:00,,,,2026-10-03 23:56:34 UTC,https://bazaar.abuse.ch/export/txt/sha256/recent/,Zərərli fayl hash-i (SHA256)
sha256,c56cc6910fb65195d43496ded00712f9f69a2c9fa9f91016f8b175e030b47850,70,high,MalwareBazaar,1,3,2026-10-03T18:25:47+00:00,2026-10-04T00:13:52+00:00,,,,2026-10-03 23:56:34 UTC,https://bazaar.abuse.ch/export/txt/sha256/recent/,Zərərli fayl hash-i (SHA256)
sha256,5c107b54a0d4829dcb5ea0618217b69b28659902a629be2ec3967f49e13b48a6,70,high,MalwareBazaar,1,3,2026-10-03T18:25:47+00:00,2026-10-04T00:13:52+00:00,,,,2026-10-03 23:56:34 UTC,https://bazaar.abuse.ch/export/txt/sha256/recent/,Zərərli fayl hash-i (SHA256)
sha256,c30ed254e2cb772ba7f1772cce2f0af811325282d4d7fe7e4bc1e0500f0b5222,70,high,MalwareBazaar,1,3,2026-10-03T18:25:47+00:00,2026-10-04T00:13:52+00:00,,,,2026-10-03 23:56:34 UTC,https://bazaar.abuse.ch/export/txt/sha256/recent/,Zərərli fayl hash-i (SHA256)
sha256,21d12771b04062140c420c71cc83e87a79d2981706fcd2a22f21899ead7b11b4,70,high,MalwareBazaar,1,3,2026-10-03T18:25:47+00:00,2026-10-04T00:13:52+00:00,,,,2026-10-03 23:56:34 UTC,https://bazaar.abuse.ch/export/txt/sha256/recent/,Zərərli fayl hash-i (SHA256)
sha256,d883e0bfb63668dd3e28ad40e558c0d4020e8d7289693f81bad71e80aa392ca7,70,high,MalwareBazaar,1,3,2026-10-03T18:25:47+00:00,2026-10-04T00:13:52+00:00,,,,2026-10-03 23:56:34 UTC,https://bazaar.abuse.ch/export/txt/sha256/recent/,Zərərli fayl hash-i (SHA256)
sha256,f86911bd80900e3192bdce87cde60956860399e30e548428ccde6ac4afd1a874,70,high,MalwareBazaar,1,3,2026-10-03T18:25:47+00:00,2026-10-04T00:13:52+00:00,,,,2026-10-03 23:56:34 UTC,https://bazaar.abuse.ch/export/txt/sha256/recent/,Zərərli fayl hash-i (SHA256)
sha256,578267b1548c66a69be3dffc9d5459c7f4d76bc675914daf322be27f6b1fe47a,70,high,MalwareBazaar,1,3,2026-10-03T18:25:47+00:00,2026-10-04T00:13:52+00:00,,,,2026-10-03 23:56:34 UTC,https://bazaar.abuse.ch/export/txt/sha256/recent/,Zərərli fayl hash-i (SHA256)
sha256,a0a778378af022f34aca2242729b9491aabb24662626226a29ef8e7d5f548bd7,70,high,MalwareBazaar,1,3,2026-10-03T18:25:47+00:00,2026-10-04T00:13:52+00:00,,,,2026-10-03 23:56:34 UTC,https://bazaar.abuse.ch/export/txt/sha256/recent/,Zərərli fayl hash-i (SHA256)
sha256,fc2c90d489c3c1da4fab3e735a002ad4680dc244bb1844882104a0c22def0edb,70,high,MalwareBazaar,1,3,2026-10-03T18:25:47+00:00,2026-10-04T00:13:52+00:00,,,,2026-10-03 23:56:34 UTC,https://bazaar.abuse.ch/export/txt/sha256/recent/,Zərərli fayl hash-i (SHA256)
sha256,5f421002bcbcf17b1eeb0a2c82e95aa3969a088bdca1777697c691148e716f67,70,high,MalwareBazaar,1,3,2026-10-03T18:25:47+00:00,2026-10-04T00:13:52+00:00,,,,2026-10-03 23:56:34 UTC,https://bazaar.abuse.ch/export/txt/sha256/recent/,Zərərli fayl hash-i (SHA256)
sha256,418183bd705431256495c38af2eeaa40cb04bce189f5c06711fd137ba27b644c,70,high,MalwareBazaar,1,3,2026-10-03T18:25:47+00:00,2026-10-04T00:13:52+00:00,,,,2026-10-03 23:56:34 UTC,https://bazaar.abuse.ch/export/txt/sha256/recent/,Zərərli fayl hash-i (SHA256)
sha256,c706c2422dda5c1e485b8ead8c52b2618f1df7696b0066b4dd6b76300c8aea24,70,high,MalwareBazaar,1,3,2026-10-03T18:25:47+00:00,2026-10-04T00:13:52+00:00,,,,2026-10-03 23:56:34 UTC,https://bazaar.abuse.ch/export/txt/sha256/recent/,Zərərli fayl hash-i (SHA256)
sha256,90275ff480ba1e9e6a9c95e78dda748b7155ae71be6886564ef0253cfe10c1a7,70,high,MalwareBazaar,1,3,2026-10-03T18:25:47+00:00,2026-10-04T00:13:52+00:00,,,,2026-10-03 23:56:34 UTC,https://bazaar.abuse.ch/export/txt/sha256/recent/,Zərərli fayl hash-i (SHA256)
sha256,008bfca8c2ec448377f02b2366a84dcdc541ca94042a3f2c9f63dd905bcd730c,70,high,MalwareBazaar,1,3,2026-10-03T18:25:47+00:00,2026-10-04T00:13:52+00:00,,,,2026-10-03 23:56:34 UTC,https://bazaar.abuse.ch/export/txt/sha256/recent/,Zərərli fayl hash-i (SHA256)
sha256,10e5289fd9b9a3e586c6ae01012754faeefa27d5e755ce14d1f2b65e3b2e007a,70,high,MalwareBazaar,1,3,2026-10-03T18:25:47+00:00,2026-10-04T00:13:52+00:00,,,,2026-10-03 23:56:34 UTC,https://bazaar.abuse.ch/export/txt/sha256/recent/,Zərərli fayl hash-i (SHA256)
sha256,ed082f744f035035900f67edf438f2f7d0528ac501234f63d476d65273cdb9a1,70,high,MalwareBazaar,1,3,2026-10-03T18:25:47+00:00,2026-10-04T00:13:52+00:00,,,,2026-10-03 23:56:34 UTC,https://bazaar.abuse.ch/export/txt/sha256/recent/,Zərərli fayl hash-i (SHA256)
sha256,3ff45f0989e79e14152380f9d7dc77dbbbb0045a7e929aece34dfa7e82fa86da,70,high,MalwareBazaar,1,3,2026-10-03T18:25:47+00:00,2026-10-04T00:13:52+00:00,,,,2026-10-03 23:56:34 UTC,https://bazaar.abuse.ch/export/txt/sha256/recent/,Zərərli fayl hash-i (SHA256)
sha256,5bf1ded1fb864a9fb9c253cf24b8041ee43981448fb1e65f82cd3b78e335b9d9,70,high,MalwareBazaar,1,3,2026-10-03T18:25:47+00:00,2026-10-04T00:13:52+00:00,,,,2026-10-03 23:56:34 UTC,https://bazaar.abuse.ch/export/txt/sha256/recent/,Zərərli fayl hash-i (SHA256)
sha256,c6ba88a6719810a2a90dec141b049237fe7ea664ee91f0b0b39d29f688884863,70,high,MalwareBazaar,1,3,2026-10-03T18:25:47+00:00,2026-10-04T00:13:52+00:00,,,,2026-10-03 23:56:34 UTC,https://bazaar.abuse.ch/export/txt/sha256/recent/,Zərərli fayl hash-i (SHA256)
sha256,171491086484e054f0a6b87fd270ce68fa7a71a18b4268c2fa8fb286a54e44f4,70,high,MalwareBazaar,1,3,2026-10-03T18:25:47+00:00,2026-10-04T00:13:52+00:00,,,,2026-10-03 23:56:34 UTC,https://bazaar.abuse.ch/export/txt/sha256/recent/,Zərərli fayl hash-i (SHA256)
sha256,9a04188b6ad2333a3b42afa12df8f2c24ba0f3b9d4f611c2b5fb935b4575fe03,70,high,MalwareBazaar,1,3,2026-10-03T18:25:47+00:00,2026-10-04T00:13:52+00:00,,,,2026-10-03 23:56:34 UTC,https://bazaar.abuse.ch/export/txt/sha256/recent/,Zərərli fayl hash-i (SHA256)
sha256,fa7de484231cf722c583d28bf2e05e7e55ff238fe929c2b14f9f8f19703f3937,70,high,MalwareBazaar,1,3,2026-10-03T18:25:47+00:00,2026-10-04T00:13:52+00:00,,,,2026-10-03 23:56:34 UTC,https://bazaar.abuse.ch/export/txt/sha256/recent/,Zərərli fayl hash-i (SHA256)
sha256,a6634dd56d922fa0f8741a4d7feb314fad9da9095d8bcdd6a23ae66160f2a11a,70,high,MalwareBazaar,1,3,2026-10-03T18:25:47+00:00,2026-10-04T00:13:52+00:00,,,,2026-10-03 23:56:34 UTC,https://bazaar.abuse.ch/export/txt/sha256/recent/,Zərərli fayl hash-i (SHA256)
sha256,82ec9cb67031727ee0b90d9d736befd9bbfb0eb6b0f995f35c5382c6a7073d01,70,high,MalwareBazaar,1,3,2026-10-03T18:25:47+00:00,2026-10-04T00:13:52+00:00,,,,2026-10-03 23:56:34 UTC,https://bazaar.abuse.ch/export/txt/sha256/recent/,Zərərli fayl hash-i (SHA256)
sha256,645f46b23cd98a80ddc50b154e4a1070a3c96a4ba3e01773530a622b26661930,70,high,MalwareBazaar,1,3,2026-10-03T18:25:47+00:00,2026-10-04T00:13:52+00:00,,,,2026-10-03 23:56:34 UTC,https://bazaar.abuse.ch/export/txt/sha256/recent/,Zərərli fayl hash-i (SHA256)
sha256,e1ba355538caccded191ac108e43cf28cdb6c2d679606ea4c43bfc9a539cb4f5,70,high,MalwareBazaar,1,3,2026-10-03T18:25:47+00:00,2026-10-04T00:13:52+00:00,,,,2026-10-03 23:56:34 UTC,https://bazaar.abuse.ch/export/txt/sha256/recent/,Zərərli fayl hash-i (SHA256)
sha256,b5672fae59b6fce0c227ca3a55b09a49aa59358434550a0f131252524e7d9c4e,70,high,MalwareBazaar,1,3,2026-10-03T18:25:47+00:00,2026-10-04T00:13:52+00:00,,,,2026-10-03 23:56:34 UTC,https://bazaar.abuse.ch/export/txt/sha256/recent/,Zərərli fayl hash-i (SHA256)
sha256,021d0cb5ea0fc4453cc577b9bd27e6d44b5a27aed488c225420ff6a41ae1cfbe,70,high,MalwareBazaar,1,3,2026-10-03T18:25:47+00:00,2026-10-04T00:13:52+00:00,,,,2026-10-03 23:56:34 UTC,https://bazaar.abuse.ch/export/txt/sha256/recent/,Zərərli fayl hash-i (SHA256)
sha256,4a59ee2b5145b4d7ef77856d4fb9299a621207c522c5d5ef824bb518c86421c7,70,high,MalwareBazaar,1,3,2026-10-03T18:25:47+00:00,2026-10-04T00:13:52+00:00,,,,2026-10-03 23:56:34 UTC,https://bazaar.abuse.ch/export/txt/sha256/recent/,Zərərli fayl hash-i (SHA256)
sha256,9ee7b159686c670ebd9c432726ec6124e1e2307d193bcdc9ff55c4da8693d889,70,high,MalwareBazaar,1,3,2026-10-03T18:25:47+00:00,2026-10-04T00:13:52+00:00,,,,2026-10-03 23:56:34 UTC,https://bazaar.abuse.ch/export/txt/sha256/recent/,Zərərli fayl hash-i (SHA256)
sha256,53e4bc2cdaf78fd36fdf3770b6e4ce72c8c0001fa0a17f9618d98ad7de283746,70,high,MalwareBazaar,1,3,2026-10-03T18:25:47+00:00,2026-10-04T00:13:52+00:00,,,,2026-10-03 23:56:34 UTC,https://bazaar.abuse.ch/export/txt/sha256/recent/,Zərərli fayl hash-i (SHA256)
sha256,c33b0fcd30301b5c3bf6b516d6ff03709a10aad67072f41012bcaf3d34b23acc,70,high,MalwareBazaar,1,3,2026-10-03T18:25:47+00:00,2026-10-04T00:13:52+00:00,,,,2026-10-03 23:56:34 UTC,https://bazaar.abuse.ch/export/txt/sha256/recent/,Zərərli fayl hash-i (SHA256)
sha256,6f6df8e308b7e75d1a18ffb40fa7341b31cadf743e6e6e6c4512d762a0e46f66,70,high,MalwareBazaar,1,3,2026-10-03T18:25:47+00:00,2026-10-04T00:13:52+00:00,,,,2026-10-03 23:56:34 UTC,https://bazaar.abuse.ch/export/txt/sha256/recent/,Zərərli fayl hash-i (SHA256)
sha256,e274274ca20dc64f1451059173a8d8a9777003acea918bdbcede3ba65d110439,70,high,MalwareBazaar,1,3,2026-10-03T18:25:47+00:00,2026-10-04T00:13:52+00:00,,,,2026-10-03 23:56:34 UTC,https://bazaar.abuse.ch/export/txt/sha256/recent/,Zərərli fayl hash-i (SHA256)
sha256,37e469235a85a766455ecd194b99e64cb6b2b2cf12bda2add216d6e233bda725,70,high,MalwareBazaar,1,3,2026-10-03T18:25:47+00:00,2026-10-04T00:13:52+00:00,,,,2026-10-03 23:56:34 UTC,https://bazaar.abuse.ch/export/txt/sha256/recent/,Zərərli fayl hash-i (SHA256)
sha256,cbf6aee947974053f64e4271a2284ee811aa3bfffd8dfd89c323fd72ab1d822a,70,high,MalwareBazaar,1,3,2026-10-03T18:25:47+00:00,2026-10-04T00:13:52+00:00,,,,2026-10-03 23:56:34 UTC,https://bazaar.abuse.ch/export/txt/sha256/recent/,Zərərli fayl hash-i (SHA256)
sha256,01b5a60b54ff4a0f670e39a6d567f02bc69338ccfae2d679a17ed09247e284e6,70,high,MalwareBazaar,1,3,2026-10-03T18:25:47+00:00,2026-10-04T00:13:52+00:00,,,,2026-10-03 23:56:34 UTC,https://bazaar.abuse.ch/export/txt/sha256/recent/,Zərərli fayl hash-i (SHA256)
sha256,8ebe45253cc20cd7a504518b836ecf40e6b189861d56c442340d57b3039041f0,70,high,MalwareBazaar,1,3,2026-10-03T18:25:47+00:00,2026-10-04T00:13:52+00:00,,,,2026-10-03 23:56:34 UTC,https://bazaar.abuse.ch/export/txt/sha256/recent/,Zərərli fayl hash-i (SHA256)
sha256,ae67fcaa77bc85f3ea583405e6c5cf9501bb3d885d7f85b858aedca6c39c1064,70,high,MalwareBazaar,1,3,2026-10-03T18:25:47+00:00,2026-10-04T00:13:52+00:00,,,,2026-10-03 23:56:34 UTC,https://bazaar.abuse.ch/export/txt/sha256/recent/,Zərərli fayl hash-i (SHA256)
sha256,dba846bc50334572d41e61227ed36c064b471c51f1a6f4448616555a2a26361f,70,high,MalwareBazaar,1,3,2026-10-03T18:25:47+00:00,2026-10-04T00:13:52+00:00,,,,2026-10-03 23:56:34 UTC,https://bazaar.abuse.ch/export/txt/sha256/recent/,Zərərli fayl hash-i (SHA256)
sha256,35a4d5bc3466d9bf32924392eb20af3196110d408fdc84b919dc39e5b08ed937,70,high,MalwareBazaar,1,3,2026-10-03T18:25:47+00:00,2026-10-04T00:13:52+00:00,,,,2026-10-03 23:56:34 UTC,https://bazaar.abuse.ch/export/txt/sha256/recent/,Zərərli fayl hash-i (SHA256)
sha256,6949df88641f3d3df4507f325756a559a21a203515f40cc3f1f51a5994622e22,70,high,MalwareBazaar,1,3,2026-10-03T18:25:47+00:00,2026-10-04T00:13:52+00:00,,,,2026-10-03 23:56:34 UTC,https://bazaar.abuse.ch/export/txt/sha256/recent/,Zərərli fayl hash-i (SHA256)
sha256,6f15da97b5e6c5cc681d40ba67babdd39ea17b8049656e5708e703e30c4b6480,70,high,MalwareBazaar,1,3,2026-10-03T18:25:47+00:00,2026-10-04T00:13:52+00:00,,,,2026-10-03 23:56:34 UTC,https://bazaar.abuse.ch/export/txt/sha256/recent/,Zərərli fayl hash-i (SHA256)
sha256,c6c003a793338505330a304efb59b827a35fea296a09b72fbfec24137d840b65,70,high,MalwareBazaar,1,3,2026-10-03T18:25:47+00:00,2026-10-04T00:13:52+00:00,,,,2026-10-03 23:56:34 UTC,https://bazaar.abuse.ch/export/txt/sha256/recent/,Zərərli fayl hash-i (SHA256)
sha256,6b594d4ce12e38e72ba9d7967f998a81be045c5b1f3f462474eaa4810ef0cdb6,70,high,MalwareBazaar,1,3,2026-10-03T18:25:47+00:00,2026-10-04T00:13:52+00:00,,,,2026-10-03 23:56:34 UTC,https://bazaar.abuse.ch/export/txt/sha256/recent/,Zərərli fayl hash-i (SHA256)
sha256,d8c680fd74be254d5c76898720e5386f909b674269e4833eca3cb6622259a1d4,70,high,MalwareBazaar,1,3,2026-10-03T18:25:47+00:00,2026-10-04T00:13:52+00:00,,,,2026-10-03 23:56:34 UTC,https://bazaar.abuse.ch/export/txt/sha256/recent/,Zərərli fayl hash-i (SHA256)
sha256,2292a27faf7d19f62e59b0a79792e4b75ff72779a78105b86900fff637fb343e,70,high,MalwareBazaar,1,3,2026-10-03T18:25:47+00:00,2026-10-04T00:13:52+00:00,,,,2026-10-03 23:56:34 UTC,https://bazaar.abuse.ch/export/txt/sha256/recent/,Zərərli fayl hash-i (SHA256)
sha256,a39659b6c18fa1278c4b9ef6b099f7a59a40737f28f512ade987b09736a89ab8,70,high,MalwareBazaar,1,3,2026-10-03T18:25:47+00:00,2026-10-04T00:13:52+00:00,,,,2026-10-03 23:56:34 UTC,https://bazaar.abuse.ch/export/txt/sha256/recent/,Zərərli fayl hash-i (SHA256)
sha256,db186cc8d3cd7bfcbbbe01a4a4f0d52a756b4f8c1713bc484339a0a9b184dc1c,70,high,MalwareBazaar,1,3,2026-10-03T18:25:47+00:00,2026-10-04T00:13:52+00:00,,,,2026-10-03 23:56:34 UTC,https://bazaar.abuse.ch/export/txt/sha256/recent/,Zərərli fayl hash-i (SHA256)
sha256,f748b12cb30bd3208fc40915b08160a9367bfc7345d4791c7fd7dbcd7254a5a9,70,high,MalwareBazaar,1,3,2026-10-03T18:25:47+00:00,2026-10-04T00:13:52+00:00,,,,2026-10-03 23:56:34 UTC,https://bazaar.abuse.ch/export/txt/sha256/recent/,Zərərli fayl hash-i (SHA256)
sha256,bcb8b93df0784d84bdc7c5b87593a0e7ee2a6f1481cc81847bc50153e5f8ff3c,70,high,MalwareBazaar,1,3,2026-10-03T18:25:47+00:00,2026-10-04T00:13:52+00:00,,,,2026-10-03 23:56:34 UTC,https://bazaar.abuse.ch/export/txt/sha256/recent/,Zərərli fayl hash-i (SHA256)
sha256,ee5a81bec72835f595b2b0be61656b46350b476520e4e1ffa6f13bed9ada2139,70,high,MalwareBazaar,1,3,2026-10-03T18:25:47+00:00,2026-10-04T00:13:52+00:00,,,,2026-10-03 23:56:34 UTC,https://bazaar.abuse.ch/export/txt/sha256/recent/,Zərərli fayl hash-i (SHA256)
sha256,81f8c0006d15ffd5db3ff36d2aa8ed20b0e304c6233f55a1dcb18d4347609d8e,70,high,MalwareBazaar,1,3,2026-10-03T18:25:47+00:00,2026-10-04T00:13:52+00:00,,,,2026-10-03 23:56:34 UTC,https://bazaar.abuse.ch/export/txt/sha256/recent/,Zərərli fayl hash-i (SHA256)
sha256,c85fc6212b6ff7af43120cfbc05d651f932bcf28056e3c7e0a4a51a930c60e72,70,high,MalwareBazaar,1,3,2026-10-03T18:25:47+00:00,2026-10-04T00:13:52+00:00,,,,2026-10-03 23:56:34 UTC,https://bazaar.abuse.ch/export/txt/sha256/recent/,Zərərli fayl hash-i (SHA256)
sha256,a6c79fd5ce7145a26224c881ccff826556cec2b8564f6beeecc3efc045cdf781,70,high,MalwareBazaar,1,3,2026-10-03T18:25:47+00:00,2026-10-04T00:13:52+00:00,,,,2026-10-03 23:56:34 UTC,https://bazaar.abuse.ch/export/txt/sha256/recent/,Zərərli fayl hash-i (SHA256)
sha256,ebc640a859cb812c0ebc0be29bc54a9be8e6468ed630eea8a1ddaf7b4ad2b041,70,high,MalwareBazaar,1,3,2026-10-03T18:25:47+00:00,2026-10-04T00:13:52+00:00,,,,2026-10-03 23:56:34 UTC,https://bazaar.abuse.ch/export/txt/sha256/recent/,Zərərli fayl hash-i (SHA256)
sha256,ce93d6a6df1f52dc8bd4a7da5ef7141e07012442236cb89a8d0c1bfca84980e3,70,high,MalwareBazaar,1,3,2026-10-03T18:25:47+00:00,2026-10-04T00:13:52+00:00,,,,2026-10-03 23:56:34 UTC,https://bazaar.abuse.ch/export/txt/sha256/recent/,Zərərli fayl hash-i (SHA256)
sha256,1e806e115f6d38660018ab3a0086143e26a0355ffcf73720726bf8c2710b2eaa,70,high,MalwareBazaar,1,3,2026-10-03T18:25:47+00:00,2026-10-04T00:13:52+00:00,,,,2026-10-03 23:56:34 UTC,https://bazaar.abuse.ch/export/txt/sha256/recent/,Zərərli fayl hash-i (SHA256)
sha256,773d95b11262aa245ccec682067b4239468ca29b88d7bf8cd7adeb5ebaf43b7c,70,high,MalwareBazaar,1,3,2026-10-03T18:25:47+00:00,2026-10-04T00:13:52+00:00,,,,2026-10-03 23:56:34 UTC,https://bazaar.abuse.ch/export/txt/sha256/recent/,Zərərli fayl hash-i (SHA256)
sha256,5affc8fc3a0071b201282bbea31d654065518e75292e10e685c0a01eaf4dda79,70,high,MalwareBazaar,1,3,2026-10-03T18:25:47+00:00,2026-10-04T00:13:52+00:00,,,,2026-10-03 23:56:34 UTC,https://bazaar.abuse.ch/export/txt/sha256/recent/,Zərərli fayl hash-i (SHA256)
sha256,c80d054ad4b8cde7e3663f8ad889005f811088a8ecd6c8db90abaf4cbf8fcc05,70,high,MalwareBazaar,1,3,2026-10-03T18:25:47+00:00,2026-10-04T00:13:52+00:00,,,,2026-10-03 23:56:34 UTC,https://bazaar.abuse.ch/export/txt/sha256/recent/,Zərərli fayl hash-i (SHA256)
sha256,c82a61264f2bbb1006ff150747b860411cbfac1809b021819622835b431532f4,70,high,MalwareBazaar,1,3,2026-10-03T18:25:47+00:00,2026-10-04T00:13:52+00:00,,,,2026-10-03 23:56:34 UTC,https://bazaar.abuse.ch/export/txt/sha256/recent/,Zərərli fayl hash-i (SHA256)
sha256,17f6c03dbb409691ac87c969c59e4dcf61d7475ab0250251df466295c17b8d8d,70,high,MalwareBazaar,1,3,2026-10-03T18:25:47+00:00,2026-10-04T00:13:52+00:00,,,,2026-10-03 23:56:34 UTC,https://bazaar.abuse.ch/export/txt/sha256/recent/,Zərərli fayl hash-i (SHA256)
sha256,a2c4604122ae8071f0e36b882f3ac6dda0aee393c1fdb34db8dc4f66e8734fe8,70,high,MalwareBazaar,1,3,2026-10-03T18:25:47+00:00,2026-10-04T00:13:52+00:00,,,,2026-10-03 23:56:34 UTC,https://bazaar.abuse.ch/export/txt/sha256/recent/,Zərərli fayl hash-i (SHA256)
sha256,9499729a1e44a300ddd2c7275ade0c5315afa36addbf725d24c896a77ba04bce,70,high,MalwareBazaar,1,3,2026-10-03T18:25:47+00:00,2026-10-04T00:13:52+00:00,,,,2026-10-03 23:56:34 UTC,https://bazaar.abuse.ch/export/txt/sha256/recent/,Zərərli fayl hash-i (SHA256)
sha256,79143ead52549a26ad39423b9578db3432fc0e8d8a846499f86c107941c54c86,70,high,MalwareBazaar,1,3,2026-10-03T18:25:47+00:00,2026-10-04T00:13:52+00:00,,,,2026-10-03 23:56:34 UTC,https://bazaar.abuse.ch/export/txt/sha256/recent/,Zərərli fayl hash-i (SHA256)
sha256,8b50f4ad4a32dca5143f00e255f3a36e7169bd524dc9f4c31c0ed2a53ad88cf4,70,high,MalwareBazaar,1,3,2026-10-03T18:25:47+00:00,2026-10-04T00:13:52+00:00,,,,2026-10-03 23:56:34 UTC,https://bazaar.abuse.ch/export/txt/sha256/recent/,Zərərli fayl hash-i (SHA256)
sha256,dfa41bff647b9343188d8d55d8dee7af43e01cd09f96c688c624cb3d166dbf23,70,high,MalwareBazaar,1,3,2026-10-03T18:25:47+00:00,2026-10-04T00:13:52+00:00,,,,2026-10-03 23:56:34 UTC,https://bazaar.abuse.ch/export/txt/sha256/recent/,Zərərli fayl hash-i (SHA256)
sha256,ce74caed104efd06d6651742d6c9d38aa836a872786884c4f0fbf9ea335af3fe,70,high,MalwareBazaar,1,3,2026-10-03T18:25:47+00:00,2026-10-04T00:13:52+00:00,,,,2026-10-03 23:56:34 UTC,https://bazaar.abuse.ch/export/txt/sha256/recent/,Zərərli fayl hash-i (SHA256)
sha256,1302f22445047deffaa6ff2c58b9fc8e6529dbcaae184c8d3673d77c8f275b81,70,high,MalwareBazaar,1,3,2026-10-03T18:25:47+00:00,2026-10-04T00:13:52+00:00,,,,2026-10-03 23:56:34 UTC,https://bazaar.abuse.ch/export/txt/sha256/recent/,Zərərli fayl hash-i (SHA256)
sha256,db36819e7be4c37532ac2fa136916e8cd9c427124d47cee634aebe8a5c880b20,70,high,MalwareBazaar,1,3,2026-10-03T18:25:47+00:00,2026-10-04T00:13:52+00:00,,,,2026-10-03 23:56:34 UTC,https://bazaar.abuse.ch/export/txt/sha256/recent/,Zərərli fayl hash-i (SHA256)
sha256,7b56a0fb93baac5ce50c04fe92b6aa6f95f47f813287d1dd9306ba790ddf23b8,70,high,MalwareBazaar,1,3,2026-10-03T18:25:47+00:00,2026-10-04T00:13:52+00:00,,,,2026-10-03 23:56:34 UTC,https://bazaar.abuse.ch/export/txt/sha256/recent/,Zərərli fayl hash-i (SHA256)
sha256,dadc90c8e367711f8a92f054672c5c34f821644fdbd63ca877f5f9a64292c379,70,high,MalwareBazaar,1,3,2026-10-03T18:25:47+00:00,2026-10-04T00:13:52+00:00,,,,2026-10-03 23:56:34 UTC,https://bazaar.abuse.ch/export/txt/sha256/recent/,Zərərli fayl hash-i (SHA256)
sha256,1f1ac4baf31853c8a55967b45adecf3d16a9f689fbf1f71af7e735f5aeda1128,70,high,MalwareBazaar,1,3,2026-10-03T18:25:47+00:00,2026-10-04T00:13:52+00:00,,,,2026-10-03 23:56:34 UTC,https://bazaar.abuse.ch/export/txt/sha256/recent/,Zərərli fayl hash-i (SHA256)
sha256,8867050a0b39fc2cbc43ba3953393fb257aa2d1f02b2e7aac9138be3da5c54c9,70,high,MalwareBazaar,1,3,2026-10-03T18:25:47+00:00,2026-10-04T00:13:52+00:00,,,,2026-10-03 23:56:34 UTC,https://bazaar.abuse.ch/export/txt/sha256/recent/,Zərərli fayl hash-i (SHA256)
sha256,4c7c802a848d039e803088e2bd16a4232b2bfbfc296eca7da32bb28941b36d9b,70,high,MalwareBazaar,1,3,2026-10-03T18:25:47+00:00,2026-10-04T00:13:52+00:00,,,,2026-10-03 23:56:34 UTC,https://bazaar.abuse.ch/export/txt/sha256/recent/,Zərərli fayl hash-i (SHA256)
sha256,72363a98be6bc85d3df0001c1be91fe98869c19c20fcf04956b4ea538d58440f,70,high,MalwareBazaar,1,3,2026-10-03T18:25:47+00:00,2026-10-04T00:13:52+00:00,,,,2026-10-03 23:56:34 UTC,https://bazaar.abuse.ch/export/txt/sha256/recent/,Zərərli fayl hash-i (SHA256)
sha256,3d1461814ff235e644a9c698e8cf99e862ffbce931fcb17380c2bdf2f61de638,70,high,MalwareBazaar,1,3,2026-10-03T18:25:47+00:00,2026-10-04T00:13:52+00:00,,,,2026-10-03 23:56:34 UTC,https://bazaar.abuse.ch/export/txt/sha256/recent/,Zərərli fayl hash-i (SHA256)
sha256,2b43e0058caf6ba4431b901450c0bf981426bbce5038d43f65e2558e26ff7d5c,70,high,MalwareBazaar,1,3,2026-10-03T18:25:47+00:00,2026-10-04T00:13:52+00:00,,,,2026-10-03 23:56:34 UTC,https://bazaar.abuse.ch/export/txt/sha256/recent/,Zərərli fayl hash-i (SHA256)
sha256,4a3e5cea8c00c380842a313342b8655e5de784a982c742ce12372e6e2b57f310,70,high,MalwareBazaar,1,3,2026-10-03T18:25:47+00:00,2026-10-04T00:13:52+00:00,,,,2026-10-03 23:56:34 UTC,https://bazaar.abuse.ch/export/txt/sha256/recent/,Zərərli fayl hash-i (SHA256)
sha256,ed59f092ced012f8c3ececda732201c7d1f6f4a71b1a801bd1a1ac8c5e6ca597,70,high,MalwareBazaar,1,3,2026-10-03T18:25:47+00:00,2026-10-04T00:13:52+00:00,,,,2026-10-03 23:56:34 UTC,https://bazaar.abuse.ch/export/txt/sha256/recent/,Zərərli fayl hash-i (SHA256)
sha256,b54e43fe9b51d9e862fafc39e80328ebdda2722bc200368b861bccd440462275,70,high,MalwareBazaar,1,3,2026-10-03T18:25:47+00:00,2026-10-04T00:13:52+00:00,,,,2026-10-03 23:56:34 UTC,https://bazaar.abuse.ch/export/txt/sha256/recent/,Zərərli fayl hash-i (SHA256)
sha256,3ce5f9e3c75180effdab51f29f1a6c7833362e2e515f9bdc6b9cfe9347c80bac,70,high,MalwareBazaar,1,3,2026-10-03T18:25:47+00:00,2026-10-04T00:13:52+00:00,,,,2026-10-03 23:56:34 UTC,https://bazaar.abuse.ch/export/txt/sha256/recent/,Zərərli fayl hash-i (SHA256)
sha256,23adc923f7baacd4afe877f79ea81df13f581ca2350ee99c5151d75d32efdee1,70,high,MalwareBazaar,1,3,2026-10-03T18:25:47+00:00,2026-10-04T00:13:52+00:00,,,,2026-10-03 23:56:34 UTC,https://bazaar.abuse.ch/export/txt/sha256/recent/,Zərərli fayl hash-i (SHA256)
sha256,93454bb24f440fb87464b0255adc9cc998555f040f49a1611f3473a10f369b26,70,high,MalwareBazaar,1,3,2026-10-03T18:25:47+00:00,2026-10-04T00:13:52+00:00,,,,2026-10-03 23:56:34 UTC,https://bazaar.abuse.ch/export/txt/sha256/recent/,Zərərli fayl hash-i (SHA256)
sha256,105cadd39caf4f1bb631211a78a59d5507eaa66d8473e3229751ef99540305e2,70,high,MalwareBazaar,1,3,2026-10-03T18:25:47+00:00,2026-10-04T00:13:52+00:00,,,,2026-10-03 23:56:34 UTC,https://bazaar.abuse.ch/export/txt/sha256/recent/,Zərərli fayl hash-i (SHA256)
sha256,5f6abef21d17243af8a2c2e8172e225b2f161790b937ac20e998a47a68b606db,70,high,MalwareBazaar,1,3,2026-10-03T18:25:47+00:00,2026-10-04T00:13:52+00:00,,,,2026-10-03 23:56:34 UTC,https://bazaar.abuse.ch/export/txt/sha256/recent/,Zərərli fayl hash-i (SHA256)
sha256,2e434f3ba0f00abb01b71635712c3f1fa21865bac24cc7312d5c56eafb005dab,70,high,MalwareBazaar,1,8,2026-10-02T07:43:14+00:00,2026-10-03T18:25:47+00:00,,,,2026-10-03 16:58:04 UTC,https://bazaar.abuse.ch/export/txt/sha256/recent/,Zərərli fayl hash-i (SHA256)
sha256,2b86bfd7d52260b281001b4aebc2bbb0b125180f9af21dcbe0c5a9cc7085806d,70,high,MalwareBazaar,1,8,2026-10-02T07:43:14+00:00,2026-10-03T18:25:47+00:00,,,,2026-10-03 16:58:04 UTC,https://bazaar.abuse.ch/export/txt/sha256/recent/,Zərərli fayl hash-i (SHA256)
sha256,0b5486f7855b0cb378067ca0c09555cf91e31e490248926dc3ee821c7193cc53,70,high,MalwareBazaar,1,8,2026-10-02T07:43:14+00:00,2026-10-03T18:25:47+00:00,,,,2026-10-03 16:58:04 UTC,https://bazaar.abuse.ch/export/txt/sha256/recent/,Zərərli fayl hash-i (SHA256)
sha256,e1e3c2d157d32ae9073de5008c4705480acf453f7d49a3936d83599ae50caa29,70,high,MalwareBazaar,1,8,2026-10-02T07:43:14+00:00,2026-10-03T18:25:47+00:00,,,,2026-10-03 16:58:04 UTC,https://bazaar.abuse.ch/export/txt/sha256/recent/,Zərərli fayl hash-i (SHA256)
sha256,15f27f83bfd7772f1d15908cbfb2c5a156cb108e4cc9f1154fd8235b62b21b81,70,high,MalwareBazaar,1,8,2026-10-02T07:43:14+00:00,2026-10-03T18:25:47+00:00,,,,2026-10-03 16:58:04 UTC,https://bazaar.abuse.ch/export/txt/sha256/recent/,Zərərli fayl hash-i (SHA256)
sha256,e181fab0b20eefa5cf5ff88efc82dda14d482b6ef4359ff98dfa84f38e44bca7,70,high,MalwareBazaar,1,8,2026-10-02T07:43:14+00:00,2026-10-03T18:25:47+00:00,,,,2026-10-03 16:58:04 UTC,https://bazaar.abuse.ch/export/txt/sha256/recent/,Zərərli fayl hash-i (SHA256)
sha256,82ca2fd57a52bc8baa1aa1053c578503da316a41b86b4d2ea6242866fcebadde,70,high,MalwareBazaar,1,9,2026-10-02T01:11:51+00:00,2026-10-03T18:25:47+00:00,,,,2026-10-03 16:58:04 UTC,https://bazaar.abuse.ch/export/txt/sha256/recent/,Zərərli fayl hash-i (SHA256)
sha256,a25a7ccf79fc61668e188f4c59b864971c0b855f1da300d7f91c62b3c5264afa,70,high,MalwareBazaar,1,9,2026-10-02T01:11:51+00:00,2026-10-03T18:25:47+00:00,,,,2026-10-03 16:58:04 UTC,https://bazaar.abuse.ch/export/txt/sha256/recent/,Zərərli fayl hash-i (SHA256)
sha256,45b1d0022a8c59211cc2675b1a40d7109f8c728d3d806f9ed9f278f8efa6859b,70,high,MalwareBazaar,1,10,2026-10-01T21:30:30+00:00,2026-10-03T18:25:47+00:00,,,,2026-10-03 16:58:04 UTC,https://bazaar.abuse.ch/export/txt/sha256/recent/,Zərərli fayl hash-i (SHA256)
sha256,b187acf97f1b6920f2831caff4e4f3ede02cfeec6d67751788b48258d92dd6a6,70,high,MalwareBazaar,1,10,2026-10-01T21:30:30+00:00,2026-10-03T18:25:47+00:00,,,,2026-10-03 16:58:04 UTC,https://bazaar.abuse.ch/export/txt/sha256/recent/,Zərərli fayl hash-i (SHA256)
sha256,9ed373c6ca5485a21fe6c7a43acf56b307d37ecb89cbf9cb0775a417c77faa00,70,high,MalwareBazaar,1,10,2026-10-01T21:30:30+00:00,2026-10-03T18:25:47+00:00,,,,2026-10-03 16:58:04 UTC,https://bazaar.abuse.ch/export/txt/sha256/recent/,Zərərli fayl hash-i (SHA256)
sha256,fc56266cac997058e94f1906db969df58a74220226a2e0fd6693fba84164cdcf,70,high,MalwareBazaar,1,10,2026-10-01T21:30:30+00:00,2026-10-03T18:25:47+00:00,,,,2026-10-03 16:58:04 UTC,https://bazaar.abuse.ch/export/txt/sha256/recent/,Zərərli fayl hash-i (SHA256)
sha256,b0a64c85199fbaeec1a4d40c193d1db879472b38ee683972443ab56b38e0c592,70,high,MalwareBazaar,1,10,2026-10-01T21:30:30+00:00,2026-10-03T18:25:47+00:00,,,,2026-10-03 16:58:04 UTC,https://bazaar.abuse.ch/export/txt/sha256/recent/,Zərərli fayl hash-i (SHA256)
sha256,97bb299887f0dbf9a9650ab7d31e96b53ea2606bd31f612fce72b353b69ca366,70,high,MalwareBazaar,1,10,2026-10-01T21:30:30+00:00,2026-10-03T18:25:47+00:00,,,,2026-10-03 16:58:04 UTC,https://bazaar.abuse.ch/export/txt/sha256/recent/,Zərərli fayl hash-i (SHA256)
sha256,fc2022e5db9334c8419a75f2ee6d77fe57c823688ff266aeaa712cfe0dfe3a15,70,high,MalwareBazaar,1,10,2026-10-01T21:30:30+00:00,2026-10-03T18:25:47+00:00,,,,2026-10-03 16:58:04 UTC,https://bazaar.abuse.ch/export/txt/sha256/recent/,Zərərli fayl hash-i (SHA256)
sha256,587df9e15e14a2deda6b2e718c49ca227edbf779b26d563ae0800b7c1c1803b2,70,high,MalwareBazaar,1,10,2026-10-01T21:30:30+00:00,2026-10-03T18:25:47+00:00,,,,2026-10-03 16:58:04 UTC,https://bazaar.abuse.ch/export/txt/sha256/recent/,Zərərli fayl hash-i (SHA256)
sha256,9ac9faf0bb142ae7c9f4dd12437544209d54b5198457e7d2b3fc213ed3035d6d,70,high,MalwareBazaar,1,10,2026-10-01T21:30:30+00:00,2026-10-03T18:25:47+00:00,,,,2026-10-03 16:58:04 UTC,https://bazaar.abuse.ch/export/txt/sha256/recent/,Zərərli fayl hash-i (SHA256)
sha256,e0f6f3de0f1122c31b2e443bb6e855ffeda844dec04d4dcfc6aa9922b74a185d,70,high,MalwareBazaar,1,10,2026-10-01T21:30:30+00:00,2026-10-03T18:25:47+00:00,,,,2026-10-03 16:58:04 UTC,https://bazaar.abuse.ch/export/txt/sha256/recent/,Zərərli fayl hash-i (SHA256)
sha256,60722200233e01971fb36a1737929fa6c6a36e4bb9cc8378d8071c484d579813,70,high,MalwareBazaar,1,10,2026-10-01T21:30:30+00:00,2026-10-03T18:25:47+00:00,,,,2026-10-03 16:58:04 UTC,https://bazaar.abuse.ch/export/txt/sha256/recent/,Zərərli fayl hash-i (SHA256)
sha256,fc6f8ae5f64e4f17481f7e3be29a1c56949f216a998414188003eae1db20c9e5,70,high,MalwareBazaar,1,10,2026-10-01T21:30:30+00:00,2026-10-03T18:25:47+00:00,,,,2026-10-03 16:58:04 UTC,https://bazaar.abuse.ch/export/txt/sha256/recent/,Zərərli fayl hash-i (SHA256)
sha256,341a2560f421a0727296cc6749d28be34f1c9c4a5f08d50b58a5c68a7e617581,70,high,MalwareBazaar,1,10,2026-10-01T21:30:30+00:00,2026-10-03T18:25:47+00:00,,,,2026-10-03 16:58:04 UTC,https://bazaar.abuse.ch/export/txt/sha256/recent/,Zərərli fayl hash-i (SHA256)
sha256,61895b7c833c2edfe8040ff20a8c76844438e4f74a24eff07c5d94594c512b0d,70,high,MalwareBazaar,1,10,2026-10-01T21:30:30+00:00,2026-10-03T18:25:47+00:00,,,,2026-10-03 16:58:04 UTC,https://bazaar.abuse.ch/export/txt/sha256/recent/,Zərərli fayl hash-i (SHA256)
sha256,95e48e44fd85947d450922f66cc18d478d38cefa24587c67157d3ee0409e275f,70,high,MalwareBazaar,1,10,2026-10-01T21:30:30+00:00,2026-10-03T18:25:47+00:00,,,,2026-10-03 16:58:04 UTC,https://bazaar.abuse.ch/export/txt/sha256/recent/,Zərərli fayl hash-i (SHA256)
sha256,54cdd3ee0b3ab90720a0de7cadff5b969ceada77dd901e5698a3c5bae3c6c241,70,high,MalwareBazaar,1,10,2026-10-01T21:30:30+00:00,2026-10-03T18:25:47+00:00,,,,2026-10-03 16:58:04 UTC,https://bazaar.abuse.ch/export/txt/sha256/recent/,Zərərli fayl hash-i (SHA256)
sha256,55645a7b39263520fca22b3ccd8030ba166eddd7a97b36762e6e100b228d359e,70,high,MalwareBazaar,1,10,2026-10-01T21:30:30+00:00,2026-10-03T18:25:47+00:00,,,,2026-10-03 16:58:04 UTC,https://bazaar.abuse.ch/export/txt/sha256/recent/,Zərərli fayl hash-i (SHA256)
sha256,fe496bcc08d6c421c6244c8a60ac7b538560bda138000fd1a54ab8ebce031209,70,high,MalwareBazaar,1,10,2026-10-01T21:30:30+00:00,2026-10-03T18:25:47+00:00,,,,2026-10-03 16:58:04 UTC,https://bazaar.abuse.ch/export/txt/sha256/recent/,Zərərli fayl hash-i (SHA256)
sha256,1a361e5411962550e05ae8d32e0f39ac0b3c1e6932ff95c6fdb6502d92ad9db1,70,high,MalwareBazaar,1,10,2026-10-01T21:30:30+00:00,2026-10-03T18:25:47+00:00,,,,2026-10-03 16:58:04 UTC,https://bazaar.abuse.ch/export/txt/sha256/recent/,Zərərli fayl hash-i (SHA256)
sha256,83bd7e2f344daaf2305b62e11b9c8c1bd76186a444a13182bb9c7d892e8ca10c,70,high,MalwareBazaar,1,10,2026-10-01T21:30:30+00:00,2026-10-03T18:25:47+00:00,,,,2026-10-03 16:58:04 UTC,https://bazaar.abuse.ch/export/txt/sha256/recent/,Zərərli fayl hash-i (SHA256)
sha256,5c1830a0377270e0dd6b59c9741c8fbae9df6624d1fca1bff7b0b1f1858d1cd4,70,high,MalwareBazaar,1,10,2026-10-01T21:30:30+00:00,2026-10-03T18:25:47+00:00,,,,2026-10-03 16:58:04 UTC,https://bazaar.abuse.ch/export/txt/sha256/recent/,Zərərli fayl hash-i (SHA256)
sha256,dcb2cfd87af6581fe54e37daf742a7828834cf4ca90b37c73dee4f2171dff97a,70,high,MalwareBazaar,1,10,2026-10-01T21:30:30+00:00,2026-10-03T18:25:47+00:00,,,,2026-10-03 16:58:04 UTC,https://bazaar.abuse.ch/export/txt/sha256/recent/,Zərərli fayl hash-i (SHA256)
sha256,008a6eb91d76e0bd98fd0e085a319d6fa6a8898f0bae98540b0224f0986bd083,70,high,MalwareBazaar,1,10,2026-10-01T21:30:30+00:00,2026-10-03T18:25:47+00:00,,,,2026-10-03 16:58:04 UTC,https://bazaar.abuse.ch/export/txt/sha256/recent/,Zərərli fayl hash-i (SHA256)
sha256,7353d8c8cbfa5381e556c58370e0f3e6bc0e87f80c0d68578a014f9c34ef681f,70,high,MalwareBazaar,1,10,2026-10-01T21:30:30+00:00,2026-10-03T18:25:47+00:00,,,,2026-10-03 16:58:04 UTC,https://bazaar.abuse.ch/export/txt/sha256/recent/,Zərərli fayl hash-i (SHA256)
sha256,f953a20217b6c387cf5a6f2f6445d4a299a1aa42888ab2b6af14aa0aa789418f,70,high,MalwareBazaar,1,10,2026-10-01T21:30:30+00:00,2026-10-03T18:25:47+00:00,,,,2026-10-03 16:58:04 UTC,https://bazaar.abuse.ch/export/txt/sha256/recent/,Zərərli fayl hash-i (SHA256)
sha256,b25c9e7e793a86965779a71a8e8f81a2d43f40db54b7c252768faff306071fd6,70,high,MalwareBazaar,1,10,2026-10-01T21:30:30+00:00,2026-10-03T18:25:47+00:00,,,,2026-10-03 16:58:04 UTC,https://bazaar.abuse.ch/export/txt/sha256/recent/,Zərərli fayl hash-i (SHA256)
sha256,9dbeb21f4052803456605326333dd5512f604fdb88a6eb85d0a1e675d094df58,70,high,MalwareBazaar,1,10,2026-10-01T21:30:30+00:00,2026-10-03T18:25:47+00:00,,,,2026-10-03 16:58:04 UTC,https://bazaar.abuse.ch/export/txt/sha256/recent/,Zərərli fayl hash-i (SHA256)
sha256,64255c6bf4082fcb0274dbe40f47edbf909ab53dd1b776bdebb37b4ead4f9c72,70,high,MalwareBazaar,1,10,2026-10-01T21:30:30+00:00,2026-10-03T18:25:47+00:00,,,,2026-10-03 16:58:04 UTC,https://bazaar.abuse.ch/export/txt/sha256/recent/,Zərərli fayl hash-i (SHA256)
sha256,9242e4b83ceaa04554e9be90a453c1a12efd8062af6f6d626b3cf3b1218b2541,70,high,MalwareBazaar,1,10,2026-10-01T21:30:30+00:00,2026-10-03T18:25:47+00:00,,,,2026-10-03 16:58:04 UTC,https://bazaar.abuse.ch/export/txt/sha256/recent/,Zərərli fayl hash-i (SHA256)
sha256,eaece245a205c1275bf2b5a9b9f38238e564834ebc516c19e1fb70fab7b880e6,70,high,MalwareBazaar,1,10,2026-10-01T21:30:30+00:00,2026-10-03T18:25:47+00:00,,,,2026-10-03 16:58:04 UTC,https://bazaar.abuse.ch/export/txt/sha256/recent/,Zərərli fayl hash-i (SHA256)
sha256,ffc7e3dee17509e0fd365c59664ffe4aee5be2c1b6d65a70ce8515ad1f5c58e8,70,high,MalwareBazaar,1,10,2026-10-01T21:30:30+00:00,2026-10-03T18:25:47+00:00,,,,2026-10-03 16:58:04 UTC,https://bazaar.abuse.ch/export/txt/sha256/recent/,Zərərli fayl hash-i (SHA256)
sha256,eb3585efac760b697889190088cc8ae37f7833d2e62263b69d53606281844925,70,high,MalwareBazaar,1,10,2026-10-01T21:30:30+00:00,2026-10-03T18:25:47+00:00,,,,2026-10-03 16:58:04 UTC,https://bazaar.abuse.ch/export/txt/sha256/recent/,Zərərli fayl hash-i (SHA256)
sha256,47fa97e2a70af9612d5c0a024ba4cce2163aacad465e8fc4bf6abe1bd98bbb88,70,high,MalwareBazaar,1,10,2026-10-01T21:30:30+00:00,2026-10-03T18:25:47+00:00,,,,2026-10-03 16:58:04 UTC,https://bazaar.abuse.ch/export/txt/sha256/recent/,Zərərli fayl hash-i (SHA256)
sha256,b9d41f8aace627c5590a0fd0ddeac4afdaf6efc2a7e4d4c294595a779ba57820,70,high,MalwareBazaar,1,10,2026-10-01T21:30:30+00:00,2026-10-03T18:25:47+00:00,,,,2026-10-03 16:58:04 UTC,https://bazaar.abuse.ch/export/txt/sha256/recent/,Zərərli fayl hash-i (SHA256)
sha256,f0b55c610b42dfe509e5f4adb17e2505c13e732a903cec6bfecff19d11a088b8,70,high,MalwareBazaar,1,10,2026-10-01T21:30:30+00:00,2026-10-03T18:25:47+00:00,,,,2026-10-03 16:58:04 UTC,https://bazaar.abuse.ch/export/txt/sha256/recent/,Zərərli fayl hash-i (SHA256)
sha256,0a0bb00159b1e32ee075cc3bf08e9176a5f2c83dec1f0ce151662e2b2f0c478d,70,high,MalwareBazaar,1,10,2026-10-01T21:30:30+00:00,2026-10-03T18:25:47+00:00,,,,2026-10-03 16:58:04 UTC,https://bazaar.abuse.ch/export/txt/sha256/recent/,Zərərli fayl hash-i (SHA256)
sha256,3bb7b98e2292206ef5513e1a0fa4cc3d6f472fbe35c23f1d9800e157a6c6b1d7,70,high,MalwareBazaar,1,10,2026-10-01T21:30:30+00:00,2026-10-03T18:25:47+00:00,,,,2026-10-03 16:58:04 UTC,https://bazaar.abuse.ch/export/txt/sha256/recent/,Zərərli fayl hash-i (SHA256)
sha256,5cdae59b266a4b2c3366a249470005a1f44ab6fc6ffd3a9be3530a82a409a0f1,70,high,MalwareBazaar,1,10,2026-10-01T21:30:30+00:00,2026-10-03T18:25:47+00:00,,,,2026-10-03 16:58:04 UTC,https://bazaar.abuse.ch/export/txt/sha256/recent/,Zərərli fayl hash-i (SHA256)
sha256,191670d32a26e68896d43230216283acb765725ee6526f86264d36a445f8444b,70,high,MalwareBazaar,1,10,2026-10-01T21:30:30+00:00,2026-10-03T18:25:47+00:00,,,,2026-10-03 16:58:04 UTC,https://bazaar.abuse.ch/export/txt/sha256/recent/,Zərərli fayl hash-i (SHA256)
sha256,5758166e02bc573e6bd8f0e9c65a50734b2063dcd8a2927167c65d9f21b44e74,70,high,MalwareBazaar,1,10,2026-10-01T21:30:30+00:00,2026-10-03T18:25:47+00:00,,,,2026-10-03 16:58:04 UTC,https://bazaar.abuse.ch/export/txt/sha256/recent/,Zərərli fayl hash-i (SHA256)
sha256,c44880554fedc7e1584bcf5c84b3c024c718d296631a770822440d241bb32a54,70,high,MalwareBazaar,1,10,2026-10-01T21:30:30+00:00,2026-10-03T18:25:47+00:00,,,,2026-10-03 16:58:04 UTC,https://bazaar.abuse.ch/export/txt/sha256/recent/,Zərərli fayl hash-i (SHA256)
sha256,32554aa1b94395d716728656783e6782dd928685ce8d7d280806f1e061df236a,70,high,MalwareBazaar,1,10,2026-10-01T21:30:30+00:00,2026-10-03T18:25:47+00:00,,,,2026-10-03 16:58:04 UTC,https://bazaar.abuse.ch/export/txt/sha256/recent/,Zərərli fayl hash-i (SHA256)
sha256,6f3d8011f20ce40cc024234e1c6b0afeb4d3f9c156c081cdb1e3ab01f02e2253,70,high,MalwareBazaar,1,10,2026-10-01T21:30:30+00:00,2026-10-03T18:25:47+00:00,,,,2026-10-03 16:58:04 UTC,https://bazaar.abuse.ch/export/txt/sha256/recent/,Zərərli fayl hash-i (SHA256)
sha256,967369b1ca946439bc3bc7b2017e2299e7837cfaf7a29979f9b548b35caf84e0,70,high,MalwareBazaar,1,10,2026-10-01T21:30:30+00:00,2026-10-03T18:25:47+00:00,,,,2026-10-03 16:58:04 UTC,https://bazaar.abuse.ch/export/txt/sha256/recent/,Zərərli fayl hash-i (SHA256)
sha256,c1822eb293a6b0bbf54eca6409a10ce616b9b77c9a8c1dc7a5eb0f29d85d10c7,70,high,MalwareBazaar,1,10,2026-10-01T21:30:30+00:00,2026-10-03T18:25:47+00:00,,,,2026-10-03 16:58:04 UTC,https://bazaar.abuse.ch/export/txt/sha256/recent/,Zərərli fayl hash-i (SHA256)
sha256,8d6b0855ff8c45f326b97331eb7f576cc52ff2a769660230a916bae887d10413,70,high,MalwareBazaar,1,10,2026-10-01T21:30:30+00:00,2026-10-03T18:25:47+00:00,,,,2026-10-03 16:58:04 UTC,https://bazaar.abuse.ch/export/txt/sha256/recent/,Zərərli fayl hash-i (SHA256)
sha256,4583b6aa0277cc280f8d3271630f0192a513db727c02b9ac284826cbe16a5643,70,high,MalwareBazaar,1,10,2026-10-01T21:30:30+00:00,2026-10-03T18:25:47+00:00,,,,2026-10-03 16:58:04 UTC,https://bazaar.abuse.ch/export/txt/sha256/recent/,Zərərli fayl hash-i (SHA256)
sha256,ddb6373001735b759216f2481fe85d57eb016ab32797bbe5bdc21362ce13b973,70,high,MalwareBazaar,1,10,2026-10-01T21:30:30+00:00,2026-10-03T18:25:47+00:00,,,,2026-10-03 16:58:04 UTC,https://bazaar.abuse.ch/export/txt/sha256/recent/,Zərərli fayl hash-i (SHA256)
sha256,1d1a37281626ad94aad571a4828b0b0994bfc4b7da2d14f121e0ef565c3afb62,70,high,MalwareBazaar,1,10,2026-10-01T21:30:30+00:00,2026-10-03T18:25:47+00:00,,,,2026-10-03 16:58:04 UTC,https://bazaar.abuse.ch/export/txt/sha256/recent/,Zərərli fayl hash-i (SHA256)
sha256,7210a8a8a01c36d0e5ab7fb1f474c8a4832379eb51c2a5139e47671f3299da5b,70,high,MalwareBazaar,1,10,2026-10-01T21:30:30+00:00,2026-10-03T18:25:47+00:00,,,,2026-10-03 16:58:04 UTC,https://bazaar.abuse.ch/export/txt/sha256/recent/,Zərərli fayl hash-i (SHA256)
sha256,994b3611a5bfa2608e86f905efabb8ca68314d077da9c40849122770fdd97687,70,high,MalwareBazaar,1,10,2026-10-01T21:30:30+00:00,2026-10-03T18:25:47+00:00,,,,2026-10-03 16:58:04 UTC,https://bazaar.abuse.ch/export/txt/sha256/recent/,Zərərli fayl hash-i (SHA256)
sha256,24ebacb015c19d6f4b40cda0a72eebdc4a7ef2390d81c3f7e2684230208e2c6d,70,high,MalwareBazaar,1,10,2026-10-01T21:30:30+00:00,2026-10-03T18:25:47+00:00,,,,2026-10-03 16:58:04 UTC,https://bazaar.abuse.ch/export/txt/sha256/recent/,Zərərli fayl hash-i (SHA256)
sha256,ee6e8977d1a6bcef6ce48592396ebec7e1acf7c7217ebe8649b940e5a6703d84,70,high,MalwareBazaar,1,10,2026-10-01T21:30:30+00:00,2026-10-03T18:25:47+00:00,,,,2026-10-03 16:58:04 UTC,https://bazaar.abuse.ch/export/txt/sha256/recent/,Zərərli fayl hash-i (SHA256)
sha256,daf07d39c22da57ad3d9a2917cd24f2daa89dc6504b9bd94db16f848c1d5ceec,70,high,MalwareBazaar,1,10,2026-10-01T21:30:30+00:00,2026-10-03T18:25:47+00:00,,,,2026-10-03 16:58:04 UTC,https://bazaar.abuse.ch/export/txt/sha256/recent/,Zərərli fayl hash-i (SHA256)
sha256,49412b0064a7bb0a5ce6678e63f6fe2d1dc95d6e07e580aa78ef0d93dd060154,70,high,MalwareBazaar,1,10,2026-10-01T21:30:30+00:00,2026-10-03T18:25:47+00:00,,,,2026-10-03 16:58:04 UTC,https://bazaar.abuse.ch/export/txt/sha256/recent/,Zərərli fayl hash-i (SHA256)
sha256,382b4e944f94ec8ebcb8976044b399b3cf45192593e1e5af0a97cc689f1f0f11,70,high,MalwareBazaar,1,10,2026-10-01T21:30:30+00:00,2026-10-03T18:25:47+00:00,,,,2026-10-03 16:58:04 UTC,https://bazaar.abuse.ch/export/txt/sha256/recent/,Zərərli fayl hash-i (SHA256)
sha256,2358e098f4caf97e249c50268dd6cc35a547047b201dda3b54e4bfeb185c1a45,70,high,MalwareBazaar,1,10,2026-10-01T21:30:30+00:00,2026-10-03T18:25:47+00:00,,,,2026-10-03 16:58:04 UTC,https://bazaar.abuse.ch/export/txt/sha256/recent/,Zərərli fayl hash-i (SHA256)
sha256,d503855e73d729b687c9f3a18d686ecc40488a3f6d91a67e2d0b377b4554783c,70,high,MalwareBazaar,1,10,2026-10-01T21:30:30+00:00,2026-10-03T18:25:47+00:00,,,,2026-10-03 16:58:04 UTC,https://bazaar.abuse.ch/export/txt/sha256/recent/,Zərərli fayl hash-i (SHA256)
sha256,56422da03ac5287277b8f0589f89c8a2aeaf80f0fbd6c2b8d01f3d865da2b029,70,high,MalwareBazaar,1,10,2026-10-01T21:30:30+00:00,2026-10-03T18:25:47+00:00,,,,2026-10-03 16:58:04 UTC,https://bazaar.abuse.ch/export/txt/sha256/recent/,Zərərli fayl hash-i (SHA256)
sha256,152199ad31615934d73c235feb0722e8985767184d11cb8f2765bd17b1c997f0,70,high,MalwareBazaar,1,10,2026-10-01T21:30:30+00:00,2026-10-03T18:25:47+00:00,,,,2026-10-03 16:58:04 UTC,https://bazaar.abuse.ch/export/txt/sha256/recent/,Zərərli fayl hash-i (SHA256)
sha256,0ce4a04ea6dd1690f98dc65816d5f9bc1f8ba285480629506387e1ff5752fe63,70,high,MalwareBazaar,1,10,2026-10-01T21:30:30+00:00,2026-10-03T18:25:47+00:00,,,,2026-10-03 16:58:04 UTC,https://bazaar.abuse.ch/export/txt/sha256/recent/,Zərərli fayl hash-i (SHA256)
sha256,a00980fce9994bf0a135f125bff794558f7e1a0e05153ff0354c9760be96166b,70,high,MalwareBazaar,1,10,2026-10-01T21:30:30+00:00,2026-10-03T18:25:47+00:00,,,,2026-10-03 16:58:04 UTC,https://bazaar.abuse.ch/export/txt/sha256/recent/,Zərərli fayl hash-i (SHA256)
sha256,dda59dbef0743a6b662b129b2679d24eb759bce9526ef011648c367834dff02c,70,high,MalwareBazaar,1,10,2026-10-01T21:30:30+00:00,2026-10-03T18:25:47+00:00,,,,2026-10-03 16:58:04 UTC,https://bazaar.abuse.ch/export/txt/sha256/recent/,Zərərli fayl hash-i (SHA256)
sha256,70d911746eed11854ee20db2103a7fd453a7ec5e3124163b2e32eb03d3165b76,70,high,MalwareBazaar,1,10,2026-10-01T21:30:30+00:00,2026-10-03T18:25:47+00:00,,,,2026-10-03 16:58:04 UTC,https://bazaar.abuse.ch/export/txt/sha256/recent/,Zərərli fayl hash-i (SHA256)
sha256,bb1bc7eedfe14f28b52d881598af1f67be3278c9b66d902143a2ee9052bf1696,70,high,MalwareBazaar,1,10,2026-10-01T21:30:30+00:00,2026-10-03T18:25:47+00:00,,,,2026-10-03 16:58:04 UTC,https://bazaar.abuse.ch/export/txt/sha256/recent/,Zərərli fayl hash-i (SHA256)
sha256,06c66dbb62ded88c02e48ccc835643942a1d6c21f6a7a3baae3ac294587d11f3,70,high,MalwareBazaar,1,10,2026-10-01T21:30:30+00:00,2026-10-03T18:25:47+00:00,,,,2026-10-03 16:58:04 UTC,https://bazaar.abuse.ch/export/txt/sha256/recent/,Zərərli fayl hash-i (SHA256)
sha256,6feed83eb75bcaa23f9c20d34e4e77b282f56a4b7d0d136f7e698c7061aa13fc,70,high,MalwareBazaar,1,10,2026-10-01T21:30:30+00:00,2026-10-03T18:25:47+00:00,,,,2026-10-03 16:58:04 UTC,https://bazaar.abuse.ch/export/txt/sha256/recent/,Zərərli fayl hash-i (SHA256)
sha256,19fe084fe8612b63a7bbb235e95d760b87efcb3ef0ca10b024771189a9c3f838,70,high,MalwareBazaar,1,10,2026-10-01T21:30:30+00:00,2026-10-03T18:25:47+00:00,,,,2026-10-03 16:58:04 UTC,https://bazaar.abuse.ch/export/txt/sha256/recent/,Zərərli fayl hash-i (SHA256)
sha256,bcbabee312b338e5984ef4e2fc59fede59d0c2858a7d571962791be8126bc654,70,high,MalwareBazaar,1,10,2026-10-01T21:30:30+00:00,2026-10-03T18:25:47+00:00,,,,2026-10-03 16:58:04 UTC,https://bazaar.abuse.ch/export/txt/sha256/recent/,Zərərli fayl hash-i (SHA256)
sha256,3917fa4459a59dddd4998e63214397be0e13787f84f4fcf8fe0c604b0559dd91,70,high,MalwareBazaar,1,10,2026-10-01T21:30:30+00:00,2026-10-03T18:25:47+00:00,,,,2026-10-03 16:58:04 UTC,https://bazaar.abuse.ch/export/txt/sha256/recent/,Zərərli fayl hash-i (SHA256)
sha256,ae29df1cface220eddf3148bcb41df71960fd598811caebb3feb5db17de94b40,70,high,MalwareBazaar,1,10,2026-10-01T21:30:30+00:00,2026-10-03T18:25:47+00:00,,,,2026-10-03 16:58:04 UTC,https://bazaar.abuse.ch/export/txt/sha256/recent/,Zərərli fayl hash-i (SHA256)
sha256,16383c822aa1edaa94f6378c1ff97485401361c16232500f92c847a3626d5159,70,high,MalwareBazaar,1,10,2026-10-01T21:30:30+00:00,2026-10-03T18:25:47+00:00,,,,2026-10-03 16:58:04 UTC,https://bazaar.abuse.ch/export/txt/sha256/recent/,Zərərli fayl hash-i (SHA256)
sha256,5b5a890f973b9f57081b2932a07bac578fe9f336432c9486cbaeeefce39205e5,70,high,MalwareBazaar,1,10,2026-10-01T21:30:30+00:00,2026-10-03T18:25:47+00:00,,,,2026-10-03 16:58:04 UTC,https://bazaar.abuse.ch/export/txt/sha256/recent/,Zərərli fayl hash-i (SHA256)
sha256,91c1e0ba716348f131b49df49d51aca36507f336ba9a136083e041be8220173e,70,high,MalwareBazaar,1,10,2026-10-01T21:30:30+00:00,2026-10-03T18:25:47+00:00,,,,2026-10-03 16:58:04 UTC,https://bazaar.abuse.ch/export/txt/sha256/recent/,Zərərli fayl hash-i (SHA256)
sha256,5bbefa192f703bf2058da8cc43f6823d43b099ab76b322ac31848178db00144b,70,high,MalwareBazaar,1,10,2026-10-01T21:30:30+00:00,2026-10-03T18:25:47+00:00,,,,2026-10-03 16:58:04 UTC,https://bazaar.abuse.ch/export/txt/sha256/recent/,Zərərli fayl hash-i (SHA256)
sha256,5ae3049eedccd99a4d3f4eb1a370eb29d766b10c38449b2381e598aeee3ffb86,70,high,MalwareBazaar,1,10,2026-10-01T21:30:30+00:00,2026-10-03T18:25:47+00:00,,,,2026-10-03 16:58:04 UTC,https://bazaar.abuse.ch/export/txt/sha256/recent/,Zərərli fayl hash-i (SHA256)
sha256,2f12930f0d69a16b854f4f094ee2f10d1abc007d17dfdb3a7dcce38947309664,70,high,MalwareBazaar,1,10,2026-10-01T21:30:30+00:00,2026-10-03T18:25:47+00:00,,,,2026-10-03 16:58:04 UTC,https://bazaar.abuse.ch/export/txt/sha256/recent/,Zərərli fayl hash-i (SHA256)
sha256,7a5fb9a0c25f14c6c31f269b4d7e360658703f8571be896c107bab12120d22bb,70,high,MalwareBazaar,1,10,2026-10-01T21:30:30+00:00,2026-10-03T18:25:47+00:00,,,,2026-10-03 16:58:04 UTC,https://bazaar.abuse.ch/export/txt/sha256/recent/,Zərərli fayl hash-i (SHA256)
sha256,8c94903770b7b743229344a95f50355d0e7531fb45eaa7b275e442c5e7751a5a,70,high,MalwareBazaar,1,10,2026-10-01T21:30:30+00:00,2026-10-03T18:25:47+00:00,,,,2026-10-03 16:58:04 UTC,https://bazaar.abuse.ch/export/txt/sha256/recent/,Zərərli fayl hash-i (SHA256)
sha256,83b36b3a80677d6ef4a165cbbc808b4889c76d194f976eab37a8dfe5c8eabae1,70,high,MalwareBazaar,1,10,2026-10-01T21:30:30+00:00,2026-10-03T18:25:47+00:00,,,,2026-10-03 16:58:04 UTC,https://bazaar.abuse.ch/export/txt/sha256/recent/,Zərərli fayl hash-i (SHA256)
sha256,613b6569bd8a4cd75ab11ee9682dd690fabfb11d5c1103caf2ba086e006da034,70,high,MalwareBazaar,1,9,2026-10-01T21:30:30+00:00,2026-10-03T14:03:45+00:00,,,,2026-10-03 13:59:53 UTC,https://bazaar.abuse.ch/export/txt/sha256/recent/,Zərərli fayl hash-i (SHA256)
sha256,c27ca16248e04f6535ae3e6d1670d740b3884f0fa64935ddfd39faf712f4175d,70,high,MalwareBazaar,1,9,2026-10-01T21:30:30+00:00,2026-10-03T14:03:45+00:00,,,,2026-10-03 13:59:53 UTC,https://bazaar.abuse.ch/export/txt/sha256/recent/,Zərərli fayl hash-i (SHA256)
sha256,f1060a81c9f68d6f3d23e28f2a1af50fa18ecb9b0a763ca5dcd4b294b6a3593c,70,high,MalwareBazaar,1,9,2026-10-01T21:30:30+00:00,2026-10-03T14:03:45+00:00,,,,2026-10-03 13:59:53 UTC,https://bazaar.abuse.ch/export/txt/sha256/recent/,Zərərli fayl hash-i (SHA256)
sha256,4008c8f9e52d3e6fd7df4a980a9a78f46f2412ba2fda10a38aa92d338767c54c,70,high,MalwareBazaar,1,9,2026-10-01T21:30:30+00:00,2026-10-03T14:03:45+00:00,,,,2026-10-03 13:59:53 UTC,https://bazaar.abuse.ch/export/txt/sha256/recent/,Zərərli fayl hash-i (SHA256)
sha256,5d8df4c2d08cff5f1c0de8eab56e47ae543bd5c6d2ef04573f61ebb9fbc65716,70,high,MalwareBazaar,1,9,2026-10-01T21:30:30+00:00,2026-10-03T14:03:45+00:00,,,,2026-10-03 13:59:53 UTC,https://bazaar.abuse.ch/export/txt/sha256/recent/,Zərərli fayl hash-i (SHA256)
sha256,18d256b404480a0f9320496069dd2eedb6c75dfaa789e9ec7a1818dc76c3b7da,70,high,MalwareBazaar,1,9,2026-10-01T21:30:30+00:00,2026-10-03T14:03:45+00:00,,,,2026-10-03 13:59:53 UTC,https://bazaar.abuse.ch/export/txt/sha256/recent/,Zərərli fayl hash-i (SHA256)
sha256,354db5b237b7f06e8ec3b10831795f04e6fc3dc7baac6a94b64cd2caf10a3fc8,70,high,MalwareBazaar,1,9,2026-10-01T21:30:30+00:00,2026-10-03T14:03:45+00:00,,,,2026-10-03 13:59:53 UTC,https://bazaar.abuse.ch/export/txt/sha256/recent/,Zərərli fayl hash-i (SHA256)
sha256,feb320f6cc468dc3fe7aaccc1300d4fb9523c3c012365bee8e4288a61f01413c,70,high,MalwareBazaar,1,9,2026-10-01T21:30:30+00:00,2026-10-03T14:03:45+00:00,,,,2026-10-03 13:59:53 UTC,https://bazaar.abuse.ch/export/txt/sha256/recent/,Zərərli fayl hash-i (SHA256)
sha256,7a174f653381d7c791070a68d87249f1bad916d201664b31b440297230c6b726,70,high,MalwareBazaar,1,9,2026-10-01T21:30:30+00:00,2026-10-03T14:03:45+00:00,,,,2026-10-03 13:59:53 UTC,https://bazaar.abuse.ch/export/txt/sha256/recent/,Zərərli fayl hash-i (SHA256)
sha256,8350c8c4bbc382c9899f18095fa9abf0f12f1779ac567e6c90b9fd0618c3c053,70,high,MalwareBazaar,1,9,2026-10-01T21:30:30+00:00,2026-10-03T14:03:45+00:00,,,,2026-10-03 13:59:53 UTC,https://bazaar.abuse.ch/export/txt/sha256/recent/,Zərərli fayl hash-i (SHA256)
sha256,a07b557508d65a9d1ed80a9e7ccaee408aa93a26867efcb88055530c8986883e,70,high,MalwareBazaar,1,9,2026-10-01T21:30:30+00:00,2026-10-03T14:03:45+00:00,,,,2026-10-03 13:59:53 UTC,https://bazaar.abuse.ch/export/txt/sha256/recent/,Zərərli fayl hash-i (SHA256)
sha256,3f88110230cd1c2bc47ff4db0f8f88c8bcd1916c31d3bf5c6f1a9ac3a924b713,70,high,MalwareBazaar,1,9,2026-10-01T21:30:30+00:00,2026-10-03T14:03:45+00:00,,,,2026-10-03 13:59:53 UTC,https://bazaar.abuse.ch/export/txt/sha256/recent/,Zərərli fayl hash-i (SHA256)
sha256,c1710864049f29043891f8fe3c645e92b2d544a975ec89609b986db6ceec550e,70,high,MalwareBazaar,1,9,2026-10-01T21:30:30+00:00,2026-10-03T14:03:45+00:00,,,,2026-10-03 13:59:53 UTC,https://bazaar.abuse.ch/export/txt/sha256/recent/,Zərərli fayl hash-i (SHA256)
sha256,cdba0c78aaf8293ceb8455b146b2df98a8fd9d1f478d28cea36e9907072528f8,70,high,MalwareBazaar,1,9,2026-10-01T21:30:30+00:00,2026-10-03T14:03:45+00:00,,,,2026-10-03 13:59:53 UTC,https://bazaar.abuse.ch/export/txt/sha256/recent/,Zərərli fayl hash-i (SHA256)
sha256,f833aa58644826ccc3d1bf7f6d55f94779d78c32bde0faba85d7b049d1425f29,70,high,MalwareBazaar,1,9,2026-10-01T21:30:30+00:00,2026-10-03T14:03:45+00:00,,,,2026-10-03 13:59:53 UTC,https://bazaar.abuse.ch/export/txt/sha256/recent/,Zərərli fayl hash-i (SHA256)
sha256,c56f57a1ef5a3fb697a70f164396a459b0569f49133b30cb6ad79e68d13bb5fd,70,high,MalwareBazaar,1,9,2026-10-01T21:30:30+00:00,2026-10-03T14:03:45+00:00,,,,2026-10-03 13:59:53 UTC,https://bazaar.abuse.ch/export/txt/sha256/recent/,Zərərli fayl hash-i (SHA256)
sha256,cba8d79949adc3c56c02fee56644f4084b7471bc5aed1c81803054f017240a72,70,high,MalwareBazaar,1,9,2026-10-01T21:30:30+00:00,2026-10-03T14:03:45+00:00,,,,2026-10-03 13:59:53 UTC,https://bazaar.abuse.ch/export/txt/sha256/recent/,Zərərli fayl hash-i (SHA256)
sha256,aba6806c623c0624d573a164146cf6863bd2bd6f34a84d26be77d48f8c60eb97,70,high,MalwareBazaar,1,9,2026-10-01T21:30:30+00:00,2026-10-03T14:03:45+00:00,,,,2026-10-03 13:59:53 UTC,https://bazaar.abuse.ch/export/txt/sha256/recent/,Zərərli fayl hash-i (SHA256)
sha256,2876fd4c95181c6490ce8a6d416da734668a340959b6e932ada772d1c0e5c060,70,high,MalwareBazaar,1,9,2026-10-01T21:30:30+00:00,2026-10-03T14:03:45+00:00,,,,2026-10-03 13:59:53 UTC,https://bazaar.abuse.ch/export/txt/sha256/recent/,Zərərli fayl hash-i (SHA256)
sha256,6b9b2d689ad1a93566f6972e4d29dd9dc46dfdb33e304eae7327aca23a8ce3f2,70,high,MalwareBazaar,1,9,2026-10-01T21:30:30+00:00,2026-10-03T14:03:45+00:00,,,,2026-10-03 13:59:53 UTC,https://bazaar.abuse.ch/export/txt/sha256/recent/,Zərərli fayl hash-i (SHA256)
sha256,b8c4439ddcccb2400cd50e1ebb62d57b8a32b3b4570043d63869d1a8ed350afd,70,high,MalwareBazaar,1,9,2026-10-01T21:30:30+00:00,2026-10-03T14:03:45+00:00,,,,2026-10-03 13:59:53 UTC,https://bazaar.abuse.ch/export/txt/sha256/recent/,Zərərli fayl hash-i (SHA256)
sha256,cb64af23245fa7b9d9b9718ab456887d636b5fdfcf56a900a0e256f9faef5097,70,high,MalwareBazaar,1,9,2026-10-01T21:30:30+00:00,2026-10-03T14:03:45+00:00,,,,2026-10-03 13:59:53 UTC,https://bazaar.abuse.ch/export/txt/sha256/recent/,Zərərli fayl hash-i (SHA256)
sha256,f866fcae6a7bd70de5d52d1c798c566e8ba4ae4319f475ccd4f22f08741efdd5,70,high,MalwareBazaar,1,9,2026-10-01T21:30:30+00:00,2026-10-03T14:03:45+00:00,,,,2026-10-03 13:59:53 UTC,https://bazaar.abuse.ch/export/txt/sha256/recent/,Zərərli fayl hash-i (SHA256)
sha256,4b9e703299491e1ef17eb53dbb7a9949e02e081c319c6fa6c5e2b8ed84f28eae,70,high,MalwareBazaar,1,10,2026-10-01T16:47:10+00:00,2026-10-03T14:03:45+00:00,,,,2026-10-03 13:59:53 UTC,https://bazaar.abuse.ch/export/txt/sha256/recent/,Zərərli fayl hash-i (SHA256)
sha256,28c3620bf420d2fe4fd54ab0b34c06eea18f61da419be2d482b85c4cf30d7321,70,high,MalwareBazaar,1,10,2026-10-01T16:47:10+00:00,2026-10-03T14:03:45+00:00,,,,2026-10-03 13:59:53 UTC,https://bazaar.abuse.ch/export/txt/sha256/recent/,Zərərli fayl hash-i (SHA256)
sha256,668829100e2628ffd0a3e1ebc4822ae83efcb88515fed2235ecece159ac1f0c5,70,high,MalwareBazaar,1,10,2026-10-01T16:47:10+00:00,2026-10-03T14:03:45+00:00,,,,2026-10-03 13:59:53 UTC,https://bazaar.abuse.ch/export/txt/sha256/recent/,Zərərli fayl hash-i (SHA256)
sha256,101042692a9419f57d11784fa970dedbd7f13e13184da5de4949aaa6db6b5e2e,70,high,MalwareBazaar,1,10,2026-10-01T16:47:10+00:00,2026-10-03T14:03:45+00:00,,,,2026-10-03 13:59:53 UTC,https://bazaar.abuse.ch/export/txt/sha256/recent/,Zərərli fayl hash-i (SHA256)
sha256,6728e0fdae2657fac58199feaf48512ac01ca459cbcf37171dcfd6db1f3e12f1,70,high,MalwareBazaar,1,10,2026-10-01T16:47:10+00:00,2026-10-03T14:03:45+00:00,,,,2026-10-03 13:59:53 UTC,https://bazaar.abuse.ch/export/txt/sha256/recent/,Zərərli fayl hash-i (SHA256)
sha256,9d557c49c255eb2921c2ead32013a3c881c8dba0423d0afdb2374dd3f552ae23,70,high,MalwareBazaar,1,10,2026-10-01T16:47:10+00:00,2026-10-03T14:03:45+00:00,,,,2026-10-03 13:59:53 UTC,https://bazaar.abuse.ch/export/txt/sha256/recent/,Zərərli fayl hash-i (SHA256)
sha256,dd37e6e85f81dbd6041e56e581230a93720f648293b83c3d92ec81b5817c9368,70,high,MalwareBazaar,1,10,2026-10-01T16:47:10+00:00,2026-10-03T14:03:45+00:00,,,,2026-10-03 13:59:53 UTC,https://bazaar.abuse.ch/export/txt/sha256/recent/,Zərərli fayl hash-i (SHA256)
sha256,810fbc66c734fd7bbee4e0bd4b1a72b397e122d755f3da2a4438a0457289d80e,70,high,MalwareBazaar,1,10,2026-10-01T16:47:10+00:00,2026-10-03T14:03:45+00:00,,,,2026-10-03 13:59:53 UTC,https://bazaar.abuse.ch/export/txt/sha256/recent/,Zərərli fayl hash-i (SHA256)
sha256,11b4fa37de474127539d2dc77a833e35c3f55e90034060fef1da446ed67ce975,70,high,MalwareBazaar,1,10,2026-10-01T16:47:10+00:00,2026-10-03T14:03:45+00:00,,,,2026-10-03 13:59:53 UTC,https://bazaar.abuse.ch/export/txt/sha256/recent/,Zərərli fayl hash-i (SHA256)
sha256,4ca2311cf0a72fb4e825a82aabb912d8621ecf45aa8de85015af5d536fb9967b,70,high,MalwareBazaar,1,10,2026-10-01T16:47:10+00:00,2026-10-03T14:03:45+00:00,,,,2026-10-03 13:59:53 UTC,https://bazaar.abuse.ch/export/txt/sha256/recent/,Zərərli fayl hash-i (SHA256)
sha256,833b294ca77c57333640fbe57843c574baf386445c07afa3eafa7d9f37fc3111,70,high,MalwareBazaar,1,10,2026-10-01T16:47:10+00:00,2026-10-03T14:03:45+00:00,,,,2026-10-03 13:59:53 UTC,https://bazaar.abuse.ch/export/txt/sha256/recent/,Zərərli fayl hash-i (SHA256)
sha256,c5babad25bdca72d23541e909b9410cf5d7c9a3e23ba63f50ec6eedb3bc81378,70,high,MalwareBazaar,1,10,2026-10-01T16:47:10+00:00,2026-10-03T14:03:45+00:00,,,,2026-10-03 13:59:53 UTC,https://bazaar.abuse.ch/export/txt/sha256/recent/,Zərərli fayl hash-i (SHA256)
sha256,96c1f7b8ff8e7580ca0bac1e78602d4859a7e73acd0b213a3bd6efad49b9e0de,70,high,MalwareBazaar,1,10,2026-10-01T16:47:10+00:00,2026-10-03T14:03:45+00:00,,,,2026-10-03 13:59:53 UTC,https://bazaar.abuse.ch/export/txt/sha256/recent/,Zərərli fayl hash-i (SHA256)
sha256,b670a9573efd640325444a1f325b703afcfd3688077fc3b81411e315ee6a7295,70,high,MalwareBazaar,1,10,2026-10-01T16:47:10+00:00,2026-10-03T14:03:45+00:00,,,,2026-10-03 13:59:53 UTC,https://bazaar.abuse.ch/export/txt/sha256/recent/,Zərərli fayl hash-i (SHA256)
sha256,8cf034adb58d7204732848346f3a6151b5ef7ab79aa70371d2c1d487e20230c8,70,high,MalwareBazaar,1,10,2026-10-01T16:47:10+00:00,2026-10-03T14:03:45+00:00,,,,2026-10-03 13:59:53 UTC,https://bazaar.abuse.ch/export/txt/sha256/recent/,Zərərli fayl hash-i (SHA256)
sha256,f78289c80672154a81fd7484155b29d895115eb5e536c4ab0d9686be15e66402,70,high,MalwareBazaar,1,10,2026-10-01T16:47:10+00:00,2026-10-03T14:03:45+00:00,,,,2026-10-03 13:59:53 UTC,https://bazaar.abuse.ch/export/txt/sha256/recent/,Zərərli fayl hash-i (SHA256)
sha256,4ca825ddebecbaeaeb3674d4551ecfa0df654a14e7cf6a52214e39bb84bc1cf2,70,high,MalwareBazaar,1,10,2026-10-01T16:47:10+00:00,2026-10-03T14:03:45+00:00,,,,2026-10-03 13:59:53 UTC,https://bazaar.abuse.ch/export/txt/sha256/recent/,Zərərli fayl hash-i (SHA256)
sha256,115b1b17c338963dad81783ccbe268010083c39cfcfc713f0ec538f11ccd2af4,70,high,MalwareBazaar,1,10,2026-10-01T16:47:10+00:00,2026-10-03T14:03:45+00:00,,,,2026-10-03 13:59:53 UTC,https://bazaar.abuse.ch/export/txt/sha256/recent/,Zərərli fayl hash-i (SHA256)
sha256,62385232479b24892b542b2123c0514f7899814f0ee1a6e5c7b692f8fb96618d,70,high,MalwareBazaar,1,10,2026-10-01T16:47:10+00:00,2026-10-03T14:03:45+00:00,,,,2026-10-03 13:59:53 UTC,https://bazaar.abuse.ch/export/txt/sha256/recent/,Zərərli fayl hash-i (SHA256)
sha256,24bd396c58db1b11bf3b451514e88ee2643e45057c179f74f3b3fad5979e9bc9,70,high,MalwareBazaar,1,10,2026-10-01T16:47:10+00:00,2026-10-03T14:03:45+00:00,,,,2026-10-03 13:59:53 UTC,https://bazaar.abuse.ch/export/txt/sha256/recent/,Zərərli fayl hash-i (SHA256)
sha256,abf0472ac0710d3218297d034efe2b61babaf209a4e75913de60603583a0808b,70,high,MalwareBazaar,1,10,2026-10-01T16:47:10+00:00,2026-10-03T14:03:45+00:00,,,,2026-10-03 13:59:53 UTC,https://bazaar.abuse.ch/export/txt/sha256/recent/,Zərərli fayl hash-i (SHA256)
sha256,5c91fc2531f724addee950c521463441eeec15d3240924298064053e4dd4c1b0,70,high,MalwareBazaar,1,10,2026-10-01T16:47:10+00:00,2026-10-03T14:03:45+00:00,,,,2026-10-03 13:59:53 UTC,https://bazaar.abuse.ch/export/txt/sha256/recent/,Zərərli fayl hash-i (SHA256)
sha256,b9852710aeb8c4bbaf60af26e35d21db8e7fc1982ca9c2d2ce2c2c6576d26fdd,70,high,MalwareBazaar,1,10,2026-10-01T16:47:10+00:00,2026-10-03T14:03:45+00:00,,,,2026-10-03 13:59:53 UTC,https://bazaar.abuse.ch/export/txt/sha256/recent/,Zərərli fayl hash-i (SHA256)
sha256,a47fbafb961662319bd9c24dc4f1d8e8f58ad36ec9d5f48f228711467be854a9,70,high,MalwareBazaar,1,10,2026-10-01T16:47:10+00:00,2026-10-03T14:03:45+00:00,,,,2026-10-03 13:59:53 UTC,https://bazaar.abuse.ch/export/txt/sha256/recent/,Zərərli fayl hash-i (SHA256)
sha256,7c711c77004470ae8225a335f86b2929fece346739717a88b5ce0b872cfffc48,70,high,MalwareBazaar,1,10,2026-10-01T16:47:10+00:00,2026-10-03T14:03:45+00:00,,,,2026-10-03 13:59:53 UTC,https://bazaar.abuse.ch/export/txt/sha256/recent/,Zərərli fayl hash-i (SHA256)
sha256,ab6ba896cf5bb143606f5ea1d5ca8ff714cc84face1b0b0a4e655a4f0289b2e6,70,high,MalwareBazaar,1,10,2026-10-01T16:47:10+00:00,2026-10-03T14:03:45+00:00,,,,2026-10-03 13:59:53 UTC,https://bazaar.abuse.ch/export/txt/sha256/recent/,Zərərli fayl hash-i (SHA256)
sha256,7ba92b766e83155eb231f462db4f1b79019462a3fdc252e79b8bec270aea5e49,70,high,MalwareBazaar,1,10,2026-10-01T16:47:10+00:00,2026-10-03T14:03:45+00:00,,,,2026-10-03 13:59:53 UTC,https://bazaar.abuse.ch/export/txt/sha256/recent/,Zərərli fayl hash-i (SHA256)
sha256,0dc8e8b104cb0e35888a60046e7950919b5bc5ad0a1296daf72b3e4358a13ea7,70,high,MalwareBazaar,1,10,2026-10-01T16:47:10+00:00,2026-10-03T14:03:45+00:00,,,,2026-10-03 13:59:53 UTC,https://bazaar.abuse.ch/export/txt/sha256/recent/,Zərərli fayl hash-i (SHA256)
sha256,9cb871a274b7163c58dbf2ad5663e4c5c8b807f6ce887db3959f8e620ce2185b,70,high,MalwareBazaar,1,10,2026-10-01T16:47:10+00:00,2026-10-03T14:03:45+00:00,,,,2026-10-03 13:59:53 UTC,https://bazaar.abuse.ch/export/txt/sha256/recent/,Zərərli fayl hash-i (SHA256)
sha256,4c62c64802dca499b6d26134503540478f82f7a179cfb921ffe79504f6beb932,70,high,MalwareBazaar,1,10,2026-10-01T16:47:10+00:00,2026-10-03T14:03:45+00:00,,,,2026-10-03 13:59:53 UTC,https://bazaar.abuse.ch/export/txt/sha256/recent/,Zərərli fayl hash-i (SHA256)
sha256,759f5e4ce21a56ad9afdacc3042ba1eca6a3246e026d8e70ae9e8b23b76f0ec0,70,high,MalwareBazaar,1,10,2026-10-01T16:47:10+00:00,2026-10-03T14:03:45+00:00,,,,2026-10-03 13:59:53 UTC,https://bazaar.abuse.ch/export/txt/sha256/recent/,Zərərli fayl hash-i (SHA256)
sha256,7b3d4d6a8c04e409b5a97d000faadbd0170ee9f82dcd52d6d5852e57a5d5439c,70,high,MalwareBazaar,1,10,2026-10-01T16:47:10+00:00,2026-10-03T14:03:45+00:00,,,,2026-10-03 13:59:53 UTC,https://bazaar.abuse.ch/export/txt/sha256/recent/,Zərərli fayl hash-i (SHA256)
sha256,688901fa63d14fe912d8a204d22575fa8aaa1589af0b44ae5b3d05e9e655e540,70,high,MalwareBazaar,1,10,2026-10-01T16:47:10+00:00,2026-10-03T14:03:45+00:00,,,,2026-10-03 13:59:53 UTC,https://bazaar.abuse.ch/export/txt/sha256/recent/,Zərərli fayl hash-i (SHA256)
sha256,146ae2b9523e9bdadb477b51e6e66b5e7f643f20c9706f0a3572446ddc3ba849,70,high,MalwareBazaar,1,10,2026-10-01T16:47:10+00:00,2026-10-03T14:03:45+00:00,,,,2026-10-03 13:59:53 UTC,https://bazaar.abuse.ch/export/txt/sha256/recent/,Zərərli fayl hash-i (SHA256)
sha256,b1d0be21ceddd6ab1303755364754ccf2df9a6b19428212025c6a76a0856c5db,70,high,MalwareBazaar,1,10,2026-10-01T16:47:10+00:00,2026-10-03T14:03:45+00:00,,,,2026-10-03 13:59:53 UTC,https://bazaar.abuse.ch/export/txt/sha256/recent/,Zərərli fayl hash-i (SHA256)
sha256,25fc379d2b967d3dd9d05697adb42de2036fe27a45ac6fdefd0159d74adab608,70,high,MalwareBazaar,1,10,2026-10-01T16:47:10+00:00,2026-10-03T14:03:45+00:00,,,,2026-10-03 13:59:53 UTC,https://bazaar.abuse.ch/export/txt/sha256/recent/,Zərərli fayl hash-i (SHA256)
sha256,3da94c94e7609e1135af0d31421ff60cb97745da55d750dda702da033d2c42ed,70,high,MalwareBazaar,1,10,2026-10-01T16:47:10+00:00,2026-10-03T14:03:45+00:00,,,,2026-10-03 13:59:53 UTC,https://bazaar.abuse.ch/export/txt/sha256/recent/,Zərərli fayl hash-i (SHA256)
sha256,e74d562e1dc4820d70fe962dff7f2b15d14d960b77e325f82fb753c40dccda21,70,high,MalwareBazaar,1,10,2026-10-01T16:47:10+00:00,2026-10-03T14:03:45+00:00,,,,2026-10-03 13:59:53 UTC,https://bazaar.abuse.ch/export/txt/sha256/recent/,Zərərli fayl hash-i (SHA256)
sha256,3c7d735a61b8748c98480fa483f73b14436dfd7063f5f06a6c146e5341cc56c5,70,high,MalwareBazaar,1,10,2026-10-01T16:47:10+00:00,2026-10-03T14:03:45+00:00,,,,2026-10-03 13:59:53 UTC,https://bazaar.abuse.ch/export/txt/sha256/recent/,Zərərli fayl hash-i (SHA256)
sha256,112d6464096fe66a358c45d4edfd193348858a4a8b29c523942a9e84223a172e,70,high,MalwareBazaar,1,10,2026-10-01T16:47:10+00:00,2026-10-03T14:03:45+00:00,,,,2026-10-03 13:59:53 UTC,https://bazaar.abuse.ch/export/txt/sha256/recent/,Zərərli fayl hash-i (SHA256)
sha256,18a2634a8011f6df044d0a626e12f13d3fe159db7c64670fadc40995bd0a634e,70,high,MalwareBazaar,1,10,2026-10-01T16:47:10+00:00,2026-10-03T14:03:45+00:00,,,,2026-10-03 13:59:53 UTC,https://bazaar.abuse.ch/export/txt/sha256/recent/,Zərərli fayl hash-i (SHA256)
sha256,e549c7ca128493f610acabc292a66143a2fb4ad96ad0c3f3818aa1ba6218c939,70,high,MalwareBazaar,1,10,2026-10-01T16:47:10+00:00,2026-10-03T14:03:45+00:00,,,,2026-10-03 13:59:53 UTC,https://bazaar.abuse.ch/export/txt/sha256/recent/,Zərərli fayl hash-i (SHA256)
sha256,3034de9bff5024653dca1a13f875100e015bb1ccb5b825a9dcf60a4c7bff1c25,70,high,MalwareBazaar,1,10,2026-10-01T16:47:10+00:00,2026-10-03T14:03:45+00:00,,,,2026-10-03 13:59:53 UTC,https://bazaar.abuse.ch/export/txt/sha256/recent/,Zərərli fayl hash-i (SHA256)
sha256,c2246563b2f7806e6d032d6c85bb44d7369499055aa6b5bc890ffc27668c30f7,70,high,MalwareBazaar,1,10,2026-10-01T16:47:10+00:00,2026-10-03T14:03:45+00:00,,,,2026-10-03 13:59:53 UTC,https://bazaar.abuse.ch/export/txt/sha256/recent/,Zərərli fayl hash-i (SHA256)
sha256,366a1589ef1afb6a73b072956bc0d0f237d05903a604a9bc49845e6706b31aff,70,high,MalwareBazaar,1,10,2026-10-01T16:47:10+00:00,2026-10-03T14:03:45+00:00,,,,2026-10-03 13:59:53 UTC,https://bazaar.abuse.ch/export/txt/sha256/recent/,Zərərli fayl hash-i (SHA256)
sha256,4f9b86b42b5474fdb55cbd6e69be8a591eaaccbc0efaeea8c682ad8dc1b8aa33,70,high,MalwareBazaar,1,10,2026-10-01T16:47:10+00:00,2026-10-03T14:03:45+00:00,,,,2026-10-03 13:59:53 UTC,https://bazaar.abuse.ch/export/txt/sha256/recent/,Zərərli fayl hash-i (SHA256)
sha256,b9f6af899ff75f0d7c40313665c3dbffe48a0d7b08d7bcf5f818adb1747817a5,70,high,MalwareBazaar,1,10,2026-10-01T16:47:10+00:00,2026-10-03T14:03:45+00:00,,,,2026-10-03 13:59:53 UTC,https://bazaar.abuse.ch/export/txt/sha256/recent/,Zərərli fayl hash-i (SHA256)
sha256,8a6e1b4907b43527873e96a3a1e7aae7ab6ad1e8f0847f96b3ba24e011566ecf,70,high,MalwareBazaar,1,10,2026-10-01T16:47:10+00:00,2026-10-03T14:03:45+00:00,,,,2026-10-03 13:59:53 UTC,https://bazaar.abuse.ch/export/txt/sha256/recent/,Zərərli fayl hash-i (SHA256)
sha256,91adc13730ea7a175fcd33ec795039370e7f6449c5e5f70366111cf73d431b2b,70,high,MalwareBazaar,1,10,2026-10-01T16:47:10+00:00,2026-10-03T14:03:45+00:00,,,,2026-10-03 13:59:53 UTC,https://bazaar.abuse.ch/export/txt/sha256/recent/,Zərərli fayl hash-i (SHA256)
sha256,ff52f3b032ef4de41e0555002e6287ef7f9064dc8fbe1451e98e10151c5be526,70,high,MalwareBazaar,1,10,2026-10-01T16:47:10+00:00,2026-10-03T14:03:45+00:00,,,,2026-10-03 13:59:53 UTC,https://bazaar.abuse.ch/export/txt/sha256/recent/,Zərərli fayl hash-i (SHA256)
sha256,a743806caf6bc8b7bd42ac45890b5259af91068ab0f1062e717c00a9a5d3c7d4,70,high,MalwareBazaar,1,10,2026-10-01T16:47:10+00:00,2026-10-03T14:03:45+00:00,,,,2026-10-03 13:59:53 UTC,https://bazaar.abuse.ch/export/txt/sha256/recent/,Zərərli fayl hash-i (SHA256)
sha256,cb9f3d5178cb75055bcb30e6ea002020903b13a3d0d42e34147e9cabf1fd98a0,70,high,MalwareBazaar,1,10,2026-10-01T16:47:10+00:00,2026-10-03T14:03:45+00:00,,,,2026-10-03 13:59:53 UTC,https://bazaar.abuse.ch/export/txt/sha256/recent/,Zərərli fayl hash-i (SHA256)
sha256,4773873dcd1bcf818c9f9750c4c601e30e571815badb8fe2a4856db989312b3e,70,high,MalwareBazaar,1,10,2026-10-01T16:47:10+00:00,2026-10-03T14:03:45+00:00,,,,2026-10-03 13:59:53 UTC,https://bazaar.abuse.ch/export/txt/sha256/recent/,Zərərli fayl hash-i (SHA256)
sha256,6b85cf85af794ccafcc056d34c4b2f18653ed29a9324c5ff751eaf5f8cbc336d,70,high,MalwareBazaar,1,10,2026-10-01T16:47:10+00:00,2026-10-03T14:03:45+00:00,,,,2026-10-03 13:59:53 UTC,https://bazaar.abuse.ch/export/txt/sha256/recent/,Zərərli fayl hash-i (SHA256)
sha256,fd8712d7e332f6e2974131788a2b23ddce1e11fb5cde91e5edb6801a68857e22,70,high,MalwareBazaar,1,10,2026-10-01T16:47:10+00:00,2026-10-03T14:03:45+00:00,,,,2026-10-03 13:59:53 UTC,https://bazaar.abuse.ch/export/txt/sha256/recent/,Zərərli fayl hash-i (SHA256)
sha256,bba61a4d1f0fdc09d685d56749bb69c4d16a9e0998b8e960be29118ff9ab9675,70,high,MalwareBazaar,1,10,2026-10-01T16:47:10+00:00,2026-10-03T14:03:45+00:00,,,,2026-10-03 13:59:53 UTC,https://bazaar.abuse.ch/export/txt/sha256/recent/,Zərərli fayl hash-i (SHA256)
sha256,5b6f86fe9ae37018bc919ce03fce79fac8a28a3a9c1e73b70b1721e2835d099d,70,high,MalwareBazaar,1,10,2026-10-01T16:47:10+00:00,2026-10-03T14:03:45+00:00,,,,2026-10-03 13:59:53 UTC,https://bazaar.abuse.ch/export/txt/sha256/recent/,Zərərli fayl hash-i (SHA256)
sha256,ab123404e2813a79a38b0b14713866a279babb07753a40c8f044be9f55fdf4f5,70,high,MalwareBazaar,1,10,2026-10-01T16:47:10+00:00,2026-10-03T14:03:45+00:00,,,,2026-10-03 13:59:53 UTC,https://bazaar.abuse.ch/export/txt/sha256/recent/,Zərərli fayl hash-i (SHA256)
sha256,4f3daa7799506430155c12f9201e0725564a4de1bae7efffe64fb94bf24bac41,70,high,MalwareBazaar,1,10,2026-10-01T16:47:10+00:00,2026-10-03T14:03:45+00:00,,,,2026-10-03 13:59:53 UTC,https://bazaar.abuse.ch/export/txt/sha256/recent/,Zərərli fayl hash-i (SHA256)
sha256,30c1d6495c97e7804fefe399e08041786bd61f9b693a30e8a4cac7749d6ea0c8,70,high,MalwareBazaar,1,10,2026-10-01T16:47:10+00:00,2026-10-03T14:03:45+00:00,,,,2026-10-03 13:59:53 UTC,https://bazaar.abuse.ch/export/txt/sha256/recent/,Zərərli fayl hash-i (SHA256)
sha256,420adeb7b283bc4583705499e1f00177487137c34c7d577727dc815cfae680c5,70,high,MalwareBazaar,1,10,2026-10-01T16:47:10+00:00,2026-10-03T14:03:45+00:00,,,,2026-10-03 13:59:53 UTC,https://bazaar.abuse.ch/export/txt/sha256/recent/,Zərərli fayl hash-i (SHA256)
sha256,e66096eda7f90b7a6680ee3b6f4d0fe68871b80cba73a5f4662b01f6510bf68f,70,high,MalwareBazaar,1,10,2026-10-01T16:47:10+00:00,2026-10-03T14:03:45+00:00,,,,2026-10-03 13:59:53 UTC,https://bazaar.abuse.ch/export/txt/sha256/recent/,Zərərli fayl hash-i (SHA256)
sha256,f3e65d933b497d768cf58c6c2883a63093043b1df1066024aac89565621161fe,70,high,MalwareBazaar,1,10,2026-10-01T16:47:10+00:00,2026-10-03T14:03:45+00:00,,,,2026-10-03 13:59:53 UTC,https://bazaar.abuse.ch/export/txt/sha256/recent/,Zərərli fayl hash-i (SHA256)
sha256,035c1c51411be7c0c7890133b42e1abdd8705a985fad7d728e35dc4f425c8af6,70,high,MalwareBazaar,1,10,2026-10-01T16:47:10+00:00,2026-10-03T14:03:45+00:00,,,,2026-10-03 13:59:53 UTC,https://bazaar.abuse.ch/export/txt/sha256/recent/,Zərərli fayl hash-i (SHA256)
sha256,67dd478f8c69df95081a623d4492aba23edfb16f21d16f1599ab973d3519fa73,70,high,MalwareBazaar,1,10,2026-10-01T16:47:10+00:00,2026-10-03T14:03:45+00:00,,,,2026-10-03 13:59:53 UTC,https://bazaar.abuse.ch/export/txt/sha256/recent/,Zərərli fayl hash-i (SHA256)
sha256,2556b5d44b0d1fb016097d12b2de68c597a3866eec88adbb06b64dfa13302892,70,high,MalwareBazaar,1,10,2026-10-01T16:47:10+00:00,2026-10-03T14:03:45+00:00,,,,2026-10-03 13:59:53 UTC,https://bazaar.abuse.ch/export/txt/sha256/recent/,Zərərli fayl hash-i (SHA256)
sha256,eaba75bc59e72a8d4ebf62a284d3a6f80ee4bb244c8f311c8981367d8a828905,70,high,MalwareBazaar,1,10,2026-10-01T16:47:10+00:00,2026-10-03T14:03:45+00:00,,,,2026-10-03 13:59:53 UTC,https://bazaar.abuse.ch/export/txt/sha256/recent/,Zərərli fayl hash-i (SHA256)
sha256,747f298b912ca6e82fe72da9be937b8e532e49d79b22c36a835d5292d1687958,70,high,MalwareBazaar,1,10,2026-10-01T16:47:10+00:00,2026-10-03T14:03:45+00:00,,,,2026-10-03 13:59:53 UTC,https://bazaar.abuse.ch/export/txt/sha256/recent/,Zərərli fayl hash-i (SHA256)
sha256,0e4f681e69ffd345f984f1cc2a8d34f80f006bc5a6b51bbb54fcb67a6339c687,70,high,MalwareBazaar,1,10,2026-10-01T16:47:10+00:00,2026-10-03T14:03:45+00:00,,,,2026-10-03 13:59:53 UTC,https://bazaar.abuse.ch/export/txt/sha256/recent/,Zərərli fayl hash-i (SHA256)
sha256,1e7baed96280099da99c8e1177b8f9a019748158adcc597a62aad8e62ed39d53,70,high,MalwareBazaar,1,10,2026-10-01T16:47:10+00:00,2026-10-03T14:03:45+00:00,,,,2026-10-03 13:59:53 UTC,https://bazaar.abuse.ch/export/txt/sha256/recent/,Zərərli fayl hash-i (SHA256)
sha256,7ea5eb99ac20b7842dd375e68b28bdeda7b8e5664e6f67f0f2628a9c033f17ca,70,high,MalwareBazaar,1,10,2026-10-01T16:47:10+00:00,2026-10-03T14:03:45+00:00,,,,2026-10-03 13:59:53 UTC,https://bazaar.abuse.ch/export/txt/sha256/recent/,Zərərli fayl hash-i (SHA256)
sha256,33fe8e44bb2d5f663d97248dfd2b4f54ed0f50d40819580b3073ec9addf0978e,70,high,MalwareBazaar,1,10,2026-10-01T16:47:10+00:00,2026-10-03T14:03:45+00:00,,,,2026-10-03 13:59:53 UTC,https://bazaar.abuse.ch/export/txt/sha256/recent/,Zərərli fayl hash-i (SHA256)
sha256,d4e50ed985bad6e5c13d2ca5ea39b16080bd6afd7071581abb93c4550a4385fa,70,high,MalwareBazaar,1,10,2026-10-01T16:47:10+00:00,2026-10-03T14:03:45+00:00,,,,2026-10-03 13:59:53 UTC,https://bazaar.abuse.ch/export/txt/sha256/recent/,Zərərli fayl hash-i (SHA256)
sha256,716b631345399186bd939a05082a38f9a905b16d9bca8b86f39e15dae162cb20,70,high,MalwareBazaar,1,10,2026-10-01T16:47:10+00:00,2026-10-03T14:03:45+00:00,,,,2026-10-03 13:59:53 UTC,https://bazaar.abuse.ch/export/txt/sha256/recent/,Zərərli fayl hash-i (SHA256)
sha256,1d781609e5e4af5126f9954432cc9f68d56135dfeda69e970aac05fc2dca09f1,70,high,MalwareBazaar,1,10,2026-10-01T16:47:10+00:00,2026-10-03T14:03:45+00:00,,,,2026-10-03 13:59:53 UTC,https://bazaar.abuse.ch/export/txt/sha256/recent/,Zərərli fayl hash-i (SHA256)
sha256,f9dc18cc113282914034b3a508704b312ec79f2ffdec1270eb9aff8e8afd0578,70,high,MalwareBazaar,1,10,2026-10-01T16:47:10+00:00,2026-10-03T14:03:45+00:00,,,,2026-10-03 13:59:53 UTC,https://bazaar.abuse.ch/export/txt/sha256/recent/,Zərərli fayl hash-i (SHA256)
sha256,f19b5c40889ab7245e5e792f2484a1134d8dbe7d802c8a9ff2f19c5dd16e9000,70,high,MalwareBazaar,1,10,2026-10-01T16:47:10+00:00,2026-10-03T14:03:45+00:00,,,,2026-10-03 13:59:53 UTC,https://bazaar.abuse.ch/export/txt/sha256/recent/,Zərərli fayl hash-i (SHA256)
sha256,48bafd8afafc39606bbb84ef22a896cdf468ae8595c581bad9ac96f7e2e5134e,70,high,MalwareBazaar,1,10,2026-10-01T16:47:10+00:00,2026-10-03T14:03:45+00:00,,,,2026-10-03 13:59:53 UTC,https://bazaar.abuse.ch/export/txt/sha256/recent/,Zərərli fayl hash-i (SHA256)
sha256,c3734ab95028ee413d0559e80657f0c5580b52d211ae9851c94b363b51794820,70,high,MalwareBazaar,1,10,2026-10-01T16:47:10+00:00,2026-10-03T14:03:45+00:00,,,,2026-10-03 13:59:53 UTC,https://bazaar.abuse.ch/export/txt/sha256/recent/,Zərərli fayl hash-i (SHA256)
sha256,16e8ca6832fd958051f02ae85a4addfd945ee42d38a86505ea03f4556767cc2f,70,high,MalwareBazaar,1,10,2026-10-01T16:47:10+00:00,2026-10-03T14:03:45+00:00,,,,2026-10-03 13:59:53 UTC,https://bazaar.abuse.ch/export/txt/sha256/recent/,Zərərli fayl hash-i (SHA256)
sha256,01f0aad698f8845915e7286478613077587d14e3f68a8be38e7dd8a44d6cf0f8,70,high,MalwareBazaar,1,10,2026-10-01T16:47:10+00:00,2026-10-03T14:03:45+00:00,,,,2026-10-03 13:59:53 UTC,https://bazaar.abuse.ch/export/txt/sha256/recent/,Zərərli fayl hash-i (SHA256)
sha256,9fe3245959f6b42e7ac6a25308a439d89851933563cc868f4eeb1e9824be95ee,70,high,MalwareBazaar,1,10,2026-10-01T16:47:10+00:00,2026-10-03T14:03:45+00:00,,,,2026-10-03 13:59:53 UTC,https://bazaar.abuse.ch/export/txt/sha256/recent/,Zərərli fayl hash-i (SHA256)
sha256,3b8222be3f09075c7b0ee8cf3934a429c8621aace41d5ba1b26934910eb2b9a0,70,high,MalwareBazaar,1,10,2026-10-01T16:47:10+00:00,2026-10-03T14:03:45+00:00,,,,2026-10-03 13:59:53 UTC,https://bazaar.abuse.ch/export/txt/sha256/recent/,Zərərli fayl hash-i (SHA256)
sha256,47ca6513328ce9bb117c0b32dbad4edd1061d1bc75e628d0e9bb8ddd37ae59da,70,high,MalwareBazaar,1,10,2026-10-01T16:47:10+00:00,2026-10-03T14:03:45+00:00,,,,2026-10-03 13:59:53 UTC,https://bazaar.abuse.ch/export/txt/sha256/recent/,Zərərli fayl hash-i (SHA256)
sha256,4f7c70afde2b0d15728e058ad2e0e09154eb99f109da3f5d94fce4d498c9637c,70,high,MalwareBazaar,1,10,2026-10-01T16:47:10+00:00,2026-10-03T14:03:45+00:00,,,,2026-10-03 13:59:53 UTC,https://bazaar.abuse.ch/export/txt/sha256/recent/,Zərərli fayl hash-i (SHA256)
sha256,ff962f5399670baa9c0fd44f146d5d125da63b05f2dbbcfc77915889b21601ad,70,high,MalwareBazaar,1,10,2026-10-01T16:47:10+00:00,2026-10-03T14:03:45+00:00,,,,2026-10-03 13:59:53 UTC,https://bazaar.abuse.ch/export/txt/sha256/recent/,Zərərli fayl hash-i (SHA256)
sha256,289cb3470cadba69058052881e458b1dcec830e80c0eafc5536e976f4278bb77,70,high,MalwareBazaar,1,10,2026-10-01T16:47:10+00:00,2026-10-03T14:03:45+00:00,,,,2026-10-03 13:59:53 UTC,https://bazaar.abuse.ch/export/txt/sha256/recent/,Zərərli fayl hash-i (SHA256)
sha256,39ef417ff0467a6089b704eda51f3417c05f68f1fde6805090c5d234a9533adf,70,high,MalwareBazaar,1,10,2026-10-01T16:47:10+00:00,2026-10-03T14:03:45+00:00,,,,2026-10-03 13:59:53 UTC,https://bazaar.abuse.ch/export/txt/sha256/recent/,Zərərli fayl hash-i (SHA256)
sha256,7567d16b1fe03f1eafd0ee05de1ea195f59ff4adfc6f97315542dbd9215c26c3,70,high,MalwareBazaar,1,10,2026-10-01T16:47:10+00:00,2026-10-03T14:03:45+00:00,,,,2026-10-03 13:59:53 UTC,https://bazaar.abuse.ch/export/txt/sha256/recent/,Zərərli fayl hash-i (SHA256)
sha256,e928ce1b2af082248f35078e398a811c9ce3fe8302368e1bcb3a40f91a5e3a88,70,high,MalwareBazaar,1,10,2026-10-01T16:47:10+00:00,2026-10-03T14:03:45+00:00,,,,2026-10-03 13:59:53 UTC,https://bazaar.abuse.ch/export/txt/sha256/recent/,Zərərli fayl hash-i (SHA256)
sha256,d019fe66127bdefb53b8f8b2430f7dc48c87be712fa99bb9a05f40f8fafb258b,70,high,MalwareBazaar,1,10,2026-10-01T16:47:10+00:00,2026-10-03T14:03:45+00:00,,,,2026-10-03 13:59:53 UTC,https://bazaar.abuse.ch/export/txt/sha256/recent/,Zərərli fayl hash-i (SHA256)
sha256,e84ffb9d7b3a622fd2801965cf568bfda459d08e6df5800a02a6dec18c91ddaf,70,high,MalwareBazaar,1,10,2026-10-01T16:47:10+00:00,2026-10-03T14:03:45+00:00,,,,2026-10-03 13:59:53 UTC,https://bazaar.abuse.ch/export/txt/sha256/recent/,Zərərli fayl hash-i (SHA256)
sha256,302819a3568a56fcbbfce3649328c18e900267dcc11c2fdf1c61d0318eb831c6,70,high,MalwareBazaar,1,10,2026-10-01T16:47:10+00:00,2026-10-03T14:03:45+00:00,,,,2026-10-03 13:59:53 UTC,https://bazaar.abuse.ch/export/txt/sha256/recent/,Zərərli fayl hash-i (SHA256)
sha256,4bc0ac826ef78ff8759c128456fd3bf19e424da891c13033b26ad8724c01b750,70,high,MalwareBazaar,1,10,2026-10-01T16:47:10+00:00,2026-10-03T14:03:45+00:00,,,,2026-10-03 13:59:53 UTC,https://bazaar.abuse.ch/export/txt/sha256/recent/,Zərərli fayl hash-i (SHA256)
sha256,a1ff6a702b6af3cee54f0a722e7d380ea006f68e8647a6be60783be7e1095358,70,high,MalwareBazaar,1,10,2026-10-01T16:47:10+00:00,2026-10-03T14:03:45+00:00,,,,2026-10-03 13:59:53 UTC,https://bazaar.abuse.ch/export/txt/sha256/recent/,Zərərli fayl hash-i (SHA256)
sha256,6c49b15e013bf00d81a3aa2b3c1729a5a4609022fecece96eff6cc43c8cdbe8a,70,high,MalwareBazaar,1,10,2026-10-01T16:47:10+00:00,2026-10-03T14:03:45+00:00,,,,2026-10-03 13:59:53 UTC,https://bazaar.abuse.ch/export/txt/sha256/recent/,Zərərli fayl hash-i (SHA256)
sha256,cf5847d5b588accd0148d367999201ad6822c37b0e3dffdf1dbfb38dec02e4b7,70,high,MalwareBazaar,1,10,2026-10-01T16:47:10+00:00,2026-10-03T14:03:45+00:00,,,,2026-10-03 13:59:53 UTC,https://bazaar.abuse.ch/export/txt/sha256/recent/,Zərərli fayl hash-i (SHA256)
sha256,40c8318094909626d9f9b722f0ef170bca9cd8f7272e51ee7df7b4beceab8d1b,70,high,MalwareBazaar,1,10,2026-10-01T16:47:10+00:00,2026-10-03T14:03:45+00:00,,,,2026-10-03 13:59:53 UTC,https://bazaar.abuse.ch/export/txt/sha256/recent/,Zərərli fayl hash-i (SHA256)
sha256,207a3765bf926f9690ead85e9eddf047ae437417e5ef4079cb4b3526be5990ea,70,high,MalwareBazaar,1,10,2026-10-01T16:47:10+00:00,2026-10-03T14:03:45+00:00,,,,2026-10-03 13:59:53 UTC,https://bazaar.abuse.ch/export/txt/sha256/recent/,Zərərli fayl hash-i (SHA256)
sha256,99b3ec583d1f54e65174e761520cbb7b3434514d2918788a2ced5d806c79cfa6,70,high,MalwareBazaar,1,10,2026-10-01T16:47:10+00:00,2026-10-03T14:03:45+00:00,,,,2026-10-03 13:59:53 UTC,https://bazaar.abuse.ch/export/txt/sha256/recent/,Zərərli fayl hash-i (SHA256)
sha256,6d77c559134800dcc6cd6250c439be68d1178a8b898d1bda66cdc661afd7f8ff,70,high,MalwareBazaar,1,10,2026-10-01T16:47:10+00:00,2026-10-03T14:03:45+00:00,,,,2026-10-03 13:59:53 UTC,https://bazaar.abuse.ch/export/txt/sha256/recent/,Zərərli fayl hash-i (SHA256)
sha256,a9f1633d2d13a34c3503c755d6ee24c0e0bc4af2b220927a2d5c8a749602df1a,70,high,MalwareBazaar,1,10,2026-10-01T16:47:10+00:00,2026-10-03T14:03:45+00:00,,,,2026-10-03 13:59:53 UTC,https://bazaar.abuse.ch/export/txt/sha256/recent/,Zərərli fayl hash-i (SHA256)
sha256,bedb7fe1edae35449fa27b23cb2689c5049f48ecdf9628d56d9e122cd6dd0f12,70,high,MalwareBazaar,1,10,2026-10-01T16:47:10+00:00,2026-10-03T14:03:45+00:00,,,,2026-10-03 13:59:53 UTC,https://bazaar.abuse.ch/export/txt/sha256/recent/,Zərərli fayl hash-i (SHA256)
sha256,1111a828ed904ccce69da0f4e73a42f83f5d7efdd0c809288e77743e753c8d23,70,high,MalwareBazaar,1,10,2026-10-01T16:47:10+00:00,2026-10-03T14:03:45+00:00,,,,2026-10-03 13:59:53 UTC,https://bazaar.abuse.ch/export/txt/sha256/recent/,Zərərli fayl hash-i (SHA256)
sha256,cf7226916e45ace022323e6796c0812eee106b038448750594806ef567c10445,70,high,MalwareBazaar,1,10,2026-10-01T16:47:10+00:00,2026-10-03T14:03:45+00:00,,,,2026-10-03 13:59:53 UTC,https://bazaar.abuse.ch/export/txt/sha256/recent/,Zərərli fayl hash-i (SHA256)
sha256,b0966f6be3ae41a375600174dafa0962b5d02c901ff7962be74acde835cf0734,70,high,MalwareBazaar,1,10,2026-10-01T16:47:10+00:00,2026-10-03T14:03:45+00:00,,,,2026-10-03 13:59:53 UTC,https://bazaar.abuse.ch/export/txt/sha256/recent/,Zərərli fayl hash-i (SHA256)
sha256,842b79a52924f0d0416c1d2d1819ce1d0f43d2e4f38b82c65f4e787762d7f8b4,70,high,MalwareBazaar,1,10,2026-10-01T16:47:10+00:00,2026-10-03T14:03:45+00:00,,,,2026-10-03 13:59:53 UTC,https://bazaar.abuse.ch/export/txt/sha256/recent/,Zərərli fayl hash-i (SHA256)
sha256,f384332bfcb641396e2ee8de2309a0d1600f569debc8a6bc66588e4f2a4581c4,70,high,MalwareBazaar,1,10,2026-10-01T16:47:10+00:00,2026-10-03T14:03:45+00:00,,,,2026-10-03 13:59:53 UTC,https://bazaar.abuse.ch/export/txt/sha256/recent/,Zərərli fayl hash-i (SHA256)
sha256,526c7ef03783d60a7466a555b59f0f662f1abd533ced35f8a1d99df0832b88bc,70,high,MalwareBazaar,1,10,2026-10-01T16:47:10+00:00,2026-10-03T14:03:45+00:00,,,,2026-10-03 13:59:53 UTC,https://bazaar.abuse.ch/export/txt/sha256/recent/,Zərərli fayl hash-i (SHA256)
sha256,c3ea5fbf23539a81ff338bdf44c1eb3caa7c035ee189b3ebdce31afe91124feb,70,high,MalwareBazaar,1,10,2026-10-01T16:47:10+00:00,2026-10-03T14:03:45+00:00,,,,2026-10-03 13:59:53 UTC,https://bazaar.abuse.ch/export/txt/sha256/recent/,Zərərli fayl hash-i (SHA256)
sha256,3d3ef1abccd97eaf8b6ea9f10adfa7f7493801f7ed6bc8461f317a51f9d1c770,70,high,MalwareBazaar,1,10,2026-10-01T16:47:10+00:00,2026-10-03T14:03:45+00:00,,,,2026-10-03 13:59:53 UTC,https://bazaar.abuse.ch/export/txt/sha256/recent/,Zərərli fayl hash-i (SHA256)
sha256,4665bc5349f0f362aa1a4d15103d4def8c01ffca876dce52dfdebb1f2cb82aac,70,high,MalwareBazaar,1,10,2026-10-01T16:47:10+00:00,2026-10-03T14:03:45+00:00,,,,2026-10-03 13:59:53 UTC,https://bazaar.abuse.ch/export/txt/sha256/recent/,Zərərli fayl hash-i (SHA256)
sha256,279299b8f14b03fbdd220e3bf30ed6628be5451498321f000a8b526e9955597b,70,high,MalwareBazaar,1,10,2026-10-01T16:47:10+00:00,2026-10-03T14:03:45+00:00,,,,2026-10-03 13:59:53 UTC,https://bazaar.abuse.ch/export/txt/sha256/recent/,Zərərli fayl hash-i (SHA256)
sha256,ef880c86329f7451c5b596873275ad48cdb70f511236185722fc69865ba87a47,70,high,MalwareBazaar,1,10,2026-10-01T16:47:10+00:00,2026-10-03T14:03:45+00:00,,,,2026-10-03 13:59:53 UTC,https://bazaar.abuse.ch/export/txt/sha256/recent/,Zərərli fayl hash-i (SHA256)
sha256,94933b78c619629d1195723465a47de5eb1d1fed39688b32c6455b09e984b5c2,70,high,MalwareBazaar,1,10,2026-10-01T16:47:10+00:00,2026-10-03T14:03:45+00:00,,,,2026-10-03 13:59:53 UTC,https://bazaar.abuse.ch/export/txt/sha256/recent/,Zərərli fayl hash-i (SHA256)
sha256,c378bdff6bc0b6352f51d8597b5c496f3b9a8d9093d8097e36e43fab0a4a8e23,70,high,MalwareBazaar,1,10,2026-10-01T16:47:10+00:00,2026-10-03T14:03:45+00:00,,,,2026-10-03 13:59:53 UTC,https://bazaar.abuse.ch/export/txt/sha256/recent/,Zərərli fayl hash-i (SHA256)
sha256,a36e737f966731c08bcf935e01ec92c5c22e600e984a53bf757a026ece1ad2f6,70,high,MalwareBazaar,1,10,2026-10-01T16:47:10+00:00,2026-10-03T14:03:45+00:00,,,,2026-10-03 13:59:53 UTC,https://bazaar.abuse.ch/export/txt/sha256/recent/,Zərərli fayl hash-i (SHA256)
sha256,d5e69e9687ec029ed1adfb72317c848439b5948e3175b81db883190b4215919c,70,high,MalwareBazaar,1,10,2026-10-01T16:47:10+00:00,2026-10-03T14:03:45+00:00,,,,2026-10-03 13:59:53 UTC,https://bazaar.abuse.ch/export/txt/sha256/recent/,Zərərli fayl hash-i (SHA256)
sha256,85cebc13976d858458eaa729f1fe1034fa1d7892e37d5dc02a9c4336a3f57822,70,high,MalwareBazaar,1,10,2026-10-01T16:47:10+00:00,2026-10-03T14:03:45+00:00,,,,2026-10-03 13:59:53 UTC,https://bazaar.abuse.ch/export/txt/sha256/recent/,Zərərli fayl hash-i (SHA256)
sha256,f3299a58447855bd913ff56f702622fbe0b86e107aff62689f98ebf4dc297083,70,high,MalwareBazaar,1,10,2026-10-01T16:47:10+00:00,2026-10-03T14:03:45+00:00,,,,2026-10-03 13:59:53 UTC,https://bazaar.abuse.ch/export/txt/sha256/recent/,Zərərli fayl hash-i (SHA256)
sha256,a9155bf9b451565967c8e6617c19ef8fdd1132eb9e7c6326df7b9f2f6370776b,70,high,MalwareBazaar,1,10,2026-10-01T16:47:10+00:00,2026-10-03T14:03:45+00:00,,,,2026-10-03 13:59:53 UTC,https://bazaar.abuse.ch/export/txt/sha256/recent/,Zərərli fayl hash-i (SHA256)
sha256,bb0ae3b1ad361529bd2b8a6b5523cadebae95c82fa0ea8cb9206963ef597f40b,70,high,MalwareBazaar,1,10,2026-10-01T16:47:10+00:00,2026-10-03T14:03:45+00:00,,,,2026-10-03 13:59:53 UTC,https://bazaar.abuse.ch/export/txt/sha256/recent/,Zərərli fayl hash-i (SHA256)
sha256,33c5933dd4f6a819956561e67ceae1bae84c86d3c7e6c3936634346beb99c733,70,high,MalwareBazaar,1,10,2026-10-01T16:47:10+00:00,2026-10-03T14:03:45+00:00,,,,2026-10-03 13:59:53 UTC,https://bazaar.abuse.ch/export/txt/sha256/recent/,Zərərli fayl hash-i (SHA256)
sha256,2fbadefda1a712f3e22cbb3cde7138fd475f7515a7276548509b53a3c4947283,70,high,MalwareBazaar,1,10,2026-10-01T16:47:10+00:00,2026-10-03T14:03:45+00:00,,,,2026-10-03 13:59:53 UTC,https://bazaar.abuse.ch/export/txt/sha256/recent/,Zərərli fayl hash-i (SHA256)
sha256,b859654d7f6b6f1ffb6373073cdcca833fc3b470ae4989405b11231c0988c04a,70,high,MalwareBazaar,1,10,2026-10-01T16:47:10+00:00,2026-10-03T14:03:45+00:00,,,,2026-10-03 13:59:53 UTC,https://bazaar.abuse.ch/export/txt/sha256/recent/,Zərərli fayl hash-i (SHA256)
sha256,535e6b233312ff128eb21e6ddb351e64e797cf1ac746cf8f30647d82811165f0,70,high,MalwareBazaar,1,10,2026-10-01T16:47:10+00:00,2026-10-03T14:03:45+00:00,,,,2026-10-03 13:59:53 UTC,https://bazaar.abuse.ch/export/txt/sha256/recent/,Zərərli fayl hash-i (SHA256)
sha256,fea7e1f777d2a24b8a1b8ca4691d1f3e927b215b33534f1b943d07032cb8fc38,70,high,MalwareBazaar,1,10,2026-10-01T16:47:10+00:00,2026-10-03T14:03:45+00:00,,,,2026-10-03 13:59:53 UTC,https://bazaar.abuse.ch/export/txt/sha256/recent/,Zərərli fayl hash-i (SHA256)
sha256,432c16188c7eb814069205cb510d1caa9ef8530d40d5fcbd9a87ba30767bffb5,70,high,MalwareBazaar,1,10,2026-10-01T16:47:10+00:00,2026-10-03T14:03:45+00:00,,,,2026-10-03 13:59:53 UTC,https://bazaar.abuse.ch/export/txt/sha256/recent/,Zərərli fayl hash-i (SHA256)
sha256,a48f35ec764dadce05c33b72817ced1abca074358407809bbd2f88f2343dd9cd,70,high,MalwareBazaar,1,10,2026-10-01T16:47:10+00:00,2026-10-03T14:03:45+00:00,,,,2026-10-03 13:59:53 UTC,https://bazaar.abuse.ch/export/txt/sha256/recent/,Zərərli fayl hash-i (SHA256)
sha256,c943e2f47a072da49f5ee2a3c1c0d4c9282200bb4cb12e1dc72fb014e9904162,70,high,MalwareBazaar,1,10,2026-10-01T16:47:10+00:00,2026-10-03T14:03:45+00:00,,,,2026-10-03 13:59:53 UTC,https://bazaar.abuse.ch/export/txt/sha256/recent/,Zərərli fayl hash-i (SHA256)
sha256,88090f6ab98c87a60a7b6e9b722bd19316dcb68534239ea064575fecb71cdc1f,70,high,MalwareBazaar,1,10,2026-10-01T16:47:10+00:00,2026-10-03T14:03:45+00:00,,,,2026-10-03 13:59:53 UTC,https://bazaar.abuse.ch/export/txt/sha256/recent/,Zərərli fayl hash-i (SHA256)
sha256,b69eb49739973f58ce3019ac2463cfb201bc9186e83b382ec194458370514802,70,high,MalwareBazaar,1,10,2026-10-01T16:47:10+00:00,2026-10-03T14:03:45+00:00,,,,2026-10-03 13:59:53 UTC,https://bazaar.abuse.ch/export/txt/sha256/recent/,Zərərli fayl hash-i (SHA256)
sha256,d4a3f1758175763608436a3c49634a8581f78925d6714ad3f221209a812ac7c9,70,high,MalwareBazaar,1,10,2026-10-01T16:47:10+00:00,2026-10-03T14:03:45+00:00,,,,2026-10-03 13:59:53 UTC,https://bazaar.abuse.ch/export/txt/sha256/recent/,Zərərli fayl hash-i (SHA256)
sha256,03a81d57375b585c68e0a2f543cd6b8a479c54a52ede98ecc7b0e6900042bb23,70,high,MalwareBazaar,1,10,2026-10-01T16:47:10+00:00,2026-10-03T14:03:45+00:00,,,,2026-10-03 13:59:53 UTC,https://bazaar.abuse.ch/export/txt/sha256/recent/,Zərərli fayl hash-i (SHA256)
sha256,9caad13ae137c6e82ae28866abf3d2a8f0f1ae5f6ce8b185a3a454b9b3f10ced,70,high,MalwareBazaar,1,10,2026-10-01T16:47:10+00:00,2026-10-03T14:03:45+00:00,,,,2026-10-03 13:59:53 UTC,https://bazaar.abuse.ch/export/txt/sha256/recent/,Zərərli fayl hash-i (SHA256)
sha256,9ab5ac47c2042d48c073cecf3e3781167e2863c1c4840d4be6c0e81036ad80f8,70,high,MalwareBazaar,1,10,2026-10-01T16:47:10+00:00,2026-10-03T14:03:45+00:00,,,,2026-10-03 13:59:53 UTC,https://bazaar.abuse.ch/export/txt/sha256/recent/,Zərərli fayl hash-i (SHA256)
sha256,9cb2019fe444feea3d3127b1c43d62e6418942e0868a76862aed46b85a215fa0,70,high,MalwareBazaar,1,10,2026-10-01T16:47:10+00:00,2026-10-03T14:03:45+00:00,,,,2026-10-03 13:59:53 UTC,https://bazaar.abuse.ch/export/txt/sha256/recent/,Zərərli fayl hash-i (SHA256)
sha256,c76d5bac3f45d209dfcbaff5ddbf50193368252218ba37a7b4a5ea372c0f7cc2,70,high,MalwareBazaar,1,10,2026-10-01T16:47:10+00:00,2026-10-03T14:03:45+00:00,,,,2026-10-03 13:59:53 UTC,https://bazaar.abuse.ch/export/txt/sha256/recent/,Zərərli fayl hash-i (SHA256)
sha256,860aead159c3444cf68e2aea973a50cba34cb47ace1e2be3d254de94570cfa13,70,high,MalwareBazaar,1,10,2026-10-01T16:47:10+00:00,2026-10-03T14:03:45+00:00,,,,2026-10-03 13:59:53 UTC,https://bazaar.abuse.ch/export/txt/sha256/recent/,Zərərli fayl hash-i (SHA256)
sha256,8cf83b42b2a75cc5f40d47e98600b6d0a18775608364d11ad4ca1293c68f4c7c,70,high,MalwareBazaar,1,10,2026-10-01T16:47:10+00:00,2026-10-03T14:03:45+00:00,,,,2026-10-03 13:59:53 UTC,https://bazaar.abuse.ch/export/txt/sha256/recent/,Zərərli fayl hash-i (SHA256)
sha256,fc07bb8249ce75deb9ca8a4bad19949fa90303f92e6928491b7b338860e25ed2,70,high,MalwareBazaar,1,10,2026-10-01T16:47:10+00:00,2026-10-03T14:03:45+00:00,,,,2026-10-03 13:59:53 UTC,https://bazaar.abuse.ch/export/txt/sha256/recent/,Zərərli fayl hash-i (SHA256)
sha256,2464b4ef4d95ed605329fb87dde5ef20230926c0571dd47bd427af045c01c0f0,70,high,MalwareBazaar,1,10,2026-10-01T16:47:10+00:00,2026-10-03T14:03:45+00:00,,,,2026-10-03 13:59:53 UTC,https://bazaar.abuse.ch/export/txt/sha256/recent/,Zərərli fayl hash-i (SHA256)
sha256,a33fcc308937d87ed6288e896115c8c55d89e6be080b929101dc945498418706,70,high,MalwareBazaar,1,10,2026-10-01T16:47:10+00:00,2026-10-03T14:03:45+00:00,,,,2026-10-03 13:59:53 UTC,https://bazaar.abuse.ch/export/txt/sha256/recent/,Zərərli fayl hash-i (SHA256)
sha256,a6b1f5c754cc3f335e277882cfcb0ed71c20eb777eda85783db8f6cb4c4e6bdb,70,high,MalwareBazaar,1,10,2026-10-01T16:47:10+00:00,2026-10-03T14:03:45+00:00,,,,2026-10-03 13:59:53 UTC,https://bazaar.abuse.ch/export/txt/sha256/recent/,Zərərli fayl hash-i (SHA256)
sha256,d3d239bb726ca69776921e75361f0ca6531c436c8c9488e3c61fa0d812ee0819,70,high,MalwareBazaar,1,10,2026-10-01T16:47:10+00:00,2026-10-03T14:03:45+00:00,,,,2026-10-03 13:59:53 UTC,https://bazaar.abuse.ch/export/txt/sha256/recent/,Zərərli fayl hash-i (SHA256)
sha256,a1bc4418f6901e1ca3e52bf0a0264e4cf904752216236945f9e5fa796753d4ff,70,high,MalwareBazaar,1,10,2026-10-01T16:47:10+00:00,2026-10-03T14:03:45+00:00,,,,2026-10-03 13:59:53 UTC,https://bazaar.abuse.ch/export/txt/sha256/recent/,Zərərli fayl hash-i (SHA256)
sha256,8596ace8ab291a117bd05297dab13a67efc27becc41a8d01357e281bec8418d0,70,high,MalwareBazaar,1,10,2026-10-01T16:47:10+00:00,2026-10-03T14:03:45+00:00,,,,2026-10-03 13:59:53 UTC,https://bazaar.abuse.ch/export/txt/sha256/recent/,Zərərli fayl hash-i (SHA256)
sha256,713e60a9b9c18ff7d103c20de586f91e196964b8d7a7c1505ff8d29758d46281,70,high,MalwareBazaar,1,10,2026-10-01T16:47:10+00:00,2026-10-03T14:03:45+00:00,,,,2026-10-03 13:59:53 UTC,https://bazaar.abuse.ch/export/txt/sha256/recent/,Zərərli fayl hash-i (SHA256)
sha256,896c775dd20cee1d330c3946ae0c299acbfb30b74262e4e62f0cfaeb4dc9465e,70,high,MalwareBazaar,1,10,2026-10-01T16:47:10+00:00,2026-10-03T14:03:45+00:00,,,,2026-10-03 13:59:53 UTC,https://bazaar.abuse.ch/export/txt/sha256/recent/,Zərərli fayl hash-i (SHA256)
sha256,ab759a24401b19ec922d726ded0d7d0b148fb89e512d774ea45865420e680c24,70,high,MalwareBazaar,1,10,2026-10-01T16:47:10+00:00,2026-10-03T14:03:45+00:00,,,,2026-10-03 13:59:53 UTC,https://bazaar.abuse.ch/export/txt/sha256/recent/,Zərərli fayl hash-i (SHA256)
sha256,37e92f7f99791c1af2a172fbe36281d0d47cb7b1e045c006d900dc89696ef4f0,70,high,MalwareBazaar,1,10,2026-10-01T16:47:10+00:00,2026-10-03T14:03:45+00:00,,,,2026-10-03 13:59:53 UTC,https://bazaar.abuse.ch/export/txt/sha256/recent/,Zərərli fayl hash-i (SHA256)
sha256,790a55c929ccdce6d34b811301121fe7ebf2a35b2fddbe8736bc582b23b91a15,70,high,MalwareBazaar,1,10,2026-10-01T16:47:10+00:00,2026-10-03T14:03:45+00:00,,,,2026-10-03 13:59:53 UTC,https://bazaar.abuse.ch/export/txt/sha256/recent/,Zərərli fayl hash-i (SHA256)
sha256,a7d7b3644f9b63a1ecfc3c9dccd5c950f4567a54f22bd78c62285875e8b38c7d,70,high,MalwareBazaar,1,10,2026-10-01T16:47:10+00:00,2026-10-03T14:03:45+00:00,,,,2026-10-03 13:59:53 UTC,https://bazaar.abuse.ch/export/txt/sha256/recent/,Zərərli fayl hash-i (SHA256)
sha256,a9d16826f61c94c7b4e208361accc1db34d5db307410abff0b212edf1de9343b,70,high,MalwareBazaar,1,10,2026-10-01T16:47:10+00:00,2026-10-03T14:03:45+00:00,,,,2026-10-03 13:59:53 UTC,https://bazaar.abuse.ch/export/txt/sha256/recent/,Zərərli fayl hash-i (SHA256)
sha256,1417470886b23fe79a76d8015a6ef15ed4b8507507f6332598035ce66b40278e,70,high,MalwareBazaar,1,10,2026-10-01T16:47:10+00:00,2026-10-03T14:03:45+00:00,,,,2026-10-03 13:59:53 UTC,https://bazaar.abuse.ch/export/txt/sha256/recent/,Zərərli fayl hash-i (SHA256)
sha256,bb232b41ed862f03708c61ce55ab28da86ba548447ec9c1514f514707bf02ddc,70,high,MalwareBazaar,1,10,2026-10-01T16:47:10+00:00,2026-10-03T14:03:45+00:00,,,,2026-10-03 13:59:53 UTC,https://bazaar.abuse.ch/export/txt/sha256/recent/,Zərərli fayl hash-i (SHA256)
sha256,db8aef92ec9d765a138ef42f839aea16a6293bdbce6bc8af16e3278cc85c531b,70,high,MalwareBazaar,1,10,2026-10-01T16:47:10+00:00,2026-10-03T14:03:45+00:00,,,,2026-10-03 13:59:53 UTC,https://bazaar.abuse.ch/export/txt/sha256/recent/,Zərərli fayl hash-i (SHA256)
sha256,06abfba55fcb977ef73552d1dd08350194b116a95f2f6d1daa92c6582033a05b,70,high,MalwareBazaar,1,10,2026-10-01T16:47:10+00:00,2026-10-03T14:03:45+00:00,,,,2026-10-03 13:59:53 UTC,https://bazaar.abuse.ch/export/txt/sha256/recent/,Zərərli fayl hash-i (SHA256)
sha256,bfb0a2db3f4dcf88c830ee5798c0832df876f55a262ff0b20f64b5b109eff5f2,70,high,MalwareBazaar,1,10,2026-10-01T16:47:10+00:00,2026-10-03T14:03:45+00:00,,,,2026-10-03 13:59:53 UTC,https://bazaar.abuse.ch/export/txt/sha256/recent/,Zərərli fayl hash-i (SHA256)
sha256,75af4b2b7a20ecd5c753e56a6caf8bb41e9348f0a49739d752e63ec624f8f39e,70,high,MalwareBazaar,1,10,2026-10-01T16:47:10+00:00,2026-10-03T14:03:45+00:00,,,,2026-10-03 13:59:53 UTC,https://bazaar.abuse.ch/export/txt/sha256/recent/,Zərərli fayl hash-i (SHA256)
sha256,e8c5b487ae2df9ef6b422fbc601d64cc0e4a7fbeed89fc75eba387199890566e,70,high,MalwareBazaar,1,10,2026-10-01T16:47:10+00:00,2026-10-03T14:03:45+00:00,,,,2026-10-03 13:59:53 UTC,https://bazaar.abuse.ch/export/txt/sha256/recent/,Zərərli fayl hash-i (SHA256)
sha256,e7e0842fa7b6a15d504d768ebe57f4e55eba40368f339dc0378ff4bf434d3bc9,70,high,MalwareBazaar,1,10,2026-10-01T16:47:10+00:00,2026-10-03T14:03:45+00:00,,,,2026-10-03 13:59:53 UTC,https://bazaar.abuse.ch/export/txt/sha256/recent/,Zərərli fayl hash-i (SHA256)
sha256,eeafc43bb1ff4f056d0e5e8c40b6b0561889c430a27ada2e87b5f8b57df9c1ab,70,high,MalwareBazaar,1,10,2026-10-01T16:47:10+00:00,2026-10-03T14:03:45+00:00,,,,2026-10-03 13:59:53 UTC,https://bazaar.abuse.ch/export/txt/sha256/recent/,Zərərli fayl hash-i (SHA256)
sha256,31a8fbf6915cc96f111c039accc966c54cc63adbb59e94e1e19e5bd5fd4d62d5,70,high,MalwareBazaar,1,10,2026-10-01T16:47:10+00:00,2026-10-03T14:03:45+00:00,,,,2026-10-03 13:59:53 UTC,https://bazaar.abuse.ch/export/txt/sha256/recent/,Zərərli fayl hash-i (SHA256)
sha256,8e96960c91be31f22abec93b1c1a472bc5eefc8c7ca4b9f3fbd05135450da167,70,high,MalwareBazaar,1,10,2026-10-01T16:47:10+00:00,2026-10-03T14:03:45+00:00,,,,2026-10-03 13:59:53 UTC,https://bazaar.abuse.ch/export/txt/sha256/recent/,Zərərli fayl hash-i (SHA256)
sha256,3fdd7d7fa2d1462969074a8b187df1afec27a8f7a936de2ec40724e8f070692d,70,high,MalwareBazaar,1,10,2026-10-01T16:47:10+00:00,2026-10-03T14:03:45+00:00,,,,2026-10-03 13:59:53 UTC,https://bazaar.abuse.ch/export/txt/sha256/recent/,Zərərli fayl hash-i (SHA256)
sha256,b05207cd56093187b20117a69ade68ff0eeac92cf55286df2c80180f2d9a7c57,70,high,MalwareBazaar,1,10,2026-10-01T16:47:10+00:00,2026-10-03T14:03:45+00:00,,,,2026-10-03 13:59:53 UTC,https://bazaar.abuse.ch/export/txt/sha256/recent/,Zərərli fayl hash-i (SHA256)
sha256,ddbeb5acf1e28afc53df8ba4c6a7acb854f2e544ee11ab7655f6634db406dcd7,70,high,MalwareBazaar,1,10,2026-10-01T16:47:10+00:00,2026-10-03T14:03:45+00:00,,,,2026-10-03 13:59:53 UTC,https://bazaar.abuse.ch/export/txt/sha256/recent/,Zərərli fayl hash-i (SHA256)
sha256,0b210aa601f12bc1f75ce3fec740c5c1e60d2598733b54d74f1d3efd38d04c19,70,high,MalwareBazaar,1,10,2026-10-01T16:47:10+00:00,2026-10-03T14:03:45+00:00,,,,2026-10-03 13:59:53 UTC,https://bazaar.abuse.ch/export/txt/sha256/recent/,Zərərli fayl hash-i (SHA256)
sha256,61f7877e42a106814dea98261be79052c904da96fe4c14e67fb8d640154ee5bb,70,high,MalwareBazaar,1,10,2026-10-01T16:47:10+00:00,2026-10-03T14:03:45+00:00,,,,2026-10-03 13:59:53 UTC,https://bazaar.abuse.ch/export/txt/sha256/recent/,Zərərli fayl hash-i (SHA256)
sha256,8f881f9c9eb85ac2e48031b0f7c687859e7337aa93c38c7637d314b4608ede4d,70,high,MalwareBazaar,1,10,2026-10-01T16:47:10+00:00,2026-10-03T14:03:45+00:00,,,,2026-10-03 13:59:53 UTC,https://bazaar.abuse.ch/export/txt/sha256/recent/,Zərərli fayl hash-i (SHA256)
sha256,a71b73f593d39901d03103f243509f0172c191d6a078bbc5b9d44c8bc6b894ca,70,high,MalwareBazaar,1,10,2026-10-01T16:47:10+00:00,2026-10-03T14:03:45+00:00,,,,2026-10-03 13:59:53 UTC,https://bazaar.abuse.ch/export/txt/sha256/recent/,Zərərli fayl hash-i (SHA256)
sha256,cee5f222a97fbb1e20f99aad1ec9730aca6ac47c1f65bb5ac7b1fa711af72393,70,high,MalwareBazaar,1,10,2026-10-01T16:47:10+00:00,2026-10-03T14:03:45+00:00,,,,2026-10-03 13:59:53 UTC,https://bazaar.abuse.ch/export/txt/sha256/recent/,Zərərli fayl hash-i (SHA256)
sha256,8b5669edb9b52f6ba353077edc760792f5421514d1037bfc2395f95889ce7cb8,70,high,MalwareBazaar,1,10,2026-10-01T16:47:10+00:00,2026-10-03T14:03:45+00:00,,,,2026-10-03 13:59:53 UTC,https://bazaar.abuse.ch/export/txt/sha256/recent/,Zərərli fayl hash-i (SHA256)
sha256,3f2d9ecd0227bd3d020948f99bb118809466450fc342e3475742ce9d7aa1c525,70,high,MalwareBazaar,1,10,2026-10-01T16:47:10+00:00,2026-10-03T14:03:45+00:00,,,,2026-10-03 13:59:53 UTC,https://bazaar.abuse.ch/export/txt/sha256/recent/,Zərərli fayl hash-i (SHA256)
sha256,7ddae90c1b963523d6b4266b29896f45a8b4c1d1737505ac330af3b333efcff4,70,high,MalwareBazaar,1,10,2026-10-01T16:47:10+00:00,2026-10-03T14:03:45+00:00,,,,2026-10-03 13:59:53 UTC,https://bazaar.abuse.ch/export/txt/sha256/recent/,Zərərli fayl hash-i (SHA256)
sha256,bc62edde99bc7786bf8291ac7134adf0519a91ea9ed3c9a6441a3d36931f98aa,70,high,MalwareBazaar,1,10,2026-10-01T16:47:10+00:00,2026-10-03T14:03:45+00:00,,,,2026-10-03 13:59:53 UTC,https://bazaar.abuse.ch/export/txt/sha256/recent/,Zərərli fayl hash-i (SHA256)
sha256,07d8a5dfb6a4acc0b616f23a6b0f347b45a609269e05f1349c7bb83847d9d3ae,70,high,MalwareBazaar,1,10,2026-10-01T16:47:10+00:00,2026-10-03T14:03:45+00:00,,,,2026-10-03 13:59:53 UTC,https://bazaar.abuse.ch/export/txt/sha256/recent/,Zərərli fayl hash-i (SHA256)
sha256,0273d3705b043809cb63e3f09f2b776a2a5d66e5b0afc85baaa2ee455a718b67,70,high,MalwareBazaar,1,10,2026-10-01T16:47:10+00:00,2026-10-03T14:03:45+00:00,,,,2026-10-03 13:59:53 UTC,https://bazaar.abuse.ch/export/txt/sha256/recent/,Zərərli fayl hash-i (SHA256)
sha256,4a2eac03558e085c01ce1d918022b6c637bea30b4d7022cedd7a6093cc4994fb,70,high,MalwareBazaar,1,10,2026-10-01T16:47:10+00:00,2026-10-03T14:03:45+00:00,,,,2026-10-03 13:59:53 UTC,https://bazaar.abuse.ch/export/txt/sha256/recent/,Zərərli fayl hash-i (SHA256)
sha256,ae82752c469001177aae2161bedae670c6cf33d6cb97b3c13d2cf44b5a42ee3a,70,high,MalwareBazaar,1,10,2026-10-01T16:47:10+00:00,2026-10-03T14:03:45+00:00,,,,2026-10-03 13:59:53 UTC,https://bazaar.abuse.ch/export/txt/sha256/recent/,Zərərli fayl hash-i (SHA256)
sha256,777c669b476a7ff879877f9026b425b4d5c60f1e415d53713467aeacfa77f6d5,70,high,MalwareBazaar,1,10,2026-10-01T16:47:10+00:00,2026-10-03T14:03:45+00:00,,,,2026-10-03 13:59:53 UTC,https://bazaar.abuse.ch/export/txt/sha256/recent/,Zərərli fayl hash-i (SHA256)
sha256,6f5ac28130a03271154d0b88267d835bb4ccbbf7a3009111d2d5c78d7043aac8,70,high,MalwareBazaar,1,10,2026-10-01T16:47:10+00:00,2026-10-03T14:03:45+00:00,,,,2026-10-03 13:59:53 UTC,https://bazaar.abuse.ch/export/txt/sha256/recent/,Zərərli fayl hash-i (SHA256)
sha256,a5b40d58f388618d27af28355282629cf54f3d3cd69a1020846c36d1186a9a3e,70,high,MalwareBazaar,1,10,2026-10-01T16:47:10+00:00,2026-10-03T14:03:45+00:00,,,,2026-10-03 13:59:53 UTC,https://bazaar.abuse.ch/export/txt/sha256/recent/,Zərərli fayl hash-i (SHA256)
sha256,4094c01df96f62d52db81344af9d94d218e86477662e8f4a2f2bc322fe52efc2,70,high,MalwareBazaar,1,10,2026-10-01T16:47:10+00:00,2026-10-03T14:03:45+00:00,,,,2026-10-03 13:59:53 UTC,https://bazaar.abuse.ch/export/txt/sha256/recent/,Zərərli fayl hash-i (SHA256)
sha256,715b2d7ad2e4666975390232f939a8d419ccfc1711caae995e129ae6394210aa,70,high,MalwareBazaar,1,10,2026-10-01T16:47:10+00:00,2026-10-03T14:03:45+00:00,,,,2026-10-03 13:59:53 UTC,https://bazaar.abuse.ch/export/txt/sha256/recent/,Zərərli fayl hash-i (SHA256)
sha256,251f6bb6a4273c411d0c23599fc5cc226e6483209045361dd005cc2cd0f91f9b,70,high,MalwareBazaar,1,10,2026-10-01T16:47:10+00:00,2026-10-03T14:03:45+00:00,,,,2026-10-03 13:59:53 UTC,https://bazaar.abuse.ch/export/txt/sha256/recent/,Zərərli fayl hash-i (SHA256)
sha256,7797e700a74ca41601172c378579982cfad65259317abdb8fbdcb5d4d9d55673,70,high,MalwareBazaar,1,10,2026-10-01T16:47:10+00:00,2026-10-03T14:03:45+00:00,,,,2026-10-03 13:59:53 UTC,https://bazaar.abuse.ch/export/txt/sha256/recent/,Zərərli fayl hash-i (SHA256)
sha256,8d2e89a7343c018b2640d70aee4a39c5c7946bb8e4fc8cc8d3078e6ac98f3ece,70,high,MalwareBazaar,1,10,2026-10-01T16:47:10+00:00,2026-10-03T14:03:45+00:00,,,,2026-10-03 13:59:53 UTC,https://bazaar.abuse.ch/export/txt/sha256/recent/,Zərərli fayl hash-i (SHA256)
sha256,341c21b813d923bab3221f8974d1cc592d0710247ca08aaf1b66f1ec3e0d4895,70,high,MalwareBazaar,1,10,2026-10-01T16:47:10+00:00,2026-10-03T14:03:45+00:00,,,,2026-10-03 13:59:53 UTC,https://bazaar.abuse.ch/export/txt/sha256/recent/,Zərərli fayl hash-i (SHA256)
sha256,3f85b29753bdf5a0fa6e2bd74debb4a70f36db37e3455e3e74ecbd72ab7f29fc,70,high,MalwareBazaar,1,10,2026-10-01T16:47:10+00:00,2026-10-03T14:03:45+00:00,,,,2026-10-03 13:59:53 UTC,https://bazaar.abuse.ch/export/txt/sha256/recent/,Zərərli fayl hash-i (SHA256)
sha256,4c465df5ee5184404c9ca9680e292134b3f61952098e598cc82b4c2fcc1afb47,70,high,MalwareBazaar,1,10,2026-10-01T16:47:10+00:00,2026-10-03T14:03:45+00:00,,,,2026-10-03 13:59:53 UTC,https://bazaar.abuse.ch/export/txt/sha256/recent/,Zərərli fayl hash-i (SHA256)
sha256,6b24b0904f00f7f021624f3cc00f6ef356a382544c55a0c6cb03bc2752e3bb71,70,high,MalwareBazaar,1,10,2026-10-01T16:47:10+00:00,2026-10-03T14:03:45+00:00,,,,2026-10-03 13:59:53 UTC,https://bazaar.abuse.ch/export/txt/sha256/recent/,Zərərli fayl hash-i (SHA256)
sha256,9754dc1f53c406ec8cd7f56bfaab047e81e2b08ff60cfb5c78475c318eeda47c,70,high,MalwareBazaar,1,10,2026-10-01T16:47:10+00:00,2026-10-03T14:03:45+00:00,,,,2026-10-03 13:59:53 UTC,https://bazaar.abuse.ch/export/txt/sha256/recent/,Zərərli fayl hash-i (SHA256)
sha256,26026ec76cf5d8fcb4ba5fbf9750dba0121721a54e39e1cd29a1517201055c14,70,high,MalwareBazaar,1,10,2026-10-01T16:47:10+00:00,2026-10-03T14:03:45+00:00,,,,2026-10-03 13:59:53 UTC,https://bazaar.abuse.ch/export/txt/sha256/recent/,Zərərli fayl hash-i (SHA256)
sha256,a7dfef28503fb5092f5114aa201943c86e65baa9c4731cb31d0047d86d8bf52c,70,high,MalwareBazaar,1,10,2026-10-01T16:47:10+00:00,2026-10-03T14:03:45+00:00,,,,2026-10-03 13:59:53 UTC,https://bazaar.abuse.ch/export/txt/sha256/recent/,Zərərli fayl hash-i (SHA256)
sha256,82ab935b427030e4c05b1d30c308aaf31dfbffc36177c855ff1e7cf40082b68a,70,high,MalwareBazaar,1,10,2026-10-01T16:47:10+00:00,2026-10-03T14:03:45+00:00,,,,2026-10-03 13:59:53 UTC,https://bazaar.abuse.ch/export/txt/sha256/recent/,Zərərli fayl hash-i (SHA256)
sha256,97060d6a3bcc1150e88e66753879118d836e466609a95ccdd962b81fe2cd6962,70,high,MalwareBazaar,1,10,2026-10-01T16:47:10+00:00,2026-10-03T14:03:45+00:00,,,,2026-10-03 13:59:53 UTC,https://bazaar.abuse.ch/export/txt/sha256/recent/,Zərərli fayl hash-i (SHA256)
sha256,aa17ea69626b98e2b911e39b4c3fdd2963f8c40d8f58f69d0a70509b89f6e7e6,70,high,MalwareBazaar,1,10,2026-10-01T16:47:10+00:00,2026-10-03T14:03:45+00:00,,,,2026-10-03 13:59:53 UTC,https://bazaar.abuse.ch/export/txt/sha256/recent/,Zərərli fayl hash-i (SHA256)
sha256,a0a4a14bb54cab24ed85a67e81ad9d530fb75e4b7d4b5795684ae950c5a93a79,70,high,MalwareBazaar,1,10,2026-10-01T16:47:10+00:00,2026-10-03T14:03:45+00:00,,,,2026-10-03 13:59:53 UTC,https://bazaar.abuse.ch/export/txt/sha256/recent/,Zərərli fayl hash-i (SHA256)
sha256,c3ef7f7f7ce806d744562555292cb7b84a9da7db22b9fed962650f82b35a6814,70,high,MalwareBazaar,1,10,2026-10-01T16:47:10+00:00,2026-10-03T14:03:45+00:00,,,,2026-10-03 13:59:53 UTC,https://bazaar.abuse.ch/export/txt/sha256/recent/,Zərərli fayl hash-i (SHA256)
sha256,e35e513c61e3035adf744076de76ebd2be1c43617f73ef18abbf6079b9277a3c,70,high,MalwareBazaar,1,10,2026-10-01T16:47:10+00:00,2026-10-03T14:03:45+00:00,,,,2026-10-03 13:59:53 UTC,https://bazaar.abuse.ch/export/txt/sha256/recent/,Zərərli fayl hash-i (SHA256)
sha256,8c54f60dcda7e913f32acc07568b2b761e7d4e8cbeec229b9d2777066b426e14,70,high,MalwareBazaar,1,10,2026-10-01T16:47:10+00:00,2026-10-03T14:03:45+00:00,,,,2026-10-03 13:59:53 UTC,https://bazaar.abuse.ch/export/txt/sha256/recent/,Zərərli fayl hash-i (SHA256)
sha256,44bdbca84c5f19a0ffb8de604e8e1a8955df0f63ad51857ffcb221b08d8a8c31,70,high,MalwareBazaar,1,10,2026-10-01T16:47:10+00:00,2026-10-03T14:03:45+00:00,,,,2026-10-03 13:59:53 UTC,https://bazaar.abuse.ch/export/txt/sha256/recent/,Zərərli fayl hash-i (SHA256)
sha256,8da5f4c6379cc6575bc9fd90b0d7833a5ddb69f7db5e971d51d40f5613bcdfcc,70,high,MalwareBazaar,1,10,2026-10-01T16:47:10+00:00,2026-10-03T14:03:45+00:00,,,,2026-10-03 13:59:53 UTC,https://bazaar.abuse.ch/export/txt/sha256/recent/,Zərərli fayl hash-i (SHA256)
sha256,c95e945045ad4472f26e4cdf264ea3712d8157daa4fed1fe0d5ccbb57707ff8d,70,high,MalwareBazaar,1,10,2026-10-01T16:47:10+00:00,2026-10-03T14:03:45+00:00,,,,2026-10-03 13:59:53 UTC,https://bazaar.abuse.ch/export/txt/sha256/recent/,Zərərli fayl hash-i (SHA256)
sha256,59a463d1610d03625f803d11ba91b9380e636f1830e103039681ad18edb7b1ca,70,high,MalwareBazaar,1,10,2026-10-01T16:47:10+00:00,2026-10-03T14:03:45+00:00,,,,2026-10-03 13:59:53 UTC,https://bazaar.abuse.ch/export/txt/sha256/recent/,Zərərli fayl hash-i (SHA256)
sha256,cfad1789aaa37b6f26a6a00796faea8918b7d2df6863e8596870e5fcbb9534fc,70,high,MalwareBazaar,1,10,2026-10-01T16:47:10+00:00,2026-10-03T14:03:45+00:00,,,,2026-10-03 13:59:53 UTC,https://bazaar.abuse.ch/export/txt/sha256/recent/,Zərərli fayl hash-i (SHA256)
sha256,cd78cae05d19813523c57e091ceaee7e9860270e2babef92be615f5ba28f7746,70,high,MalwareBazaar,1,10,2026-10-01T16:47:10+00:00,2026-10-03T14:03:45+00:00,,,,2026-10-03 13:59:53 UTC,https://bazaar.abuse.ch/export/txt/sha256/recent/,Zərərli fayl hash-i (SHA256)
sha256,9ae981175d5e8cf979faf9c4e3e13b3b8270c52a707b3ffc3e6f53b37ea091d2,70,high,MalwareBazaar,1,10,2026-10-01T16:47:10+00:00,2026-10-03T14:03:45+00:00,,,,2026-10-03 13:59:53 UTC,https://bazaar.abuse.ch/export/txt/sha256/recent/,Zərərli fayl hash-i (SHA256)
sha256,fa42826bcc78e1095bc932133cd6039fdda7eaaff3259974fcc0e0a31514d839,70,high,MalwareBazaar,1,9,2026-10-01T16:47:10+00:00,2026-10-03T08:42:27+00:00,,,,2026-10-03 07:32:15 UTC,https://bazaar.abuse.ch/export/txt/sha256/recent/,Zərərli fayl hash-i (SHA256)
sha256,b6ccbb6bd0caecc66cf62da38c3096cfc7920110003850e42eb50188a828a96c,70,high,MalwareBazaar,1,9,2026-10-01T16:47:10+00:00,2026-10-03T08:42:27+00:00,,,,2026-10-03 07:32:15 UTC,https://bazaar.abuse.ch/export/txt/sha256/recent/,Zərərli fayl hash-i (SHA256)
sha256,33ec42751b446aa93b5928426c6b6c2cb22fca054749a356c66a9e7222291b86,70,high,MalwareBazaar,1,9,2026-10-01T16:47:10+00:00,2026-10-03T08:42:27+00:00,,,,2026-10-03 07:32:15 UTC,https://bazaar.abuse.ch/export/txt/sha256/recent/,Zərərli fayl hash-i (SHA256)
sha256,35756ecdbb905977f945715e95e7b73e789e1809936c4fff6ebfdfcdca221453,70,high,MalwareBazaar,1,9,2026-10-01T16:47:10+00:00,2026-10-03T08:42:27+00:00,,,,2026-10-03 07:32:15 UTC,https://bazaar.abuse.ch/export/txt/sha256/recent/,Zərərli fayl hash-i (SHA256)
sha256,53051bb6f0bc9a3f41d350624318df04cd6ec298477f9368cd16100de085abbf,70,high,MalwareBazaar,1,9,2026-10-01T16:47:10+00:00,2026-10-03T08:42:27+00:00,,,,2026-10-03 07:32:15 UTC,https://bazaar.abuse.ch/export/txt/sha256/recent/,Zərərli fayl hash-i (SHA256)
sha256,6621c8be91e9f82b9c851d7089409f248759507f94dec3d7fa4ba21a08f05857,70,high,MalwareBazaar,1,9,2026-10-01T16:47:10+00:00,2026-10-03T08:42:27+00:00,,,,2026-10-03 07:32:15 UTC,https://bazaar.abuse.ch/export/txt/sha256/recent/,Zərərli fayl hash-i (SHA256)
sha256,eb5aeb779642b49eb2d7bf508aea2ebdb17875af98b8732407015da697ed262d,70,high,MalwareBazaar,1,9,2026-10-01T16:47:10+00:00,2026-10-03T08:42:27+00:00,,,,2026-10-03 07:32:15 UTC,https://bazaar.abuse.ch/export/txt/sha256/recent/,Zərərli fayl hash-i (SHA256)
sha256,82f43bffcc927756e6268f766ec2c5688c17797cb8a3d3d25dcf5ff5ee3cceb0,70,high,MalwareBazaar,1,9,2026-10-01T16:47:10+00:00,2026-10-03T08:42:27+00:00,,,,2026-10-03 07:32:15 UTC,https://bazaar.abuse.ch/export/txt/sha256/recent/,Zərərli fayl hash-i (SHA256)
sha256,525e53049dfce876f5e32aa3b9ce521e890c70be947ca21f8fe48c16037a1587,70,high,MalwareBazaar,1,9,2026-10-01T16:47:10+00:00,2026-10-03T08:42:27+00:00,,,,2026-10-03 07:32:15 UTC,https://bazaar.abuse.ch/export/txt/sha256/recent/,Zərərli fayl hash-i (SHA256)
sha256,3bcce18e7dafae3042d649a7f3257b90892f838552b7dff36e32816ef6a68950,70,high,MalwareBazaar,1,9,2026-10-01T16:47:10+00:00,2026-10-03T08:42:27+00:00,,,,2026-10-03 07:32:15 UTC,https://bazaar.abuse.ch/export/txt/sha256/recent/,Zərərli fayl hash-i (SHA256)
sha256,2689d3075aeac149823891eacf4f3f049c577a59276d38352993a6a6a338be22,70,high,MalwareBazaar,1,9,2026-10-01T16:47:10+00:00,2026-10-03T08:42:27+00:00,,,,2026-10-03 07:32:15 UTC,https://bazaar.abuse.ch/export/txt/sha256/recent/,Zərərli fayl hash-i (SHA256)
sha256,e3ec243c8f2234796c444974be84bad9359f05bc77a4d7f06a538cc434e0e1a1,70,high,MalwareBazaar,1,9,2026-10-01T16:47:10+00:00,2026-10-03T08:42:27+00:00,,,,2026-10-03 07:32:15 UTC,https://bazaar.abuse.ch/export/txt/sha256/recent/,Zərərli fayl hash-i (SHA256)
sha256,d028859d34746aefa4e484c98d94072501a8f5a6883c4783e0e869d211dc0c54,70,high,MalwareBazaar,1,9,2026-10-01T16:47:10+00:00,2026-10-03T08:42:27+00:00,,,,2026-10-03 07:32:15 UTC,https://bazaar.abuse.ch/export/txt/sha256/recent/,Zərərli fayl hash-i (SHA256)
sha256,9e50f998f0dc6807aecd06b8500ec2fd69034f71a03461d4b109df49fedbfdb5,70,high,MalwareBazaar,1,9,2026-10-01T16:47:10+00:00,2026-10-03T08:42:27+00:00,,,,2026-10-03 07:32:15 UTC,https://bazaar.abuse.ch/export/txt/sha256/recent/,Zərərli fayl hash-i (SHA256)
sha256,9c2ef4818f9ac03d14212e5429fa861facb61abd0e19423b1acc532270491240,70,high,MalwareBazaar,1,9,2026-10-01T16:47:10+00:00,2026-10-03T08:42:27+00:00,,,,2026-10-03 07:32:15 UTC,https://bazaar.abuse.ch/export/txt/sha256/recent/,Zərərli fayl hash-i (SHA256)
sha256,3ca1ecbc751237a493f7002a71394f27b22a07a42ce796f981c122956b895c48,70,high,MalwareBazaar,1,9,2026-10-01T16:47:10+00:00,2026-10-03T08:42:27+00:00,,,,2026-10-03 07:32:15 UTC,https://bazaar.abuse.ch/export/txt/sha256/recent/,Zərərli fayl hash-i (SHA256)
sha256,be361097c4bdd628bf2106d3e054e616bc4f52fd0de4f1271c51758e313c379f,70,high,MalwareBazaar,1,9,2026-10-01T16:47:10+00:00,2026-10-03T08:42:27+00:00,,,,2026-10-03 07:32:15 UTC,https://bazaar.abuse.ch/export/txt/sha256/recent/,Zərərli fayl hash-i (SHA256)
sha256,84fe0dba612df238b8ec97a8406e3c562a6402fa10b5aee92e69f84441f9bd0d,70,high,MalwareBazaar,1,9,2026-10-01T16:47:10+00:00,2026-10-03T08:42:27+00:00,,,,2026-10-03 07:32:15 UTC,https://bazaar.abuse.ch/export/txt/sha256/recent/,Zərərli fayl hash-i (SHA256)
sha256,e090b648d393bc1d1f59897d36f5978db550eca1f7d8294820281b6393b9d019,70,high,MalwareBazaar,1,9,2026-10-01T16:47:10+00:00,2026-10-03T08:42:27+00:00,,,,2026-10-03 07:32:15 UTC,https://bazaar.abuse.ch/export/txt/sha256/recent/,Zərərli fayl hash-i (SHA256)
sha256,f0d5aed134725781be36433599b5b599f60b2e727e4f87644abb8a6e8b90ec50,70,high,MalwareBazaar,1,9,2026-10-01T16:47:10+00:00,2026-10-03T08:42:27+00:00,,,,2026-10-03 07:32:15 UTC,https://bazaar.abuse.ch/export/txt/sha256/recent/,Zərərli fayl hash-i (SHA256)
sha256,18a05dde0bb7d83a5f7db270f33ef803b6b41eb2c60d38c965dca73e8215cb8b,70,high,MalwareBazaar,1,9,2026-10-01T16:47:10+00:00,2026-10-03T08:42:27+00:00,,,,2026-10-03 07:32:15 UTC,https://bazaar.abuse.ch/export/txt/sha256/recent/,Zərərli fayl hash-i (SHA256)
sha256,298c22daa1a7313c45c335083657ef4602f43526f2369be507db55f3831e5175,70,high,MalwareBazaar,1,9,2026-10-01T16:47:10+00:00,2026-10-03T08:42:27+00:00,,,,2026-10-03 07:32:15 UTC,https://bazaar.abuse.ch/export/txt/sha256/recent/,Zərərli fayl hash-i (SHA256)
sha256,e61c80395edf789ddd787d0ed19a31e95a484f63109be28fe4b11fc4ae5ee7cd,70,high,MalwareBazaar,1,9,2026-10-01T16:47:10+00:00,2026-10-03T08:42:27+00:00,,,,2026-10-03 07:32:15 UTC,https://bazaar.abuse.ch/export/txt/sha256/recent/,Zərərli fayl hash-i (SHA256)
sha256,7f4029a66f46ae7f599f041c2b514514b433593cd33fcdcd822d0a2c59daa19f,70,high,MalwareBazaar,1,9,2026-10-01T16:47:10+00:00,2026-10-03T08:42:27+00:00,,,,2026-10-03 07:32:15 UTC,https://bazaar.abuse.ch/export/txt/sha256/recent/,Zərərli fayl hash-i (SHA256)
sha256,ee9bfdacfcfa01c2bb9331ec1523d8b7845e917b9f17df38aa736f2ff8c47d1b,70,high,MalwareBazaar,1,9,2026-10-01T16:47:10+00:00,2026-10-03T08:42:27+00:00,,,,2026-10-03 07:32:15 UTC,https://bazaar.abuse.ch/export/txt/sha256/recent/,Zərərli fayl hash-i (SHA256)
sha256,e336fdc9fb561d17dc9b7864b4c7ac2af7995e86906118e4934f32b922140ce4,70,high,MalwareBazaar,1,9,2026-10-01T16:47:10+00:00,2026-10-03T08:42:27+00:00,,,,2026-10-03 07:32:15 UTC,https://bazaar.abuse.ch/export/txt/sha256/recent/,Zərərli fayl hash-i (SHA256)
sha256,459e97f5b8d795a92dbf80d4291082bb27193fabe4c52ed8f19ef8b0bd8ad676,70,high,MalwareBazaar,1,9,2026-10-01T16:47:10+00:00,2026-10-03T08:42:27+00:00,,,,2026-10-03 07:32:15 UTC,https://bazaar.abuse.ch/export/txt/sha256/recent/,Zərərli fayl hash-i (SHA256)
sha256,7c0578e4ba56ed28b6f0f16740d7c7a0bd716f6118a0ddd3eb68079eb3c4b00e,70,high,MalwareBazaar,1,9,2026-10-01T16:47:10+00:00,2026-10-03T08:42:27+00:00,,,,2026-10-03 07:32:15 UTC,https://bazaar.abuse.ch/export/txt/sha256/recent/,Zərərli fayl hash-i (SHA256)
sha256,50541fc7c02b48f363ce4ce25113952a809c6c937e9c1ec9b3e35af4251fb4d8,70,high,MalwareBazaar,1,9,2026-10-01T16:47:10+00:00,2026-10-03T08:42:27+00:00,,,,2026-10-03 07:32:15 UTC,https://bazaar.abuse.ch/export/txt/sha256/recent/,Zərərli fayl hash-i (SHA256)
sha256,42aa9af71f749fa7408542637ac637c981db77d2530ef9f23ae9bdaae8484bb5,70,high,MalwareBazaar,1,9,2026-10-01T16:47:10+00:00,2026-10-03T08:42:27+00:00,,,,2026-10-03 07:32:15 UTC,https://bazaar.abuse.ch/export/txt/sha256/recent/,Zərərli fayl hash-i (SHA256)
sha256,e42563dca2423b4ccc5f8ef01dd9d02d7a53447d99a21650d41e2ef677089f2c,70,high,MalwareBazaar,1,9,2026-10-01T16:47:10+00:00,2026-10-03T08:42:27+00:00,,,,2026-10-03 07:32:15 UTC,https://bazaar.abuse.ch/export/txt/sha256/recent/,Zərərli fayl hash-i (SHA256)
sha256,d5448084b38eb03359787cfaa22e8b2654eeb097233824a558b61c59140bcbf8,70,high,MalwareBazaar,1,9,2026-10-01T16:47:10+00:00,2026-10-03T08:42:27+00:00,,,,2026-10-03 07:32:15 UTC,https://bazaar.abuse.ch/export/txt/sha256/recent/,Zərərli fayl hash-i (SHA256)
sha256,a810a312427e25f50786e30f9dbefec795a10990571ec96a026d2e77bad77b97,70,high,MalwareBazaar,1,9,2026-10-01T16:47:10+00:00,2026-10-03T08:42:27+00:00,,,,2026-10-03 07:32:15 UTC,https://bazaar.abuse.ch/export/txt/sha256/recent/,Zərərli fayl hash-i (SHA256)
sha256,01a2bb200eb09a09dc3ea86a9869bec1b45fca2544bc7d4eb33a35dd25bc690d,70,high,MalwareBazaar,1,9,2026-10-01T16:47:10+00:00,2026-10-03T08:42:27+00:00,,,,2026-10-03 07:32:15 UTC,https://bazaar.abuse.ch/export/txt/sha256/recent/,Zərərli fayl hash-i (SHA256)
sha256,37aab555c8b1e0b0247b317bf8f7d7b220df839b8a2854cb24295c134e414711,70,high,MalwareBazaar,1,9,2026-10-01T16:47:10+00:00,2026-10-03T08:42:27+00:00,,,,2026-10-03 07:32:15 UTC,https://bazaar.abuse.ch/export/txt/sha256/recent/,Zərərli fayl hash-i (SHA256)
sha256,e357459264e15aee50bb860c7ad3f50b505123b65159a4e9da23cb35ca90cddf,70,high,MalwareBazaar,1,9,2026-10-01T16:47:10+00:00,2026-10-03T08:42:27+00:00,,,,2026-10-03 07:32:15 UTC,https://bazaar.abuse.ch/export/txt/sha256/recent/,Zərərli fayl hash-i (SHA256)
sha256,4820b3beb705e44ffd80847e400161559159908dd286462db5f210079a0f4506,70,high,MalwareBazaar,1,9,2026-10-01T16:47:10+00:00,2026-10-03T08:42:27+00:00,,,,2026-10-03 07:32:15 UTC,https://bazaar.abuse.ch/export/txt/sha256/recent/,Zərərli fayl hash-i (SHA256)
sha256,1be5aa233a3cc8bac272d9a4cb974875c39435d3af601e0eb7fe058377d03b21,70,high,MalwareBazaar,1,9,2026-10-01T16:47:10+00:00,2026-10-03T08:42:27+00:00,,,,2026-10-03 07:32:15 UTC,https://bazaar.abuse.ch/export/txt/sha256/recent/,Zərərli fayl hash-i (SHA256)
sha256,5acf67271609c7ace3ffdf45f3bd40e39c1de5b905aae0163d776ee618f2c210,70,high,MalwareBazaar,1,9,2026-10-01T16:47:10+00:00,2026-10-03T08:42:27+00:00,,,,2026-10-03 07:32:15 UTC,https://bazaar.abuse.ch/export/txt/sha256/recent/,Zərərli fayl hash-i (SHA256)
sha256,d37d13fe1f31953b5e4f42ad0752d73aa149188a865c6e0ac9aab828f564dc82,70,high,MalwareBazaar,1,9,2026-10-01T16:47:10+00:00,2026-10-03T08:42:27+00:00,,,,2026-10-03 07:32:15 UTC,https://bazaar.abuse.ch/export/txt/sha256/recent/,Zərərli fayl hash-i (SHA256)
sha256,c6870cd8c9119b2f95a7c5aa7595d5c85f5447809244e999e84115b25d2636cb,70,high,MalwareBazaar,1,9,2026-10-01T16:47:10+00:00,2026-10-03T08:42:27+00:00,,,,2026-10-03 07:32:15 UTC,https://bazaar.abuse.ch/export/txt/sha256/recent/,Zərərli fayl hash-i (SHA256)
sha256,d31edeb3a92a3f5fa0c35100e34a2b29526e665a5e8abc32069474557d5c72c2,70,high,MalwareBazaar,1,9,2026-10-01T16:47:10+00:00,2026-10-03T08:42:27+00:00,,,,2026-10-03 07:32:15 UTC,https://bazaar.abuse.ch/export/txt/sha256/recent/,Zərərli fayl hash-i (SHA256)
sha256,a93a821368299e7a802b539134923156504348a0ba98437dac970fa922096ced,70,high,MalwareBazaar,1,9,2026-10-01T16:47:10+00:00,2026-10-03T08:42:27+00:00,,,,2026-10-03 07:32:15 UTC,https://bazaar.abuse.ch/export/txt/sha256/recent/,Zərərli fayl hash-i (SHA256)
sha256,4ebd2891b4f7eb5570cd46e7f2c2317f7b54b0e882b0c2d8989b04fd997e7da5,70,high,MalwareBazaar,1,9,2026-10-01T16:47:10+00:00,2026-10-03T08:42:27+00:00,,,,2026-10-03 07:32:15 UTC,https://bazaar.abuse.ch/export/txt/sha256/recent/,Zərərli fayl hash-i (SHA256)
sha256,4b5a13f7827bf120700bd31edf92f02c12786a83a56d97c09a0ac733a31be3d5,70,high,MalwareBazaar,1,9,2026-10-01T16:47:10+00:00,2026-10-03T08:42:27+00:00,,,,2026-10-03 07:32:15 UTC,https://bazaar.abuse.ch/export/txt/sha256/recent/,Zərərli fayl hash-i (SHA256)
sha256,cda0b97fc6c363892854136864eeeb07e40e28a7c44c6a26d78eefe01805e187,70,high,MalwareBazaar,1,9,2026-10-01T16:47:10+00:00,2026-10-03T08:42:27+00:00,,,,2026-10-03 07:32:15 UTC,https://bazaar.abuse.ch/export/txt/sha256/recent/,Zərərli fayl hash-i (SHA256)
sha256,f139c5259ab86577083c31f2619ea13a2704532a3b1a9005baef018b64ab86af,70,high,MalwareBazaar,1,9,2026-10-01T16:47:10+00:00,2026-10-03T08:42:27+00:00,,,,2026-10-03 07:32:15 UTC,https://bazaar.abuse.ch/export/txt/sha256/recent/,Zərərli fayl hash-i (SHA256)
sha256,96e761badd72c2504ff8b0913e8b94710005eef596bab8f12e880a7fb57ed680,70,high,MalwareBazaar,1,9,2026-10-01T16:47:10+00:00,2026-10-03T08:42:27+00:00,,,,2026-10-03 07:32:15 UTC,https://bazaar.abuse.ch/export/txt/sha256/recent/,Zərərli fayl hash-i (SHA256)
sha256,96a3bee0699b7f2e6252ec8ebbd5d8aa8fd4fff7c7c9f5eab4ac1dcc6e8bd315,70,high,MalwareBazaar,1,9,2026-10-01T16:47:10+00:00,2026-10-03T08:42:27+00:00,,,,2026-10-03 07:32:15 UTC,https://bazaar.abuse.ch/export/txt/sha256/recent/,Zərərli fayl hash-i (SHA256)
sha256,54b789adb673ab56eef5053d6af05152cb96614e0a43d992701d7a26956fd4c9,70,high,MalwareBazaar,1,9,2026-10-01T16:47:10+00:00,2026-10-03T08:42:27+00:00,,,,2026-10-03 07:32:15 UTC,https://bazaar.abuse.ch/export/txt/sha256/recent/,Zərərli fayl hash-i (SHA256)
sha256,ef3e92960e7c1aaa479f2710a175a2b26176990804286f4caad0c5ba5cb9e260,70,high,MalwareBazaar,1,11,2026-10-01T14:03:27+00:00,2026-10-03T08:42:27+00:00,,,,2026-10-03 07:32:15 UTC,https://bazaar.abuse.ch/export/txt/sha256/recent/,Zərərli fayl hash-i (SHA256)
sha256,e3bdc30774dee826b6b9cf6ba4c58927f2baf333ccc03bf4fe0ea4ea11e82415,70,high,MalwareBazaar,1,11,2026-10-01T14:03:27+00:00,2026-10-03T08:42:27+00:00,,,,2026-10-03 07:32:15 UTC,https://bazaar.abuse.ch/export/txt/sha256/recent/,Zərərli fayl hash-i (SHA256)
sha256,7b6f90225e05eb96a9fb67ab38e33faaa79132a1286ec212aed295754517e614,70,high,MalwareBazaar,1,11,2026-10-01T14:03:27+00:00,2026-10-03T08:42:27+00:00,,,,2026-10-03 07:32:15 UTC,https://bazaar.abuse.ch/export/txt/sha256/recent/,Zərərli fayl hash-i (SHA256)
sha256,5dcf38bd8c31e22983b352b97e88ca2cb72953a3b17319eab05fbc50721f8ed1,70,high,MalwareBazaar,1,11,2026-10-01T14:03:27+00:00,2026-10-03T08:42:27+00:00,,,,2026-10-03 07:32:15 UTC,https://bazaar.abuse.ch/export/txt/sha256/recent/,Zərərli fayl hash-i (SHA256)
sha256,69c5435a16a0b4ed519f55f48d3620a27fc053187ec1523321ca4d5962655c9f,70,high,MalwareBazaar,1,11,2026-10-01T14:03:27+00:00,2026-10-03T08:42:27+00:00,,,,2026-10-03 07:32:15 UTC,https://bazaar.abuse.ch/export/txt/sha256/recent/,Zərərli fayl hash-i (SHA256)
sha256,f19e2d82b90a19302da08aa8d68861be9c7fb070a655cae64135cd5d34f60150,70,high,MalwareBazaar,1,11,2026-10-01T14:03:27+00:00,2026-10-03T08:42:27+00:00,,,,2026-10-03 07:32:15 UTC,https://bazaar.abuse.ch/export/txt/sha256/recent/,Zərərli fayl hash-i (SHA256)
sha256,4d7c9f806d61471cd3a2b4e269475dd5f8fc14d2323a607d8e03e64c01906d57,70,high,MalwareBazaar,1,11,2026-10-01T14:03:27+00:00,2026-10-03T08:42:27+00:00,,,,2026-10-03 07:32:15 UTC,https://bazaar.abuse.ch/export/txt/sha256/recent/,Zərərli fayl hash-i (SHA256)
sha256,b97d955604916dc2b363eb7a390b37fa3f9d84c2830baff456a6e55c070a2ec9,70,high,MalwareBazaar,1,11,2026-10-01T14:03:27+00:00,2026-10-03T08:42:27+00:00,,,,2026-10-03 07:32:15 UTC,https://bazaar.abuse.ch/export/txt/sha256/recent/,Zərərli fayl hash-i (SHA256)
sha256,ee49736bb00105c87603fad83dc51a753a9c22ae292fc0c04bdcf0781ab26674,70,high,MalwareBazaar,1,11,2026-10-01T14:03:27+00:00,2026-10-03T08:42:27+00:00,,,,2026-10-03 07:32:15 UTC,https://bazaar.abuse.ch/export/txt/sha256/recent/,Zərərli fayl hash-i (SHA256)
sha256,9e8b9f17d96e2f4af60fd2d820620046d065221a438ce44f50b1f1c57a40dc4a,70,high,MalwareBazaar,1,11,2026-10-01T14:03:27+00:00,2026-10-03T08:42:27+00:00,,,,2026-10-03 07:32:15 UTC,https://bazaar.abuse.ch/export/txt/sha256/recent/,Zərərli fayl hash-i (SHA256)
sha256,5b31d8bbcb8b5aa05c7382d756974c2b37974f35c1beb8e06e8752d9892c1e88,70,high,MalwareBazaar,1,11,2026-10-01T14:03:27+00:00,2026-10-03T08:42:27+00:00,,,,2026-10-03 07:32:15 UTC,https://bazaar.abuse.ch/export/txt/sha256/recent/,Zərərli fayl hash-i (SHA256)
sha256,145b4192132848b4ca6d1599858ccd1782a16348c8b84093b326805060d63dd8,70,high,MalwareBazaar,1,11,2026-10-01T14:03:27+00:00,2026-10-03T08:42:27+00:00,,,,2026-10-03 07:32:15 UTC,https://bazaar.abuse.ch/export/txt/sha256/recent/,Zərərli fayl hash-i (SHA256)
sha256,342045cc364fba078e76a58656818a3d3477b35a4575358c6910546bdc44516f,70,high,MalwareBazaar,1,11,2026-10-01T14:03:27+00:00,2026-10-03T08:42:27+00:00,,,,2026-10-03 07:32:15 UTC,https://bazaar.abuse.ch/export/txt/sha256/recent/,Zərərli fayl hash-i (SHA256)
sha256,3833a87acf0e19acb201cd5082f9580903eaf950f13545025542e2f5116062ae,70,high,MalwareBazaar,1,11,2026-10-01T14:03:27+00:00,2026-10-03T08:42:27+00:00,,,,2026-10-03 07:32:15 UTC,https://bazaar.abuse.ch/export/txt/sha256/recent/,Zərərli fayl hash-i (SHA256)
sha256,9ea89735dfc24c562fad0a491b2450459b48d9d1d0ad8b0c5d260eedecf8f034,70,high,MalwareBazaar,1,11,2026-10-01T14:03:27+00:00,2026-10-03T08:42:27+00:00,,,,2026-10-03 07:32:15 UTC,https://bazaar.abuse.ch/export/txt/sha256/recent/,Zərərli fayl hash-i (SHA256)
sha256,87fdd017c3844a6aa90d79e9a23fb65274225a693099842c9a984834d8ac36e3,70,high,MalwareBazaar,1,11,2026-10-01T14:03:27+00:00,2026-10-03T08:42:27+00:00,,,,2026-10-03 07:32:15 UTC,https://bazaar.abuse.ch/export/txt/sha256/recent/,Zərərli fayl hash-i (SHA256)
sha256,774804269c551c1bca7c2ddebd28e63804e8b7e6c10b17241ef540e1718df6bf,70,high,MalwareBazaar,1,11,2026-10-01T14:03:27+00:00,2026-10-03T08:42:27+00:00,,,,2026-10-03 07:32:15 UTC,https://bazaar.abuse.ch/export/txt/sha256/recent/,Zərərli fayl hash-i (SHA256)
sha256,665b418c0ed1145f6e18224dded3460d7a99fee7255b5657addf32f58714db7c,70,high,MalwareBazaar,1,11,2026-10-01T14:03:27+00:00,2026-10-03T08:42:27+00:00,,,,2026-10-03 07:32:15 UTC,https://bazaar.abuse.ch/export/txt/sha256/recent/,Zərərli fayl hash-i (SHA256)
sha256,4542592d16724dce946519513d7936e25255434e1c87991f814bc5f0fb26b569,70,high,MalwareBazaar,1,11,2026-10-01T14:03:27+00:00,2026-10-03T08:42:27+00:00,,,,2026-10-03 07:32:15 UTC,https://bazaar.abuse.ch/export/txt/sha256/recent/,Zərərli fayl hash-i (SHA256)
sha256,1f6d592cb634f80af6c44c9ec183f09c766aa110832ddd65050458d4ef491ab6,70,high,MalwareBazaar,1,11,2026-10-01T14:03:27+00:00,2026-10-03T08:42:27+00:00,,,,2026-10-03 07:32:15 UTC,https://bazaar.abuse.ch/export/txt/sha256/recent/,Zərərli fayl hash-i (SHA256)
sha256,9e620b0d7d283ec9b2fc84197bd274a777564949c4cc82e0161d12765f8f6f55,70,high,MalwareBazaar,1,11,2026-10-01T14:03:27+00:00,2026-10-03T08:42:27+00:00,,,,2026-10-03 07:32:15 UTC,https://bazaar.abuse.ch/export/txt/sha256/recent/,Zərərli fayl hash-i (SHA256)
sha256,80fca33504c70bfa3124939718a07be674bc850a065205fa71aa8a3acbcc0c3a,70,high,MalwareBazaar,1,11,2026-10-01T14:03:27+00:00,2026-10-03T08:42:27+00:00,,,,2026-10-03 07:32:15 UTC,https://bazaar.abuse.ch/export/txt/sha256/recent/,Zərərli fayl hash-i (SHA256)
sha256,dce648d8f69edc85bb1301f25f1a357dc2c9eec0a0d363b19e265947a8857752,70,high,MalwareBazaar,1,11,2026-10-01T14:03:27+00:00,2026-10-03T08:42:27+00:00,,,,2026-10-03 07:32:15 UTC,https://bazaar.abuse.ch/export/txt/sha256/recent/,Zərərli fayl hash-i (SHA256)
sha256,f8167aadea0051860bcacf6c7de8f7248b5f34bf2ec14d1e7311f18d33784ea3,70,high,MalwareBazaar,1,11,2026-10-01T14:03:27+00:00,2026-10-03T08:42:27+00:00,,,,2026-10-03 07:32:15 UTC,https://bazaar.abuse.ch/export/txt/sha256/recent/,Zərərli fayl hash-i (SHA256)
sha256,6fddf88f03977e55c85ecd8d8593d24ed9b02a982e9e8649706ca2fd32b6a135,70,high,MalwareBazaar,1,11,2026-10-01T14:03:27+00:00,2026-10-03T08:42:27+00:00,,,,2026-10-03 07:32:15 UTC,https://bazaar.abuse.ch/export/txt/sha256/recent/,Zərərli fayl hash-i (SHA256)
sha256,ab0deb68698192ede6e4d11ea83bb5d6a230daa27cb06e732945d069907a1a5f,70,high,MalwareBazaar,1,11,2026-10-01T14:03:27+00:00,2026-10-03T08:42:27+00:00,,,,2026-10-03 07:32:15 UTC,https://bazaar.abuse.ch/export/txt/sha256/recent/,Zərərli fayl hash-i (SHA256)
sha256,589fdb0d90375a2d62f41c73c8f83a56c78448d44266cba0b2c29c25f5de5cb6,70,high,MalwareBazaar,1,11,2026-10-01T14:03:27+00:00,2026-10-03T08:42:27+00:00,,,,2026-10-03 07:32:15 UTC,https://bazaar.abuse.ch/export/txt/sha256/recent/,Zərərli fayl hash-i (SHA256)
sha256,83aff044e84f371302564d2d0132720be6dff61d0b448dc63538512fb34e142d,70,high,MalwareBazaar,1,11,2026-10-01T14:03:27+00:00,2026-10-03T08:42:27+00:00,,,,2026-10-03 07:32:15 UTC,https://bazaar.abuse.ch/export/txt/sha256/recent/,Zərərli fayl hash-i (SHA256)
sha256,cb11db3b97b9dd4bcde1a6a77c26fc004874af7636ada884f2f37b8cc32d23d5,70,high,MalwareBazaar,1,11,2026-10-01T14:03:27+00:00,2026-10-03T08:42:27+00:00,,,,2026-10-03 07:32:15 UTC,https://bazaar.abuse.ch/export/txt/sha256/recent/,Zərərli fayl hash-i (SHA256)
sha256,412fddd3da145c28cc03b53b7fd80a0e337f34e50d0d4d59c3e9c734d861b37c,70,high,MalwareBazaar,1,11,2026-10-01T14:03:27+00:00,2026-10-03T08:42:27+00:00,,,,2026-10-03 07:32:15 UTC,https://bazaar.abuse.ch/export/txt/sha256/recent/,Zərərli fayl hash-i (SHA256)
sha256,49674744f9ce1724c4d1b957b0e2ecf9c50b3104cc2e7a4b085bc1f1232b04ad,70,high,MalwareBazaar,1,11,2026-10-01T14:03:27+00:00,2026-10-03T08:42:27+00:00,,,,2026-10-03 07:32:15 UTC,https://bazaar.abuse.ch/export/txt/sha256/recent/,Zərərli fayl hash-i (SHA256)
sha256,1b1d27c505ec561285ce1e5a5816c96256e3abd551ad1ad5d5c7af73f440a518,70,high,MalwareBazaar,1,11,2026-10-01T14:03:27+00:00,2026-10-03T08:42:27+00:00,,,,2026-10-03 07:32:15 UTC,https://bazaar.abuse.ch/export/txt/sha256/recent/,Zərərli fayl hash-i (SHA256)
sha256,9c5641818d13482c0220c84ee368bcb1bc8a8bf85dcf03e9330b104e50860f6d,70,high,MalwareBazaar,1,11,2026-10-01T14:03:27+00:00,2026-10-03T08:42:27+00:00,,,,2026-10-03 07:32:15 UTC,https://bazaar.abuse.ch/export/txt/sha256/recent/,Zərərli fayl hash-i (SHA256)
sha256,7cdf00ac69af2de8c508490fc20cd6bfe41a90e2f67a8e177ae181a4c96620b2,70,high,MalwareBazaar,1,11,2026-10-01T14:03:27+00:00,2026-10-03T08:42:27+00:00,,,,2026-10-03 07:32:15 UTC,https://bazaar.abuse.ch/export/txt/sha256/recent/,Zərərli fayl hash-i (SHA256)
sha256,aff6c6617a68ca753b89ae242d7a18bfd5789b429346935047e110758d35ba15,70,high,MalwareBazaar,1,11,2026-10-01T14:03:27+00:00,2026-10-03T08:42:27+00:00,,,,2026-10-03 07:32:15 UTC,https://bazaar.abuse.ch/export/txt/sha256/recent/,Zərərli fayl hash-i (SHA256)
sha256,c36306eac4abc0794527e0dcdf8b3d6633813aa44b40b07a500753cbcd6bf084,70,high,MalwareBazaar,1,11,2026-10-01T14:03:27+00:00,2026-10-03T08:42:27+00:00,,,,2026-10-03 07:32:15 UTC,https://bazaar.abuse.ch/export/txt/sha256/recent/,Zərərli fayl hash-i (SHA256)
sha256,ed211e5be2469abc057d1d9d676a947a3dc8eaa013d08e382b204ded16f6eaba,70,high,MalwareBazaar,1,11,2026-10-01T14:03:27+00:00,2026-10-03T08:42:27+00:00,,,,2026-10-03 07:32:15 UTC,https://bazaar.abuse.ch/export/txt/sha256/recent/,Zərərli fayl hash-i (SHA256)
sha256,e1fcf40681ad63768a46c6c67ebd21ce0709ed695744216b36556988331c1df1,70,high,MalwareBazaar,1,11,2026-10-01T14:03:27+00:00,2026-10-03T08:42:27+00:00,,,,2026-10-03 07:32:15 UTC,https://bazaar.abuse.ch/export/txt/sha256/recent/,Zərərli fayl hash-i (SHA256)
sha256,cf58978a53b7bc0e1611cbae3d67a4bacf1b20883a3914b938dfc69c6867aebb,70,high,MalwareBazaar,1,11,2026-10-01T14:03:27+00:00,2026-10-03T08:42:27+00:00,,,,2026-10-03 07:32:15 UTC,https://bazaar.abuse.ch/export/txt/sha256/recent/,Zərərli fayl hash-i (SHA256)
sha256,857a410096a54d3468d461cc0d100f6c3de4c09e0ba4d276cdb5142634d1cd44,70,high,MalwareBazaar,1,11,2026-10-01T14:03:27+00:00,2026-10-03T08:42:27+00:00,,,,2026-10-03 07:32:15 UTC,https://bazaar.abuse.ch/export/txt/sha256/recent/,Zərərli fayl hash-i (SHA256)
sha256,c54ff667d115f926369c047771a9b037a746de7b0d887af2aa1714c04b6c9938,70,high,MalwareBazaar,1,11,2026-10-01T14:03:27+00:00,2026-10-03T08:42:27+00:00,,,,2026-10-03 07:32:15 UTC,https://bazaar.abuse.ch/export/txt/sha256/recent/,Zərərli fayl hash-i (SHA256)
sha256,c4ae6a2b7c67efa3367d5ad4633a1f6e8c7add56c39874f107c41d93056ff2fc,70,high,MalwareBazaar,1,11,2026-10-01T14:03:27+00:00,2026-10-03T08:42:27+00:00,,,,2026-10-03 07:32:15 UTC,https://bazaar.abuse.ch/export/txt/sha256/recent/,Zərərli fayl hash-i (SHA256)
sha256,46390106bf0b4d2ae4b4f9743d384c1ca46503a5132b5279d181f369eb8d3089,70,high,MalwareBazaar,1,11,2026-10-01T14:03:27+00:00,2026-10-03T08:42:27+00:00,,,,2026-10-03 07:32:15 UTC,https://bazaar.abuse.ch/export/txt/sha256/recent/,Zərərli fayl hash-i (SHA256)
sha256,73cabb82125e3bd955123ed4a6993a86816be33377feb4355d555b6c1d05a892,70,high,MalwareBazaar,1,11,2026-10-01T14:03:27+00:00,2026-10-03T08:42:27+00:00,,,,2026-10-03 07:32:15 UTC,https://bazaar.abuse.ch/export/txt/sha256/recent/,Zərərli fayl hash-i (SHA256)
sha256,c78b14cafdf642bb3c1d1f4d07db4f7994b61f561a1a709f066ac534cd465c89,70,high,MalwareBazaar,1,11,2026-10-01T14:03:27+00:00,2026-10-03T08:42:27+00:00,,,,2026-10-03 07:32:15 UTC,https://bazaar.abuse.ch/export/txt/sha256/recent/,Zərərli fayl hash-i (SHA256)
sha256,a9d7b4dee8384b84b8ee0924837d746990853b3b7b26c3d261a3f1c30964a947,70,high,MalwareBazaar,1,11,2026-10-01T14:03:27+00:00,2026-10-03T08:42:27+00:00,,,,2026-10-03 07:32:15 UTC,https://bazaar.abuse.ch/export/txt/sha256/recent/,Zərərli fayl hash-i (SHA256)
sha256,0e75e31c5e86d103f84f6a77b529e4e4348b16e7feceb76f1b2bf92188bcb852,70,high,MalwareBazaar,1,11,2026-10-01T14:03:27+00:00,2026-10-03T08:42:27+00:00,,,,2026-10-03 07:32:15 UTC,https://bazaar.abuse.ch/export/txt/sha256/recent/,Zərərli fayl hash-i (SHA256)
sha256,011ad4bbc6508684efe8710661a3401d204aa083c09e7372979a9ed731a75797,70,high,MalwareBazaar,1,11,2026-10-01T14:03:27+00:00,2026-10-03T08:42:27+00:00,,,,2026-10-03 07:32:15 UTC,https://bazaar.abuse.ch/export/txt/sha256/recent/,Zərərli fayl hash-i (SHA256)
sha256,de3b5ecdb643ca6bff5515334e844a42f4d9e6610377c3e8af8521043c7f835d,70,high,MalwareBazaar,1,11,2026-10-01T14:03:27+00:00,2026-10-03T08:42:27+00:00,,,,2026-10-03 07:32:15 UTC,https://bazaar.abuse.ch/export/txt/sha256/recent/,Zərərli fayl hash-i (SHA256)
sha256,827b5bddef592c0609fec5cf90049043e2055d2522409acc67d234ebdc3f6a8c,70,high,MalwareBazaar,1,11,2026-10-01T14:03:27+00:00,2026-10-03T08:42:27+00:00,,,,2026-10-03 07:32:15 UTC,https://bazaar.abuse.ch/export/txt/sha256/recent/,Zərərli fayl hash-i (SHA256)
sha256,697d078196f712b1f736f72dc73c7907b0f99fd67a51dc6cec6d64fa35633760,70,high,MalwareBazaar,1,11,2026-10-01T14:03:27+00:00,2026-10-03T08:42:27+00:00,,,,2026-10-03 07:32:15 UTC,https://bazaar.abuse.ch/export/txt/sha256/recent/,Zərərli fayl hash-i (SHA256)
sha256,9c5a110373caec16fa03e6fc9813d18a7a87c3ca66dab2047e141149e442274c,70,high,MalwareBazaar,1,11,2026-10-01T14:03:27+00:00,2026-10-03T08:42:27+00:00,,,,2026-10-03 07:32:15 UTC,https://bazaar.abuse.ch/export/txt/sha256/recent/,Zərərli fayl hash-i (SHA256)
sha256,283487cf5ec57bb63898ce2de4e4c38cd2a13363070ef38c679e95f6a0f41f0d,70,high,MalwareBazaar,1,11,2026-10-01T14:03:27+00:00,2026-10-03T08:42:27+00:00,,,,2026-10-03 07:32:15 UTC,https://bazaar.abuse.ch/export/txt/sha256/recent/,Zərərli fayl hash-i (SHA256)
sha256,02e475facaba8ced8cd00115c9bfef5888a42e6582414280f4e3a42ed5c2bdfb,70,high,MalwareBazaar,1,11,2026-10-01T14:03:27+00:00,2026-10-03T08:42:27+00:00,,,,2026-10-03 07:32:15 UTC,https://bazaar.abuse.ch/export/txt/sha256/recent/,Zərərli fayl hash-i (SHA256)
sha256,7452ad5644ba30adcd4b024787662f893a5fe9515a7c0689b148241a16de84ca,70,high,MalwareBazaar,1,11,2026-10-01T14:03:27+00:00,2026-10-03T08:42:27+00:00,,,,2026-10-03 07:32:15 UTC,https://bazaar.abuse.ch/export/txt/sha256/recent/,Zərərli fayl hash-i (SHA256)
sha256,6b06c99092ab96e9783f87cce3559a282a691d911aa51f2d2468983bacd88010,70,high,MalwareBazaar,1,11,2026-10-01T14:03:27+00:00,2026-10-03T08:42:27+00:00,,,,2026-10-03 07:32:15 UTC,https://bazaar.abuse.ch/export/txt/sha256/recent/,Zərərli fayl hash-i (SHA256)
sha256,96205f2b335e1de6f9904e4b5ac4b81c3a71dbde471a90e22eb80a5f9e55af9d,70,high,MalwareBazaar,1,11,2026-10-01T14:03:27+00:00,2026-10-03T08:42:27+00:00,,,,2026-10-03 07:32:15 UTC,https://bazaar.abuse.ch/export/txt/sha256/recent/,Zərərli fayl hash-i (SHA256)
sha256,824c1b3a2cff96eab36e80b183e5ec5afc57864c1a8516a396acb4ea45437eed,70,high,MalwareBazaar,1,11,2026-10-01T14:03:27+00:00,2026-10-03T08:42:27+00:00,,,,2026-10-03 07:32:15 UTC,https://bazaar.abuse.ch/export/txt/sha256/recent/,Zərərli fayl hash-i (SHA256)
sha256,274ef738a146d4f472a1688c87affc57c64b0b79921a331c8e9261e27efc8b89,70,high,MalwareBazaar,1,11,2026-10-01T14:03:27+00:00,2026-10-03T08:42:27+00:00,,,,2026-10-03 07:32:15 UTC,https://bazaar.abuse.ch/export/txt/sha256/recent/,Zərərli fayl hash-i (SHA256)
sha256,554cde31c2d443a18d0a4ae081bb535f690a3d3b60ce217b425196ed2c53fecb,70,high,MalwareBazaar,1,11,2026-10-01T14:03:27+00:00,2026-10-03T08:42:27+00:00,,,,2026-10-03 07:32:15 UTC,https://bazaar.abuse.ch/export/txt/sha256/recent/,Zərərli fayl hash-i (SHA256)
sha256,91a7700458df1c2ec3d97f9a15633c87ac7c40a758cdb61f9a3700075f98bcd0,70,high,MalwareBazaar,1,11,2026-10-01T14:03:27+00:00,2026-10-03T08:42:27+00:00,,,,2026-10-03 07:32:15 UTC,https://bazaar.abuse.ch/export/txt/sha256/recent/,Zərərli fayl hash-i (SHA256)
sha256,9d1eaecbdf2df0cdf931c2c8ff81e1efba5eb3427da252232c748ff191cf2301,70,high,MalwareBazaar,1,11,2026-10-01T14:03:27+00:00,2026-10-03T08:42:27+00:00,,,,2026-10-03 07:32:15 UTC,https://bazaar.abuse.ch/export/txt/sha256/recent/,Zərərli fayl hash-i (SHA256)
sha256,eb104349ede33de0d093d2adfca3a778fc5ef34cc3a0c7b1d6839431968e738c,70,high,MalwareBazaar,1,11,2026-10-01T14:03:27+00:00,2026-10-03T08:42:27+00:00,,,,2026-10-03 07:32:15 UTC,https://bazaar.abuse.ch/export/txt/sha256/recent/,Zərərli fayl hash-i (SHA256)
sha256,03952a4002a5b73fca77e4acab7160aa7438607b2f585b67e99750b7a6bb0547,70,high,MalwareBazaar,1,11,2026-10-01T14:03:27+00:00,2026-10-03T08:42:27+00:00,,,,2026-10-03 07:32:15 UTC,https://bazaar.abuse.ch/export/txt/sha256/recent/,Zərərli fayl hash-i (SHA256)
sha256,21532a91d4fc7b6d3f5d89c1d24dfaf5dd40b7101d8afba8be396d300779eb6a,70,high,MalwareBazaar,1,11,2026-10-01T14:03:27+00:00,2026-10-03T08:42:27+00:00,,,,2026-10-03 07:32:15 UTC,https://bazaar.abuse.ch/export/txt/sha256/recent/,Zərərli fayl hash-i (SHA256)
sha256,ea5b7f5b1b8c23e4bf84117050095b757d86496191f87428e5e4fde2d1ab778c,70,high,MalwareBazaar,1,11,2026-10-01T14:03:27+00:00,2026-10-03T08:42:27+00:00,,,,2026-10-03 07:32:15 UTC,https://bazaar.abuse.ch/export/txt/sha256/recent/,Zərərli fayl hash-i (SHA256)
sha256,32a9892b9968c6acf561d371891ec53a54c22d0d30172ed2fd38fdfea4147a81,70,high,MalwareBazaar,1,11,2026-10-01T14:03:27+00:00,2026-10-03T08:42:27+00:00,,,,2026-10-03 07:32:15 UTC,https://bazaar.abuse.ch/export/txt/sha256/recent/,Zərərli fayl hash-i (SHA256)
sha256,61ac87a790193863659596269755c165c397bc4e7f45da551505ef85075ed36d,70,high,MalwareBazaar,1,11,2026-10-01T14:03:27+00:00,2026-10-03T08:42:27+00:00,,,,2026-10-03 07:32:15 UTC,https://bazaar.abuse.ch/export/txt/sha256/recent/,Zərərli fayl hash-i (SHA256)
sha256,a51c6266b535ccf3d44d75b27a633f2b90e5e0dcbf97053be6e6a1f2407ee0a9,70,high,MalwareBazaar,1,11,2026-10-01T14:03:27+00:00,2026-10-03T08:42:27+00:00,,,,2026-10-03 07:32:15 UTC,https://bazaar.abuse.ch/export/txt/sha256/recent/,Zərərli fayl hash-i (SHA256)
sha256,3653ef7ffeda6e51d518c3ef8199c500a78a49f4ea55a2cd2249b670e93fc1e3,70,high,MalwareBazaar,1,11,2026-10-01T14:03:27+00:00,2026-10-03T08:42:27+00:00,,,,2026-10-03 07:32:15 UTC,https://bazaar.abuse.ch/export/txt/sha256/recent/,Zərərli fayl hash-i (SHA256)
sha256,771ec7047ca7242266491a67a07b1ad4fe18dcbc6ed4b92c26905090183a196f,70,high,MalwareBazaar,1,11,2026-10-01T14:03:27+00:00,2026-10-03T08:42:27+00:00,,,,2026-10-03 07:32:15 UTC,https://bazaar.abuse.ch/export/txt/sha256/recent/,Zərərli fayl hash-i (SHA256)
sha256,dedad5b693e337a6d6480398e551ad9296a74da18707a5179c9fa2d88fe4bd50,70,high,MalwareBazaar,1,11,2026-10-01T14:03:27+00:00,2026-10-03T08:42:27+00:00,,,,2026-10-03 07:32:15 UTC,https://bazaar.abuse.ch/export/txt/sha256/recent/,Zərərli fayl hash-i (SHA256)
sha256,98f53a1753eabfccba6282f8ee0ba50bfe201c8b6389304ab0f4f20b1958d953,70,high,MalwareBazaar,1,11,2026-10-01T14:03:27+00:00,2026-10-03T08:42:27+00:00,,,,2026-10-03 07:32:15 UTC,https://bazaar.abuse.ch/export/txt/sha256/recent/,Zərərli fayl hash-i (SHA256)
sha256,768d4e8acc72b22dfef65b1fdedf2361af6390c6b3f4c86875051db9c41c4492,70,high,MalwareBazaar,1,11,2026-10-01T14:03:27+00:00,2026-10-03T08:42:27+00:00,,,,2026-10-03 07:32:15 UTC,https://bazaar.abuse.ch/export/txt/sha256/recent/,Zərərli fayl hash-i (SHA256)
sha256,9d8a9b9ba79b35e3153d330ff0ba1adffac4e4b9da5003196549394a70dd1c0e,70,high,MalwareBazaar,1,11,2026-10-01T14:03:27+00:00,2026-10-03T08:42:27+00:00,,,,2026-10-03 07:32:15 UTC,https://bazaar.abuse.ch/export/txt/sha256/recent/,Zərərli fayl hash-i (SHA256)
sha256,2392b96d1433e44f19605fa3a90e79afc2d757fc73bade0400a8f87c6b5f2bed,70,high,MalwareBazaar,1,11,2026-10-01T14:03:27+00:00,2026-10-03T08:42:27+00:00,,,,2026-10-03 07:32:15 UTC,https://bazaar.abuse.ch/export/txt/sha256/recent/,Zərərli fayl hash-i (SHA256)
sha256,21822cc02107453bb91395364bcba5b97dad70d19337f6056632f7b6ad926ba0,70,high,MalwareBazaar,1,11,2026-10-01T14:03:27+00:00,2026-10-03T08:42:27+00:00,,,,2026-10-03 07:32:15 UTC,https://bazaar.abuse.ch/export/txt/sha256/recent/,Zərərli fayl hash-i (SHA256)
sha256,c88483182d18bac23b9c6a2e75d52f81039147fb68ebd86473912f77a827ddbe,70,high,MalwareBazaar,1,11,2026-10-01T14:03:27+00:00,2026-10-03T08:42:27+00:00,,,,2026-10-03 07:32:15 UTC,https://bazaar.abuse.ch/export/txt/sha256/recent/,Zərərli fayl hash-i (SHA256)
sha256,98dca1980e07392e279779a821a1f0ae42f15622a1388a66e05adda7dc7b38a0,70,high,MalwareBazaar,1,11,2026-10-01T14:03:27+00:00,2026-10-03T08:42:27+00:00,,,,2026-10-03 07:32:15 UTC,https://bazaar.abuse.ch/export/txt/sha256/recent/,Zərərli fayl hash-i (SHA256)
sha256,762cf7cad94270b22892352f4474f8b2c91ccf441cef3df8df0d4df0f17bca27,70,high,MalwareBazaar,1,11,2026-10-01T14:03:27+00:00,2026-10-03T08:42:27+00:00,,,,2026-10-03 07:32:15 UTC,https://bazaar.abuse.ch/export/txt/sha256/recent/,Zərərli fayl hash-i (SHA256)
sha256,d931c39f4326d7661be2441f1dc20a62dc75c6966d7b7a25e2f8de52ef51c551,70,high,MalwareBazaar,1,11,2026-10-01T14:03:27+00:00,2026-10-03T08:42:27+00:00,,,,2026-10-03 07:32:15 UTC,https://bazaar.abuse.ch/export/txt/sha256/recent/,Zərərli fayl hash-i (SHA256)
sha256,f22412734b5c014f06e89af4439551fa7cf5fa89e7f1d469a633e822696ae429,70,high,MalwareBazaar,1,11,2026-10-01T14:03:27+00:00,2026-10-03T08:42:27+00:00,,,,2026-10-03 07:32:15 UTC,https://bazaar.abuse.ch/export/txt/sha256/recent/,Zərərli fayl hash-i (SHA256)
sha256,6aaa8d738d0676dc33fdc343c3c51bef93fb8f0e28d71db1ed882f5f30475b9e,70,high,MalwareBazaar,1,11,2026-10-01T14:03:27+00:00,2026-10-03T08:42:27+00:00,,,,2026-10-03 07:32:15 UTC,https://bazaar.abuse.ch/export/txt/sha256/recent/,Zərərli fayl hash-i (SHA256)
sha256,438259af9d016bfaa85753bd67bdb7a432cfb590475b5438742d6cd2bc46b6f8,70,high,MalwareBazaar,1,11,2026-10-01T14:03:27+00:00,2026-10-03T08:42:27+00:00,,,,2026-10-03 07:32:15 UTC,https://bazaar.abuse.ch/export/txt/sha256/recent/,Zərərli fayl hash-i (SHA256)
sha256,e4c42b2810d153c09bad4a77b62c0a0b9cd9bdfb2fe36d8bffda78df1e710c5b,70,high,MalwareBazaar,1,11,2026-10-01T14:03:27+00:00,2026-10-03T08:42:27+00:00,,,,2026-10-03 07:32:15 UTC,https://bazaar.abuse.ch/export/txt/sha256/recent/,Zərərli fayl hash-i (SHA256)
sha256,c41e48423d11ca750168b587ef7336eec49b3bfc9880d342bbac5fc7d0bde9f9,70,high,MalwareBazaar,1,11,2026-10-01T14:03:27+00:00,2026-10-03T08:42:27+00:00,,,,2026-10-03 07:32:15 UTC,https://bazaar.abuse.ch/export/txt/sha256/recent/,Zərərli fayl hash-i (SHA256)
sha256,2952b2210e4dd46e65e94400fce2b26bbabe088605c316046c18141494444dcb,70,high,MalwareBazaar,1,11,2026-10-01T14:03:27+00:00,2026-10-03T08:42:27+00:00,,,,2026-10-03 07:32:15 UTC,https://bazaar.abuse.ch/export/txt/sha256/recent/,Zərərli fayl hash-i (SHA256)
sha256,0ce41eff10df4bf7d5ef8e366114230e66e6aa90007860ee1368784261bbc42b,70,high,MalwareBazaar,1,11,2026-10-01T14:03:27+00:00,2026-10-03T08:42:27+00:00,,,,2026-10-03 07:32:15 UTC,https://bazaar.abuse.ch/export/txt/sha256/recent/,Zərərli fayl hash-i (SHA256)
sha256,5ed6b37f080f71082cbee28a80450e2f37f9f06390be19d5dfb1726539805f8e,70,high,MalwareBazaar,1,11,2026-10-01T14:03:27+00:00,2026-10-03T08:42:27+00:00,,,,2026-10-03 07:32:15 UTC,https://bazaar.abuse.ch/export/txt/sha256/recent/,Zərərli fayl hash-i (SHA256)
sha256,cb392b00a816c6133552cf3adc84ffc5588c284bef03078dcfb843d34e196034,70,high,MalwareBazaar,1,11,2026-10-01T14:03:27+00:00,2026-10-03T08:42:27+00:00,,,,2026-10-03 07:32:15 UTC,https://bazaar.abuse.ch/export/txt/sha256/recent/,Zərərli fayl hash-i (SHA256)
sha256,b5e972c114c2938717067c1ee8926b06971fd018b89abb048f78b52f0a08371a,70,high,MalwareBazaar,1,11,2026-10-01T14:03:27+00:00,2026-10-03T08:42:27+00:00,,,,2026-10-03 07:32:15 UTC,https://bazaar.abuse.ch/export/txt/sha256/recent/,Zərərli fayl hash-i (SHA256)
sha256,08593e0e9821fe991a7d706791429fc4da3b38d7581627948051edce5b69edba,70,high,MalwareBazaar,1,11,2026-10-01T14:03:27+00:00,2026-10-03T08:42:27+00:00,,,,2026-10-03 07:32:15 UTC,https://bazaar.abuse.ch/export/txt/sha256/recent/,Zərərli fayl hash-i (SHA256)
sha256,82b50917fdc9c7ae5ba58693c8bfa50d02c13cb84e83d559cf558761b4fe0fc7,70,high,MalwareBazaar,1,11,2026-10-01T14:03:27+00:00,2026-10-03T08:42:27+00:00,,,,2026-10-03 07:32:15 UTC,https://bazaar.abuse.ch/export/txt/sha256/recent/,Zərərli fayl hash-i (SHA256)
sha256,6eb6625472444065b4238ba0796d9c444bb758b0ff52dcdaf6c64c7b9e2949b8,70,high,MalwareBazaar,1,11,2026-10-01T14:03:27+00:00,2026-10-03T08:42:27+00:00,,,,2026-10-03 07:32:15 UTC,https://bazaar.abuse.ch/export/txt/sha256/recent/,Zərərli fayl hash-i (SHA256)
sha256,6e18874eb27d827996220c9a3b1bfbc14b42a3504020bc4b15aa32803e52d02f,70,high,MalwareBazaar,1,11,2026-10-01T14:03:27+00:00,2026-10-03T08:42:27+00:00,,,,2026-10-03 07:32:15 UTC,https://bazaar.abuse.ch/export/txt/sha256/recent/,Zərərli fayl hash-i (SHA256)
sha256,918c81fd3ddaf3d092ef1fc2aa0aa4c63badf008641a83f60f943870bf1f2901,70,high,MalwareBazaar,1,11,2026-10-01T14:03:27+00:00,2026-10-03T08:42:27+00:00,,,,2026-10-03 07:32:15 UTC,https://bazaar.abuse.ch/export/txt/sha256/recent/,Zərərli fayl hash-i (SHA256)
sha256,089b48968118f4593d5841278a3b51d0aefe211ca0441d015a5b4664163e26a1,70,high,MalwareBazaar,1,11,2026-10-01T14:03:27+00:00,2026-10-03T08:42:27+00:00,,,,2026-10-03 07:32:15 UTC,https://bazaar.abuse.ch/export/txt/sha256/recent/,Zərərli fayl hash-i (SHA256)
sha256,5479db44591b9eed754dcf392ce1124f535ae6ae23f8e8965fc5f33b70bc7f6c,70,high,MalwareBazaar,1,11,2026-10-01T14:03:27+00:00,2026-10-03T08:42:27+00:00,,,,2026-10-03 07:32:15 UTC,https://bazaar.abuse.ch/export/txt/sha256/recent/,Zərərli fayl hash-i (SHA256)
sha256,f7299c0f7f355180e306b2b039ede1ca0cecb370a41209dcbf4aba0a4acdc01e,70,high,MalwareBazaar,1,11,2026-10-01T14:03:27+00:00,2026-10-03T08:42:27+00:00,,,,2026-10-03 07:32:15 UTC,https://bazaar.abuse.ch/export/txt/sha256/recent/,Zərərli fayl hash-i (SHA256)
sha256,6e62cb2dbcebd134e91d417816432d84b5dbd55a1ad559dc428038d42c2edf68,70,high,MalwareBazaar,1,11,2026-10-01T14:03:27+00:00,2026-10-03T08:42:27+00:00,,,,2026-10-03 07:32:15 UTC,https://bazaar.abuse.ch/export/txt/sha256/recent/,Zərərli fayl hash-i (SHA256)
sha256,f19800f56fd430b7364fa6206954a5def19e6efcf76f6e21fa0e9fa46c64467d,70,high,MalwareBazaar,1,12,2026-10-01T13:18:48+00:00,2026-10-03T08:42:27+00:00,,,,2026-10-03 07:32:15 UTC,https://bazaar.abuse.ch/export/txt/sha256/recent/,Zərərli fayl hash-i (SHA256)
sha256,40abf1e1c7ad8c14317c5e6a4fb6445d543bb956d09e35d6b3c8c4652f52edf0,70,high,MalwareBazaar,1,12,2026-10-01T13:18:48+00:00,2026-10-03T08:42:27+00:00,,,,2026-10-03 07:32:15 UTC,https://bazaar.abuse.ch/export/txt/sha256/recent/,Zərərli fayl hash-i (SHA256)
sha256,93370ea5b6cf08bf1796c29971ef2ac40cde7e06bb68f9b9096d392b5fe5434d,70,high,MalwareBazaar,1,12,2026-10-01T13:18:48+00:00,2026-10-03T08:42:27+00:00,,,,2026-10-03 07:32:15 UTC,https://bazaar.abuse.ch/export/txt/sha256/recent/,Zərərli fayl hash-i (SHA256)
sha256,610a27ada243e9eab53061065f569b1c58b35c823f77d87b9c12be281095ed79,70,high,MalwareBazaar,1,12,2026-10-01T13:18:48+00:00,2026-10-03T08:42:27+00:00,,,,2026-10-03 07:32:15 UTC,https://bazaar.abuse.ch/export/txt/sha256/recent/,Zərərli fayl hash-i (SHA256)
sha256,0d312e9795e741ea0a5876d243daf2ff055da324c633aec0a13876c8c42867c3,70,high,MalwareBazaar,1,12,2026-10-01T13:18:48+00:00,2026-10-03T08:42:27+00:00,,,,2026-10-03 07:32:15 UTC,https://bazaar.abuse.ch/export/txt/sha256/recent/,Zərərli fayl hash-i (SHA256)
sha256,1fc7a04a781a1575a953f071651daef9796ca7a0ae8321f135f548f9467ca8b9,70,high,MalwareBazaar,1,12,2026-10-01T13:18:48+00:00,2026-10-03T08:42:27+00:00,,,,2026-10-03 07:32:15 UTC,https://bazaar.abuse.ch/export/txt/sha256/recent/,Zərərli fayl hash-i (SHA256)
sha256,df0cd35d810d612a79d9b5c034b2f7c0f1faf307d7bb5c8744ea25dc1ccbd543,70,high,MalwareBazaar,1,12,2026-10-01T13:18:48+00:00,2026-10-03T08:42:27+00:00,,,,2026-10-03 07:32:15 UTC,https://bazaar.abuse.ch/export/txt/sha256/recent/,Zərərli fayl hash-i (SHA256)
sha256,0a543155c7ce554f549393a3d1f752839b14d4f1cba0809ca42702dc430ad272,70,high,MalwareBazaar,1,12,2026-10-01T13:18:48+00:00,2026-10-03T08:42:27+00:00,,,,2026-10-03 07:32:15 UTC,https://bazaar.abuse.ch/export/txt/sha256/recent/,Zərərli fayl hash-i (SHA256)
sha256,57ad31702682681d7da71b9afdab9c097421272ecb15b2cfd8bfe98e91b5cf83,70,high,MalwareBazaar,1,12,2026-10-01T13:18:48+00:00,2026-10-03T08:42:27+00:00,,,,2026-10-03 07:32:15 UTC,https://bazaar.abuse.ch/export/txt/sha256/recent/,Zərərli fayl hash-i (SHA256)
sha256,4a96974af2533cf6fd8da322362764c92a1cca360c8ceb81acdb460b39fc01f1,70,high,MalwareBazaar,1,12,2026-10-01T13:18:48+00:00,2026-10-03T08:42:27+00:00,,,,2026-10-03 07:32:15 UTC,https://bazaar.abuse.ch/export/txt/sha256/recent/,Zərərli fayl hash-i (SHA256)
sha256,d214698220e866785324e8b800ea64f8df1351a88041205bf36ad1933f38288f,70,high,MalwareBazaar,1,12,2026-10-01T13:18:48+00:00,2026-10-03T08:42:27+00:00,,,,2026-10-03 07:32:15 UTC,https://bazaar.abuse.ch/export/txt/sha256/recent/,Zərərli fayl hash-i (SHA256)
sha256,4fc5891c306a1a7c6610f0a0516313b6562905339dff2a16064442d768ef41e0,70,high,MalwareBazaar,1,12,2026-10-01T13:18:48+00:00,2026-10-03T08:42:27+00:00,,,,2026-10-03 07:32:15 UTC,https://bazaar.abuse.ch/export/txt/sha256/recent/,Zərərli fayl hash-i (SHA256)
sha256,105e97b7db3e3398416f5e73b91a408a6dcea54f1049ff581353984fcfbeda1f,70,high,MalwareBazaar,1,12,2026-10-01T13:18:48+00:00,2026-10-03T08:42:27+00:00,,,,2026-10-03 07:32:15 UTC,https://bazaar.abuse.ch/export/txt/sha256/recent/,Zərərli fayl hash-i (SHA256)
sha256,4cb4f92d8b9314725ba5c0b3f40259442b50f2f18b6ed1517abc338480703fee,70,high,MalwareBazaar,1,12,2026-10-01T13:18:48+00:00,2026-10-03T08:42:27+00:00,,,,2026-10-03 07:32:15 UTC,https://bazaar.abuse.ch/export/txt/sha256/recent/,Zərərli fayl hash-i (SHA256)
sha256,d0ccc66c90a05e691a1e1a8cff7def9c0c3b2441d747298d356ec87a550d1550,70,high,MalwareBazaar,1,12,2026-10-01T13:18:48+00:00,2026-10-03T08:42:27+00:00,,,,2026-10-03 07:32:15 UTC,https://bazaar.abuse.ch/export/txt/sha256/recent/,Zərərli fayl hash-i (SHA256)
sha256,5ab3080efc9f1563677b49e1c36b1937a38e4bee2f1c259d8da79c0e06ab1045,70,high,MalwareBazaar,1,12,2026-10-01T13:18:48+00:00,2026-10-03T08:42:27+00:00,,,,2026-10-03 07:32:15 UTC,https://bazaar.abuse.ch/export/txt/sha256/recent/,Zərərli fayl hash-i (SHA256)
sha256,188e17bc750cebd1db501141b25dc25f0bc6a1a28bcf51f3dd975d5630b76a0e,70,high,MalwareBazaar,1,12,2026-10-01T13:18:48+00:00,2026-10-03T08:42:27+00:00,,,,2026-10-03 07:32:15 UTC,https://bazaar.abuse.ch/export/txt/sha256/recent/,Zərərli fayl hash-i (SHA256)
sha256,fa447fc80d0bb07351583b6de545f5499642f8152eeb7711b42cbe98a5ca163a,70,high,MalwareBazaar,1,12,2026-10-01T13:18:48+00:00,2026-10-03T08:42:27+00:00,,,,2026-10-03 07:32:15 UTC,https://bazaar.abuse.ch/export/txt/sha256/recent/,Zərərli fayl hash-i (SHA256)
sha256,955cc24df2229776e872312122702008981d83471b5e389315aa10304b808cf3,70,high,MalwareBazaar,1,12,2026-10-01T13:18:48+00:00,2026-10-03T08:42:27+00:00,,,,2026-10-03 07:32:15 UTC,https://bazaar.abuse.ch/export/txt/sha256/recent/,Zərərli fayl hash-i (SHA256)
sha256,a4dc3f799879251b20a3568cea5c8034c3bbe085fc4fdde8d5e0a9d0bcd65a2a,70,high,MalwareBazaar,1,12,2026-10-01T13:18:48+00:00,2026-10-03T08:42:27+00:00,,,,2026-10-03 07:32:15 UTC,https://bazaar.abuse.ch/export/txt/sha256/recent/,Zərərli fayl hash-i (SHA256)
sha256,4f954c7c6228ca4eb0e6b7c3d5f2d025467996866c2d9ae4dd1f005cb6cb1f19,70,high,MalwareBazaar,1,12,2026-10-01T13:18:48+00:00,2026-10-03T08:42:27+00:00,,,,2026-10-03 07:32:15 UTC,https://bazaar.abuse.ch/export/txt/sha256/recent/,Zərərli fayl hash-i (SHA256)
sha256,62166f53480665682e3a75a3034aac2ceeda6f732eb8d0cbb7b8f6a887c250b6,70,high,MalwareBazaar,1,12,2026-10-01T13:18:48+00:00,2026-10-03T08:42:27+00:00,,,,2026-10-03 07:32:15 UTC,https://bazaar.abuse.ch/export/txt/sha256/recent/,Zərərli fayl hash-i (SHA256)
sha256,fa3d0713a6b8a5706d986d134ade2ab244c9525ba45ab3e1bf515bc9bca00cea,70,high,MalwareBazaar,1,12,2026-10-01T13:18:48+00:00,2026-10-03T08:42:27+00:00,,,,2026-10-03 07:32:15 UTC,https://bazaar.abuse.ch/export/txt/sha256/recent/,Zərərli fayl hash-i (SHA256)
sha256,31541897d6b99828b5f332cd0b940313ea6179fd887d466c9ef618b80224859d,70,high,MalwareBazaar,1,12,2026-10-01T13:18:48+00:00,2026-10-03T08:42:27+00:00,,,,2026-10-03 07:32:15 UTC,https://bazaar.abuse.ch/export/txt/sha256/recent/,Zərərli fayl hash-i (SHA256)
sha256,e2c345037b6e41293693144903874ec3bbdb5d3a6e61d554a541ba8d15424b7e,70,high,MalwareBazaar,1,12,2026-10-01T13:18:48+00:00,2026-10-03T08:42:27+00:00,,,,2026-10-03 07:32:15 UTC,https://bazaar.abuse.ch/export/txt/sha256/recent/,Zərərli fayl hash-i (SHA256)
sha256,676149d53fe8191779b090e22380a37218676b14754af32c18224efec5a42e1b,70,high,MalwareBazaar,1,12,2026-10-01T13:18:48+00:00,2026-10-03T08:42:27+00:00,,,,2026-10-03 07:32:15 UTC,https://bazaar.abuse.ch/export/txt/sha256/recent/,Zərərli fayl hash-i (SHA256)
sha256,7f93b37e25a7a99fa66cc3c98f5d9b33d0fee6cb19a37c7691ef389240293b39,70,high,MalwareBazaar,1,12,2026-10-01T13:18:48+00:00,2026-10-03T08:42:27+00:00,,,,2026-10-03 07:32:15 UTC,https://bazaar.abuse.ch/export/txt/sha256/recent/,Zərərli fayl hash-i (SHA256)
sha256,f2b38509f68802c2a8a5dab0c7b0af19e8118e0d51ade8fae6135ebbfcb6bc4f,70,high,MalwareBazaar,1,12,2026-10-01T13:18:48+00:00,2026-10-03T08:42:27+00:00,,,,2026-10-03 07:32:15 UTC,https://bazaar.abuse.ch/export/txt/sha256/recent/,Zərərli fayl hash-i (SHA256)
sha256,a6fff495c6b4a3b9414d31bbe1058aa204b949c36bd60f54f1f0df2f0a189635,70,high,MalwareBazaar,1,12,2026-10-01T13:18:48+00:00,2026-10-03T08:42:27+00:00,,,,2026-10-03 07:32:15 UTC,https://bazaar.abuse.ch/export/txt/sha256/recent/,Zərərli fayl hash-i (SHA256)
sha256,867698b09d1780c28a5f2eb751a932521b3e2cbb79c22ae726da7db378e977f3,70,high,MalwareBazaar,1,12,2026-10-01T13:18:48+00:00,2026-10-03T08:42:27+00:00,,,,2026-10-03 07:32:15 UTC,https://bazaar.abuse.ch/export/txt/sha256/recent/,Zərərli fayl hash-i (SHA256)
sha256,b031251ca3b371c77e71ce9fff5f31be967572200fe710ed68ad873acc2c63d6,70,high,MalwareBazaar,1,12,2026-10-01T13:18:48+00:00,2026-10-03T08:42:27+00:00,,,,2026-10-03 07:32:15 UTC,https://bazaar.abuse.ch/export/txt/sha256/recent/,Zərərli fayl hash-i (SHA256)
sha256,345d1a775867b9e79ee6b0825e1e2416d715550f2162ac32c076f0371c8553e1,70,high,MalwareBazaar,1,12,2026-10-01T13:18:48+00:00,2026-10-03T08:42:27+00:00,,,,2026-10-03 07:32:15 UTC,https://bazaar.abuse.ch/export/txt/sha256/recent/,Zərərli fayl hash-i (SHA256)
sha256,1dc438b8979a4d7125cc5cc64b80cc76b49a4b3197fb3b7b7fd6bbfe2ed25c82,70,high,MalwareBazaar,1,12,2026-10-01T13:18:48+00:00,2026-10-03T08:42:27+00:00,,,,2026-10-03 07:32:15 UTC,https://bazaar.abuse.ch/export/txt/sha256/recent/,Zərərli fayl hash-i (SHA256)
sha256,db11d553f89f4ef02f725c96f7af7a3659bf17831a8e73966f1af4e92be6c594,70,high,MalwareBazaar,1,12,2026-10-01T13:18:48+00:00,2026-10-03T08:42:27+00:00,,,,2026-10-03 07:32:15 UTC,https://bazaar.abuse.ch/export/txt/sha256/recent/,Zərərli fayl hash-i (SHA256)
sha256,e94a99395a2f5f33c84020f767151a2e464b1b32d7e323c949dbcee8577e4af2,70,high,MalwareBazaar,1,12,2026-10-01T13:18:48+00:00,2026-10-03T08:42:27+00:00,,,,2026-10-03 07:32:15 UTC,https://bazaar.abuse.ch/export/txt/sha256/recent/,Zərərli fayl hash-i (SHA256)
sha256,4b2f8251e954786dae9eec2a21f06678afebfb187b7e3003733be5ca12312a13,70,high,MalwareBazaar,1,12,2026-10-01T13:18:48+00:00,2026-10-03T08:42:27+00:00,,,,2026-10-03 07:32:15 UTC,https://bazaar.abuse.ch/export/txt/sha256/recent/,Zərərli fayl hash-i (SHA256)
sha256,8cd497ad7c186c85ba18df9386d90b235a9b7ad6d7f3bc2768fc98d91b28b3b1,70,high,MalwareBazaar,1,12,2026-10-01T13:18:48+00:00,2026-10-03T08:42:27+00:00,,,,2026-10-03 07:32:15 UTC,https://bazaar.abuse.ch/export/txt/sha256/recent/,Zərərli fayl hash-i (SHA256)
sha256,086f5e17a9d3a30460f3f8ff95613ef7c5b479831ff5163015b2b7ea42cd3679,70,high,MalwareBazaar,1,12,2026-10-01T13:18:48+00:00,2026-10-03T08:42:27+00:00,,,,2026-10-03 07:32:15 UTC,https://bazaar.abuse.ch/export/txt/sha256/recent/,Zərərli fayl hash-i (SHA256)
sha256,aaa464f724d0b4d6c8efd6e2ab897d5e1daa4152dba1771e25c199c93f550c31,70,high,MalwareBazaar,1,12,2026-10-01T13:18:48+00:00,2026-10-03T08:42:27+00:00,,,,2026-10-03 07:32:15 UTC,https://bazaar.abuse.ch/export/txt/sha256/recent/,Zərərli fayl hash-i (SHA256)
sha256,8313491b5e09fbc02f3997506d69343996af7dde8c551748df9351611c8c0f0d,70,high,MalwareBazaar,1,12,2026-10-01T13:18:48+00:00,2026-10-03T08:42:27+00:00,,,,2026-10-03 07:32:15 UTC,https://bazaar.abuse.ch/export/txt/sha256/recent/,Zərərli fayl hash-i (SHA256)
sha256,990bfd2e0d24ebc4bcfa5f250efa72ab5014f6f401e51e9f2251a86aaff64124,70,high,MalwareBazaar,1,12,2026-10-01T13:18:48+00:00,2026-10-03T08:42:27+00:00,,,,2026-10-03 07:32:15 UTC,https://bazaar.abuse.ch/export/txt/sha256/recent/,Zərərli fayl hash-i (SHA256)
sha256,ee714c6f7ac44a7ab6709991b9d12935545634f2966b48bc7aac621c95a496a9,70,high,MalwareBazaar,1,12,2026-10-01T13:18:48+00:00,2026-10-03T08:42:27+00:00,,,,2026-10-03 07:32:15 UTC,https://bazaar.abuse.ch/export/txt/sha256/recent/,Zərərli fayl hash-i (SHA256)
sha256,da95e9481a7bf541617ce4197a1cb323f5abf266983a0d413121f6cc113c356b,70,high,MalwareBazaar,1,12,2026-10-01T13:18:48+00:00,2026-10-03T08:42:27+00:00,,,,2026-10-03 07:32:15 UTC,https://bazaar.abuse.ch/export/txt/sha256/recent/,Zərərli fayl hash-i (SHA256)
sha256,0928953feda445aa8190599bc9500c3151c139ba9f4d2ee8cdba6a23ab5d0269,70,high,MalwareBazaar,1,12,2026-10-01T13:18:48+00:00,2026-10-03T08:42:27+00:00,,,,2026-10-03 07:32:15 UTC,https://bazaar.abuse.ch/export/txt/sha256/recent/,Zərərli fayl hash-i (SHA256)
sha256,8257917242bbf351a1ce138e9d4d668e3403e8c0325081f0aa5e3be636c9951e,70,high,MalwareBazaar,1,12,2026-10-01T13:18:48+00:00,2026-10-03T08:42:27+00:00,,,,2026-10-03 07:32:15 UTC,https://bazaar.abuse.ch/export/txt/sha256/recent/,Zərərli fayl hash-i (SHA256)
sha256,24c73432d81bc677c123c4acc728b015cfe090d2fe22d3ba0dad2ec9cc52eaf4,70,high,MalwareBazaar,1,12,2026-10-01T13:18:48+00:00,2026-10-03T08:42:27+00:00,,,,2026-10-03 07:32:15 UTC,https://bazaar.abuse.ch/export/txt/sha256/recent/,Zərərli fayl hash-i (SHA256)
sha256,76c0875069a4467ada01893a5be38362b30d0a396732a92a89842d89d08d50df,70,high,MalwareBazaar,1,12,2026-10-01T13:18:48+00:00,2026-10-03T08:42:27+00:00,,,,2026-10-03 07:32:15 UTC,https://bazaar.abuse.ch/export/txt/sha256/recent/,Zərərli fayl hash-i (SHA256)
sha256,4003289ce473284041737c5ae018cd26896df58efb6c979932e4adc97581c42e,70,high,MalwareBazaar,1,12,2026-10-01T13:18:48+00:00,2026-10-03T08:42:27+00:00,,,,2026-10-03 07:32:15 UTC,https://bazaar.abuse.ch/export/txt/sha256/recent/,Zərərli fayl hash-i (SHA256)
sha256,c598a01db0708a5ef1608edd792c176c0bb0c7790b8bbe64cb3593aec6bf3df1,70,high,MalwareBazaar,1,12,2026-10-01T13:18:48+00:00,2026-10-03T08:42:27+00:00,,,,2026-10-03 07:32:15 UTC,https://bazaar.abuse.ch/export/txt/sha256/recent/,Zərərli fayl hash-i (SHA256)
sha256,2b5e0976139f5d1cac8e51ca13bf96762ed214d99b1a115966702344cc4b4143,70,high,MalwareBazaar,1,12,2026-10-01T13:18:48+00:00,2026-10-03T08:42:27+00:00,,,,2026-10-03 07:32:15 UTC,https://bazaar.abuse.ch/export/txt/sha256/recent/,Zərərli fayl hash-i (SHA256)
sha256,530977865daeb57f0fe89f7f1f67f302e9d04f589dd2d28f29f079311a59e1b6,70,high,MalwareBazaar,1,12,2026-10-01T13:18:48+00:00,2026-10-03T08:42:27+00:00,,,,2026-10-03 07:32:15 UTC,https://bazaar.abuse.ch/export/txt/sha256/recent/,Zərərli fayl hash-i (SHA256)
sha256,628f41a18f3b3d0b37885b45b0216280294d71f36e9a25b8f1d00dae94035f61,70,high,MalwareBazaar,1,12,2026-10-01T13:18:48+00:00,2026-10-03T08:42:27+00:00,,,,2026-10-03 07:32:15 UTC,https://bazaar.abuse.ch/export/txt/sha256/recent/,Zərərli fayl hash-i (SHA256)
sha256,2d47e303a6c278097ead4e6a754edf1a860ed7587f37e228bcea59eb7092f7a7,70,high,MalwareBazaar,1,12,2026-10-01T13:18:48+00:00,2026-10-03T08:42:27+00:00,,,,2026-10-03 07:32:15 UTC,https://bazaar.abuse.ch/export/txt/sha256/recent/,Zərərli fayl hash-i (SHA256)
sha256,1d6472657471d066810f516306ef9f770e852d27b3b1ecec5064f9f77871e4c3,70,high,MalwareBazaar,1,12,2026-10-01T13:18:48+00:00,2026-10-03T08:42:27+00:00,,,,2026-10-03 07:32:15 UTC,https://bazaar.abuse.ch/export/txt/sha256/recent/,Zərərli fayl hash-i (SHA256)
sha256,108ec88fb424e727c3afe9181701097f30e759fe3456371827c67629af26fa55,70,high,MalwareBazaar,1,12,2026-10-01T13:18:48+00:00,2026-10-03T08:42:27+00:00,,,,2026-10-03 07:32:15 UTC,https://bazaar.abuse.ch/export/txt/sha256/recent/,Zərərli fayl hash-i (SHA256)
sha256,b2f650febac82738b39bdf1e8b246841c5aff5c1e3adba3f57fa2e274439bd89,70,high,MalwareBazaar,1,12,2026-10-01T13:18:48+00:00,2026-10-03T08:42:27+00:00,,,,2026-10-03 07:32:15 UTC,https://bazaar.abuse.ch/export/txt/sha256/recent/,Zərərli fayl hash-i (SHA256)
sha256,7a0da6eb06081bfcf32595294939b70f5a30e96c39ef1f326d68289e4866bef9,70,high,MalwareBazaar,1,12,2026-10-01T13:18:48+00:00,2026-10-03T08:42:27+00:00,,,,2026-10-03 07:32:15 UTC,https://bazaar.abuse.ch/export/txt/sha256/recent/,Zərərli fayl hash-i (SHA256)
sha256,915e87e4f9de1e15816b711f57ac2f6ab92ade2cf8ba9401388281c3294bc22f,70,high,MalwareBazaar,1,12,2026-10-01T13:18:48+00:00,2026-10-03T08:42:27+00:00,,,,2026-10-03 07:32:15 UTC,https://bazaar.abuse.ch/export/txt/sha256/recent/,Zərərli fayl hash-i (SHA256)
sha256,b0ae3658b9f8f901f7cd0c0595510160e9027e77529b1471381ff587e31822a8,70,high,MalwareBazaar,1,12,2026-10-01T13:18:48+00:00,2026-10-03T08:42:27+00:00,,,,2026-10-03 07:32:15 UTC,https://bazaar.abuse.ch/export/txt/sha256/recent/,Zərərli fayl hash-i (SHA256)
sha256,e9fb2fcbead56179966412c5608d97adbccf0e577ae18954bc77c8b0a376ef22,70,high,MalwareBazaar,1,12,2026-10-01T13:18:48+00:00,2026-10-03T08:42:27+00:00,,,,2026-10-03 07:32:15 UTC,https://bazaar.abuse.ch/export/txt/sha256/recent/,Zərərli fayl hash-i (SHA256)
sha256,239d19afc7610f318b5c3128c1c863c2d8f29ca7bdd334f38db7ed9e0d0c7165,70,high,MalwareBazaar,1,12,2026-10-01T13:18:48+00:00,2026-10-03T08:42:27+00:00,,,,2026-10-03 07:32:15 UTC,https://bazaar.abuse.ch/export/txt/sha256/recent/,Zərərli fayl hash-i (SHA256)
sha256,d24c69851e4b0afb9a2a048cec0e54e9b69dcadf1a1afd0ec20cb82d04560105,70,high,MalwareBazaar,1,12,2026-10-01T13:18:48+00:00,2026-10-03T08:42:27+00:00,,,,2026-10-03 07:32:15 UTC,https://bazaar.abuse.ch/export/txt/sha256/recent/,Zərərli fayl hash-i (SHA256)
sha256,9593e451766c3dbd4ee39c15ebb4329d2c78b72d76c767cdc3140f13f4e21702,70,high,MalwareBazaar,1,12,2026-10-01T13:18:48+00:00,2026-10-03T08:42:27+00:00,,,,2026-10-03 07:32:15 UTC,https://bazaar.abuse.ch/export/txt/sha256/recent/,Zərərli fayl hash-i (SHA256)
sha256,cfb57a206e53d9571540cc97bf291701beab4d357b0d26963bafa12b7ffddcd1,70,high,MalwareBazaar,1,12,2026-10-01T13:18:48+00:00,2026-10-03T08:42:27+00:00,,,,2026-10-03 07:32:15 UTC,https://bazaar.abuse.ch/export/txt/sha256/recent/,Zərərli fayl hash-i (SHA256)
sha256,fc856d4038f163259153a289537c345d3c2f6aaeab063c18d8ae0a02d304aa3d,70,high,MalwareBazaar,1,12,2026-10-01T13:18:48+00:00,2026-10-03T08:42:27+00:00,,,,2026-10-03 07:32:15 UTC,https://bazaar.abuse.ch/export/txt/sha256/recent/,Zərərli fayl hash-i (SHA256)
sha256,c132873e573609dbe825fd42634b90159c4ba5ddc66aa283c84ac3420d84b8a1,70,high,MalwareBazaar,1,12,2026-10-01T13:18:48+00:00,2026-10-03T08:42:27+00:00,,,,2026-10-03 07:32:15 UTC,https://bazaar.abuse.ch/export/txt/sha256/recent/,Zərərli fayl hash-i (SHA256)
sha256,f1c900ddbf268d19b262e4c36ccfe968948c50362aa42651e2f80945f9f59528,70,high,MalwareBazaar,1,12,2026-10-01T13:18:48+00:00,2026-10-03T08:42:27+00:00,,,,2026-10-03 07:32:15 UTC,https://bazaar.abuse.ch/export/txt/sha256/recent/,Zərərli fayl hash-i (SHA256)
sha256,79fb4d7ef53fe23985eabd9cfeab1d009896b0a6f966855342d1d1968a27dc0d,70,high,MalwareBazaar,1,12,2026-10-01T13:18:48+00:00,2026-10-03T08:42:27+00:00,,,,2026-10-03 07:32:15 UTC,https://bazaar.abuse.ch/export/txt/sha256/recent/,Zərərli fayl hash-i (SHA256)
sha256,95f57865d8372b214efe94eefa65c00b1859833a2d743cca80ce42f02e7467ef,70,high,MalwareBazaar,1,12,2026-10-01T13:18:48+00:00,2026-10-03T08:42:27+00:00,,,,2026-10-03 07:32:15 UTC,https://bazaar.abuse.ch/export/txt/sha256/recent/,Zərərli fayl hash-i (SHA256)
sha256,f29c7048b0a4dcf114f42fbb134e226044ad1fc6adbcc344c6407390acce2fd1,70,high,MalwareBazaar,1,12,2026-10-01T13:18:48+00:00,2026-10-03T08:42:27+00:00,,,,2026-10-03 07:32:15 UTC,https://bazaar.abuse.ch/export/txt/sha256/recent/,Zərərli fayl hash-i (SHA256)
sha256,d295e5d6d49aa28368e8576cedc33ef8daaad2300ec6b91a8dd25dbe8b2a5c66,70,high,MalwareBazaar,1,12,2026-10-01T13:18:48+00:00,2026-10-03T08:42:27+00:00,,,,2026-10-03 07:32:15 UTC,https://bazaar.abuse.ch/export/txt/sha256/recent/,Zərərli fayl hash-i (SHA256)
sha256,c2b64944b1867c40e55434dd88c626b7b2bd30f9e6b98ee65dc86c7e79dd2be0,70,high,MalwareBazaar,1,12,2026-10-01T13:18:48+00:00,2026-10-03T08:42:27+00:00,,,,2026-10-03 07:32:15 UTC,https://bazaar.abuse.ch/export/txt/sha256/recent/,Zərərli fayl hash-i (SHA256)
sha256,43965cd116c26ca11f398ffda6cffad8a7db120d57f237ac1b91df1a4acc8e76,70,high,MalwareBazaar,1,12,2026-10-01T13:18:48+00:00,2026-10-03T08:42:27+00:00,,,,2026-10-03 07:32:15 UTC,https://bazaar.abuse.ch/export/txt/sha256/recent/,Zərərli fayl hash-i (SHA256)
sha256,cf2b195fefeb5468e919494f2547b6b5b84cba3a08c9224beaa56132e057e7a1,70,high,MalwareBazaar,1,12,2026-10-01T13:18:48+00:00,2026-10-03T08:42:27+00:00,,,,2026-10-03 07:32:15 UTC,https://bazaar.abuse.ch/export/txt/sha256/recent/,Zərərli fayl hash-i (SHA256)
sha256,0414f25737af79556052339a47afdb264eea578cf8e8d2a9cc9b3850f86fdc3f,70,high,MalwareBazaar,1,12,2026-10-01T13:18:48+00:00,2026-10-03T08:42:27+00:00,,,,2026-10-03 07:32:15 UTC,https://bazaar.abuse.ch/export/txt/sha256/recent/,Zərərli fayl hash-i (SHA256)
sha256,d066a2df5b7d12ac93531f7d981403d5e53a0c99c2efaea68ef347fab6877b5f,70,high,MalwareBazaar,1,12,2026-10-01T13:18:48+00:00,2026-10-03T08:42:27+00:00,,,,2026-10-03 07:32:15 UTC,https://bazaar.abuse.ch/export/txt/sha256/recent/,Zərərli fayl hash-i (SHA256)
sha256,7b0e005cee2388e5910efec3f8400bbde16be352e13fdd45c9f0f34ab31d0ccd,70,high,MalwareBazaar,1,12,2026-10-01T13:18:48+00:00,2026-10-03T08:42:27+00:00,,,,2026-10-03 07:32:15 UTC,https://bazaar.abuse.ch/export/txt/sha256/recent/,Zərərli fayl hash-i (SHA256)
sha256,8dede99d342da101b7a9f0b255619b8b9b77732f4f5c808be112117d2307a95f,70,high,MalwareBazaar,1,12,2026-10-01T13:18:48+00:00,2026-10-03T08:42:27+00:00,,,,2026-10-03 07:32:15 UTC,https://bazaar.abuse.ch/export/txt/sha256/recent/,Zərərli fayl hash-i (SHA256)
sha256,e338e66901aeb11277b6893e3efc7da98f5f39dbd9cec3f30165136359f4aff7,70,high,MalwareBazaar,1,12,2026-10-01T13:18:48+00:00,2026-10-03T08:42:27+00:00,,,,2026-10-03 07:32:15 UTC,https://bazaar.abuse.ch/export/txt/sha256/recent/,Zərərli fayl hash-i (SHA256)
sha256,de7aacafae309f6d492c6782868ea7c7a4243c9c9e87aaed49ffbcc4696dde4c,70,high,MalwareBazaar,1,12,2026-10-01T13:18:48+00:00,2026-10-03T08:42:27+00:00,,,,2026-10-03 07:32:15 UTC,https://bazaar.abuse.ch/export/txt/sha256/recent/,Zərərli fayl hash-i (SHA256)
sha256,46e7e46e6da369fe558eeca7b263345914b3d1b2af550b89080e17a1fd30cd03,70,high,MalwareBazaar,1,12,2026-10-01T13:18:48+00:00,2026-10-03T08:42:27+00:00,,,,2026-10-03 07:32:15 UTC,https://bazaar.abuse.ch/export/txt/sha256/recent/,Zərərli fayl hash-i (SHA256)
sha256,456d11d69960f20b8297b909c9db99838cd6822c632f0adeaa4b8e5f2d128201,70,high,MalwareBazaar,1,12,2026-10-01T13:18:48+00:00,2026-10-03T08:42:27+00:00,,,,2026-10-03 07:32:15 UTC,https://bazaar.abuse.ch/export/txt/sha256/recent/,Zərərli fayl hash-i (SHA256)
sha256,3064ca5f0f0099f9bb98503e0bcb42a2824da2be5c5c2549eea6c2511bea577a,70,high,MalwareBazaar,1,12,2026-10-01T13:18:48+00:00,2026-10-03T08:42:27+00:00,,,,2026-10-03 07:32:15 UTC,https://bazaar.abuse.ch/export/txt/sha256/recent/,Zərərli fayl hash-i (SHA256)
sha256,304dfa0d580d21a2fa5624a44ffe246409e3ccee271ed3c9d674ac5ba65fa9d9,70,high,MalwareBazaar,1,12,2026-10-01T13:18:48+00:00,2026-10-03T08:42:27+00:00,,,,2026-10-03 07:32:15 UTC,https://bazaar.abuse.ch/export/txt/sha256/recent/,Zərərli fayl hash-i (SHA256)
sha256,dac86e861e22e7f74f5cc9355059f75f4b1669fdf71d799c445fec4de66b0425,70,high,MalwareBazaar,1,12,2026-10-01T13:18:48+00:00,2026-10-03T08:42:27+00:00,,,,2026-10-03 07:32:15 UTC,https://bazaar.abuse.ch/export/txt/sha256/recent/,Zərərli fayl hash-i (SHA256)
sha256,f752e9815701ca2ce1495969601c2b3b4e70deca4bdca118b4d190a9f856188e,70,high,MalwareBazaar,1,12,2026-10-01T13:18:48+00:00,2026-10-03T08:42:27+00:00,,,,2026-10-03 07:32:15 UTC,https://bazaar.abuse.ch/export/txt/sha256/recent/,Zərərli fayl hash-i (SHA256)
sha256,509bfa0f0524fc95644d01675e9de2896ad6830b363b7ae51f5465730cbd712f,70,high,MalwareBazaar,1,12,2026-10-01T13:18:48+00:00,2026-10-03T08:42:27+00:00,,,,2026-10-03 07:32:15 UTC,https://bazaar.abuse.ch/export/txt/sha256/recent/,Zərərli fayl hash-i (SHA256)
sha256,03c052a0399c61af0c44f04d8f8dec8f37344c00b05c04cceafc72c8f07d485a,70,high,MalwareBazaar,1,12,2026-10-01T13:18:48+00:00,2026-10-03T08:42:27+00:00,,,,2026-10-03 07:32:15 UTC,https://bazaar.abuse.ch/export/txt/sha256/recent/,Zərərli fayl hash-i (SHA256)
sha256,d7ada3277224abcca5c2fa54163e00bb189e43c48545c17601e25b783e856b8e,70,high,MalwareBazaar,1,12,2026-10-01T13:18:48+00:00,2026-10-03T08:42:27+00:00,,,,2026-10-03 07:32:15 UTC,https://bazaar.abuse.ch/export/txt/sha256/recent/,Zərərli fayl hash-i (SHA256)
sha256,d11fcf81e3dbe169c754aa1740cbc9a0d9822cc30c43d0187bbe8c83f5cfcb2f,70,high,MalwareBazaar,1,12,2026-10-01T13:18:48+00:00,2026-10-03T08:42:27+00:00,,,,2026-10-03 07:32:15 UTC,https://bazaar.abuse.ch/export/txt/sha256/recent/,Zərərli fayl hash-i (SHA256)
sha256,b7dfd766dcf936e78b31e00fedbb74b5acebb6ff06a4c429c85292e1d567d1f5,70,high,MalwareBazaar,1,12,2026-10-01T13:18:48+00:00,2026-10-03T08:42:27+00:00,,,,2026-10-03 07:32:15 UTC,https://bazaar.abuse.ch/export/txt/sha256/recent/,Zərərli fayl hash-i (SHA256)
sha256,b4ce44067c091fe3672a1a62081b4aefb052af1b63e047eaf18f6f6403d0e281,70,high,MalwareBazaar,1,12,2026-10-01T13:18:48+00:00,2026-10-03T08:42:27+00:00,,,,2026-10-03 07:32:15 UTC,https://bazaar.abuse.ch/export/txt/sha256/recent/,Zərərli fayl hash-i (SHA256)
sha256,909b7886a37750361cb08895bfb9f7041e18007c6e6cc90df5916454dfc69388,70,high,MalwareBazaar,1,12,2026-10-01T13:18:48+00:00,2026-10-03T08:42:27+00:00,,,,2026-10-03 07:32:15 UTC,https://bazaar.abuse.ch/export/txt/sha256/recent/,Zərərli fayl hash-i (SHA256)
sha256,a7d8a241c75fe5ea94a8804ca51d082e537ae5dc7b3f9358a0772a4a5775caff,70,high,MalwareBazaar,1,12,2026-10-01T13:18:48+00:00,2026-10-03T08:42:27+00:00,,,,2026-10-03 07:32:15 UTC,https://bazaar.abuse.ch/export/txt/sha256/recent/,Zərərli fayl hash-i (SHA256)
sha256,eeb4e7217972d1ea391859310759c9d58ae164ca0e1e68ba1e369df4c9d37a86,70,high,MalwareBazaar,1,12,2026-10-01T13:18:48+00:00,2026-10-03T08:42:27+00:00,,,,2026-10-03 07:32:15 UTC,https://bazaar.abuse.ch/export/txt/sha256/recent/,Zərərli fayl hash-i (SHA256)
sha256,d1ff6dd4deb4a2b93562a1e1392b3115b882cb3df2c5663e55e6d131e56093f1,70,high,MalwareBazaar,1,12,2026-10-01T13:18:48+00:00,2026-10-03T08:42:27+00:00,,,,2026-10-03 07:32:15 UTC,https://bazaar.abuse.ch/export/txt/sha256/recent/,Zərərli fayl hash-i (SHA256)
sha256,fc43e3787dfde5dbca67abac65369157e6f5f8a28e3bf3e15f080d2096b85224,70,high,MalwareBazaar,1,12,2026-10-01T13:18:48+00:00,2026-10-03T08:42:27+00:00,,,,2026-10-03 07:32:15 UTC,https://bazaar.abuse.ch/export/txt/sha256/recent/,Zərərli fayl hash-i (SHA256)
sha256,0ac60e87e97270103a1b3d6bc8b359c106284decb8e2087d09adb8a768791a81,70,high,MalwareBazaar,1,12,2026-10-01T13:18:48+00:00,2026-10-03T08:42:27+00:00,,,,2026-10-03 07:32:15 UTC,https://bazaar.abuse.ch/export/txt/sha256/recent/,Zərərli fayl hash-i (SHA256)
sha256,15bad1f7d5282a87a492cf7a7392df0be933fb8b0337f1dd8f60fa54d505e5fb,70,high,MalwareBazaar,1,12,2026-10-01T13:18:48+00:00,2026-10-03T08:42:27+00:00,,,,2026-10-03 07:32:15 UTC,https://bazaar.abuse.ch/export/txt/sha256/recent/,Zərərli fayl hash-i (SHA256)
sha256,f600e67fb1d51a444deec872be1644b23aa020e5aa0e3dbf30e37f874b2ba004,70,high,MalwareBazaar,1,12,2026-10-01T13:18:48+00:00,2026-10-03T08:42:27+00:00,,,,2026-10-03 07:32:15 UTC,https://bazaar.abuse.ch/export/txt/sha256/recent/,Zərərli fayl hash-i (SHA256)
sha256,5c118f7d9fbc1a23fb32a11bcf67574fbaa4fc1a4843d6412e19ddefea55136f,70,high,MalwareBazaar,1,12,2026-10-01T13:18:48+00:00,2026-10-03T08:42:27+00:00,,,,2026-10-03 07:32:15 UTC,https://bazaar.abuse.ch/export/txt/sha256/recent/,Zərərli fayl hash-i (SHA256)
sha256,d36562c74048192cfed769d51c8bd168549c0e58884f00f6fa3eff326df1ce53,70,high,MalwareBazaar,1,12,2026-10-01T13:18:48+00:00,2026-10-03T08:42:27+00:00,,,,2026-10-03 07:32:15 UTC,https://bazaar.abuse.ch/export/txt/sha256/recent/,Zərərli fayl hash-i (SHA256)
sha256,d55f350c2991a2fda0c8db9211a176ceb19565c7a2e567703de8aa2f7716f187,70,high,MalwareBazaar,1,12,2026-10-01T13:18:48+00:00,2026-10-03T08:42:27+00:00,,,,2026-10-03 07:32:15 UTC,https://bazaar.abuse.ch/export/txt/sha256/recent/,Zərərli fayl hash-i (SHA256)
sha256,e506aaa0a9726df1f41d25d0c497269ced3a2ad02716beafe511f70a40d2b2e7,70,high,MalwareBazaar,1,12,2026-10-01T13:18:48+00:00,2026-10-03T08:42:27+00:00,,,,2026-10-03 07:32:15 UTC,https://bazaar.abuse.ch/export/txt/sha256/recent/,Zərərli fayl hash-i (SHA256)
sha256,0c23be6f02b6e6dd6f92d47fd08e9216be72b732376990c559802cf2b008d499,70,high,MalwareBazaar,1,12,2026-10-01T13:18:48+00:00,2026-10-03T08:42:27+00:00,,,,2026-10-03 07:32:15 UTC,https://bazaar.abuse.ch/export/txt/sha256/recent/,Zərərli fayl hash-i (SHA256)
sha256,2b634f4972a1d0aea03c798300c375309a0b29eabc5c8b378f71a1f73fb7befb,70,high,MalwareBazaar,1,12,2026-10-01T13:18:48+00:00,2026-10-03T08:42:27+00:00,,,,2026-10-03 07:32:15 UTC,https://bazaar.abuse.ch/export/txt/sha256/recent/,Zərərli fayl hash-i (SHA256)
sha256,ca5444217d0e711d58d4b1b5f63c70697579690d6543c4b3275d3885666c7ae5,70,high,MalwareBazaar,1,12,2026-10-01T13:18:48+00:00,2026-10-03T08:42:27+00:00,,,,2026-10-03 07:32:15 UTC,https://bazaar.abuse.ch/export/txt/sha256/recent/,Zərərli fayl hash-i (SHA256)
sha256,0b260ee723509c2bf9178c5ffb88ad6317b29d8a849f089fa83bc36c44f8db91,70,high,MalwareBazaar,1,12,2026-10-01T13:18:48+00:00,2026-10-03T08:42:27+00:00,,,,2026-10-03 07:32:15 UTC,https://bazaar.abuse.ch/export/txt/sha256/recent/,Zərərli fayl hash-i (SHA256)
sha256,27da1a86d39f52963382e29b35a2ff63041eae13f27c8efb2e917e426fcdab40,70,high,MalwareBazaar,1,12,2026-10-01T13:18:48+00:00,2026-10-03T08:42:27+00:00,,,,2026-10-03 07:32:15 UTC,https://bazaar.abuse.ch/export/txt/sha256/recent/,Zərərli fayl hash-i (SHA256)
sha256,f473f0dc289eb8c7faa5fda3b91744b4cc7daa0f32199d9458b6b8637f949069,70,high,MalwareBazaar,1,12,2026-10-01T13:18:48+00:00,2026-10-03T08:42:27+00:00,,,,2026-10-03 07:32:15 UTC,https://bazaar.abuse.ch/export/txt/sha256/recent/,Zərərli fayl hash-i (SHA256)
sha256,f8a9ce88ba72e9819922d1963189245d11c3cf467ab84f269200894e276e5c9f,70,high,MalwareBazaar,1,12,2026-10-01T13:18:48+00:00,2026-10-03T08:42:27+00:00,,,,2026-10-03 07:32:15 UTC,https://bazaar.abuse.ch/export/txt/sha256/recent/,Zərərli fayl hash-i (SHA256)
sha256,b15494c671395c45978800229a26fbfcb1af47337974e120e6885cab21b6578c,70,high,MalwareBazaar,1,13,2026-10-01T09:35:21+00:00,2026-10-03T08:42:27+00:00,,,,2026-10-03 07:32:15 UTC,https://bazaar.abuse.ch/export/txt/sha256/recent/,Zərərli fayl hash-i (SHA256)
sha256,06c4c4f8659f84c5bbf292f14d487a8040b489d5d8cbec49cc77852681387a98,70,high,MalwareBazaar,1,13,2026-10-01T09:35:21+00:00,2026-10-03T08:42:27+00:00,,,,2026-10-03 07:32:15 UTC,https://bazaar.abuse.ch/export/txt/sha256/recent/,Zərərli fayl hash-i (SHA256)
sha256,42d997d450456bf8100e14606a0bbd4795b205cf346608e1b19623555932d7a5,70,high,MalwareBazaar,1,13,2026-10-01T09:35:21+00:00,2026-10-03T08:42:27+00:00,,,,2026-10-03 07:32:15 UTC,https://bazaar.abuse.ch/export/txt/sha256/recent/,Zərərli fayl hash-i (SHA256)
sha256,a6848f56649bb89b54675a05f0a875a5a8c4b57af690288eacfd8b4d4ffeecd2,70,high,MalwareBazaar,1,13,2026-10-01T09:35:21+00:00,2026-10-03T08:42:27+00:00,,,,2026-10-03 07:32:15 UTC,https://bazaar.abuse.ch/export/txt/sha256/recent/,Zərərli fayl hash-i (SHA256)
sha256,5ce68cd389e40ef322cbbc76361b78e4ab9cd7b8bd4942b903b9bdbd338609df,70,high,MalwareBazaar,1,13,2026-10-01T09:35:21+00:00,2026-10-03T08:42:27+00:00,,,,2026-10-03 07:32:15 UTC,https://bazaar.abuse.ch/export/txt/sha256/recent/,Zərərli fayl hash-i (SHA256)
sha256,4bfe304587633df9d042ede596f957bace69740c37bc40a6635cabe101802c65,70,high,MalwareBazaar,1,13,2026-10-01T09:35:21+00:00,2026-10-03T08:42:27+00:00,,,,2026-10-03 07:32:15 UTC,https://bazaar.abuse.ch/export/txt/sha256/recent/,Zərərli fayl hash-i (SHA256)
sha256,72ea940b351560c210c6c8a89171e43b932c99089985b7fcc85f58a8910eb2c6,70,high,MalwareBazaar,1,12,2026-10-01T09:35:21+00:00,2026-10-03T02:50:46+00:00,,,,2026-10-03 01:49:41 UTC,https://bazaar.abuse.ch/export/txt/sha256/recent/,Zərərli fayl hash-i (SHA256)
sha256,b02d58f230484452750855a20d734d6c9b3540290b0c8162493312c53bdf3c62,70,high,MalwareBazaar,1,12,2026-10-01T09:35:21+00:00,2026-10-03T02:50:46+00:00,,,,2026-10-03 01:49:41 UTC,https://bazaar.abuse.ch/export/txt/sha256/recent/,Zərərli fayl hash-i (SHA256)
sha256,935f2d6a19b549430c702863aa0f563c42b0dbaca4cde8d6903e70843858dcf5,70,high,MalwareBazaar,1,12,2026-10-01T09:35:21+00:00,2026-10-03T02:50:46+00:00,,,,2026-10-03 01:49:41 UTC,https://bazaar.abuse.ch/export/txt/sha256/recent/,Zərərli fayl hash-i (SHA256)
sha256,3bb89c9e7eff35cd476e57b77412497cacd3833cf8d7f7139f6671a1284ac16c,70,high,MalwareBazaar,1,12,2026-10-01T09:35:21+00:00,2026-10-03T02:50:46+00:00,,,,2026-10-03 01:49:41 UTC,https://bazaar.abuse.ch/export/txt/sha256/recent/,Zərərli fayl hash-i (SHA256)
sha256,df5ca1884dc8dd8514902293e21def2724b2d069c0bbce387747d843c4acd0c2,70,high,MalwareBazaar,1,12,2026-10-01T09:35:21+00:00,2026-10-03T02:50:46+00:00,,,,2026-10-03 01:49:41 UTC,https://bazaar.abuse.ch/export/txt/sha256/recent/,Zərərli fayl hash-i (SHA256)
sha256,e136fd4421febdf5ac2d8266cba0670708f0b53a1b09f672e7a1c71f1eba19e9,70,high,MalwareBazaar,1,12,2026-10-01T09:35:21+00:00,2026-10-03T02:50:46+00:00,,,,2026-10-03 01:49:41 UTC,https://bazaar.abuse.ch/export/txt/sha256/recent/,Zərərli fayl hash-i (SHA256)
sha256,5fb5bf9ffb35f89ccb1a615a45d578ea5d0c7e11ed3df5dd259eb523fd43cf23,70,high,MalwareBazaar,1,12,2026-10-01T09:35:21+00:00,2026-10-03T02:50:46+00:00,,,,2026-10-03 01:49:41 UTC,https://bazaar.abuse.ch/export/txt/sha256/recent/,Zərərli fayl hash-i (SHA256)
sha256,4ecc8733de929518963f77d054d8fb88caf2fda5ac7ddf7d9b450c269ae5ba64,70,high,MalwareBazaar,1,12,2026-10-01T09:35:21+00:00,2026-10-03T02:50:46+00:00,,,,2026-10-03 01:49:41 UTC,https://bazaar.abuse.ch/export/txt/sha256/recent/,Zərərli fayl hash-i (SHA256)
sha256,4e1d821d4df8a1bc9201943733e4d635bd695329d8ee7b63071ec8a26b208c50,70,high,MalwareBazaar,1,12,2026-10-01T09:35:21+00:00,2026-10-03T02:50:46+00:00,,,,2026-10-03 01:49:41 UTC,https://bazaar.abuse.ch/export/txt/sha256/recent/,Zərərli fayl hash-i (SHA256)
sha256,b45e3b14e530db32de40e0352f10e19715986de727fa5b0caa74f00a3e35a93c,70,high,MalwareBazaar,1,12,2026-10-01T09:35:21+00:00,2026-10-03T02:50:46+00:00,,,,2026-10-03 01:49:41 UTC,https://bazaar.abuse.ch/export/txt/sha256/recent/,Zərərli fayl hash-i (SHA256)
sha256,53cc143c730ee92dba972b6c414f4499996bb6864ee300ec0da657b654d63df7,70,high,MalwareBazaar,1,12,2026-10-01T09:35:21+00:00,2026-10-03T02:50:46+00:00,,,,2026-10-03 01:49:41 UTC,https://bazaar.abuse.ch/export/txt/sha256/recent/,Zərərli fayl hash-i (SHA256)
sha256,07adbb53e9cfea58b919fded0bf6e895b26b1d1eb78fd2a162b8d313008176e9,70,high,MalwareBazaar,1,12,2026-10-01T09:35:21+00:00,2026-10-03T02:50:46+00:00,,,,2026-10-03 01:49:41 UTC,https://bazaar.abuse.ch/export/txt/sha256/recent/,Zərərli fayl hash-i (SHA256)
sha256,9350cc4d7e1b7fd89aa253586bb7a197a700f47e403d8abbc32775c1e4064343,70,high,MalwareBazaar,1,12,2026-10-01T09:35:21+00:00,2026-10-03T02:50:46+00:00,,,,2026-10-03 01:49:41 UTC,https://bazaar.abuse.ch/export/txt/sha256/recent/,Zərərli fayl hash-i (SHA256)
sha256,279059e4ec630097dbc1a2e3e7a065638acbbcaf8743247fba8924b762875a2f,70,high,MalwareBazaar,1,12,2026-10-01T09:35:21+00:00,2026-10-03T02:50:46+00:00,,,,2026-10-03 01:49:41 UTC,https://bazaar.abuse.ch/export/txt/sha256/recent/,Zərərli fayl hash-i (SHA256)
sha256,e598af514da17a32559282bf68e199821b0a393941a7d2215a83e75c55f9227e,70,high,MalwareBazaar,1,12,2026-10-01T09:35:21+00:00,2026-10-03T02:50:46+00:00,,,,2026-10-03 01:49:41 UTC,https://bazaar.abuse.ch/export/txt/sha256/recent/,Zərərli fayl hash-i (SHA256)
sha256,8570d8ec3fdb34495f6824ea39f48eb5c7f71a2c3815b43456fe8ac706c61ad0,70,high,MalwareBazaar,1,12,2026-10-01T09:35:21+00:00,2026-10-03T02:50:46+00:00,,,,2026-10-03 01:49:41 UTC,https://bazaar.abuse.ch/export/txt/sha256/recent/,Zərərli fayl hash-i (SHA256)
sha256,2f03d283a5302a745f357129b5ec45ea27b84e5adf72c6e87092fe7dbbb23c65,70,high,MalwareBazaar,1,12,2026-10-01T09:35:21+00:00,2026-10-03T02:50:46+00:00,,,,2026-10-03 01:49:41 UTC,https://bazaar.abuse.ch/export/txt/sha256/recent/,Zərərli fayl hash-i (SHA256)
sha256,63c9b46cfaa62abf69df2713c55e0e67a7bd524f77788aafa0b0b8ad359f0221,70,high,MalwareBazaar,1,12,2026-10-01T09:35:21+00:00,2026-10-03T02:50:46+00:00,,,,2026-10-03 01:49:41 UTC,https://bazaar.abuse.ch/export/txt/sha256/recent/,Zərərli fayl hash-i (SHA256)
sha256,629d2985c6173cb498b7c7233b551bd3bd2725270d34fad424cd30a324fe73f1,70,high,MalwareBazaar,1,12,2026-10-01T09:35:21+00:00,2026-10-03T02:50:46+00:00,,,,2026-10-03 01:49:41 UTC,https://bazaar.abuse.ch/export/txt/sha256/recent/,Zərərli fayl hash-i (SHA256)
sha256,635f0f9aed2508d4cbb776450716b3671cd78870fceee8d0dcec8680e05d9b6e,70,high,MalwareBazaar,1,12,2026-10-01T09:35:21+00:00,2026-10-03T02:50:46+00:00,,,,2026-10-03 01:49:41 UTC,https://bazaar.abuse.ch/export/txt/sha256/recent/,Zərərli fayl hash-i (SHA256)
sha256,b25ead9ba12a34db6d355d52790964c533168859affbfacf36cd735f63a1dd21,70,high,MalwareBazaar,1,12,2026-10-01T09:35:21+00:00,2026-10-03T02:50:46+00:00,,,,2026-10-03 01:49:41 UTC,https://bazaar.abuse.ch/export/txt/sha256/recent/,Zərərli fayl hash-i (SHA256)
sha256,2a6f2f273af0d9b0675c466f01bc6d81245df7105bdae8d25b9bbfabfa3f19c4,70,high,MalwareBazaar,1,12,2026-10-01T09:35:21+00:00,2026-10-03T02:50:46+00:00,,,,2026-10-03 01:49:41 UTC,https://bazaar.abuse.ch/export/txt/sha256/recent/,Zərərli fayl hash-i (SHA256)
sha256,5fef2449ce26f0820e72a42ee45f578ce14cef908c52063cd595b000d4665a81,70,high,MalwareBazaar,1,12,2026-10-01T09:35:21+00:00,2026-10-03T02:50:46+00:00,,,,2026-10-03 01:49:41 UTC,https://bazaar.abuse.ch/export/txt/sha256/recent/,Zərərli fayl hash-i (SHA256)
sha256,87568fa4215f1e230bf15f9bdb88528b7ad5d58e9ffb51324dc37c6ecfa00e99,70,high,MalwareBazaar,1,12,2026-10-01T09:35:21+00:00,2026-10-03T02:50:46+00:00,,,,2026-10-03 01:49:41 UTC,https://bazaar.abuse.ch/export/txt/sha256/recent/,Zərərli fayl hash-i (SHA256)
sha256,7b254af99efa15b124d9133e32d22244c57076c9bcfdfb01b155d369e0d47aa1,70,high,MalwareBazaar,1,12,2026-10-01T09:35:21+00:00,2026-10-03T02:50:46+00:00,,,,2026-10-03 01:49:41 UTC,https://bazaar.abuse.ch/export/txt/sha256/recent/,Zərərli fayl hash-i (SHA256)
sha256,84d68a89a5f07f096cca74e9c96869490056e8b911fd84cd73e5744bed1a7022,70,high,MalwareBazaar,1,12,2026-10-01T09:35:21+00:00,2026-10-03T02:50:46+00:00,,,,2026-10-03 01:49:41 UTC,https://bazaar.abuse.ch/export/txt/sha256/recent/,Zərərli fayl hash-i (SHA256)
sha256,e76c5c79066d31f5e84b172d61ba575926a18505efa47a9d9a0c7c1c0ced4768,70,high,MalwareBazaar,1,12,2026-10-01T09:35:21+00:00,2026-10-03T02:50:46+00:00,,,,2026-10-03 01:49:41 UTC,https://bazaar.abuse.ch/export/txt/sha256/recent/,Zərərli fayl hash-i (SHA256)
sha256,786169a79bb505773566b041070dee3bb1c6ea67385acfc63ecf989ce701c87a,70,high,MalwareBazaar,1,12,2026-10-01T09:35:21+00:00,2026-10-03T02:50:46+00:00,,,,2026-10-03 01:49:41 UTC,https://bazaar.abuse.ch/export/txt/sha256/recent/,Zərərli fayl hash-i (SHA256)
sha256,5adc928c90571c9c956ed1b869b3acb87133ee1a1e63e61aa8324f7c1cc037f8,70,high,MalwareBazaar,1,12,2026-10-01T09:35:21+00:00,2026-10-03T02:50:46+00:00,,,,2026-10-03 01:49:41 UTC,https://bazaar.abuse.ch/export/txt/sha256/recent/,Zərərli fayl hash-i (SHA256)
sha256,1e3bc11e2a8404619ca6b092555233fb41b889a88900ff50e440e9b9d6782666,70,high,MalwareBazaar,1,12,2026-10-01T09:35:21+00:00,2026-10-03T02:50:46+00:00,,,,2026-10-03 01:49:41 UTC,https://bazaar.abuse.ch/export/txt/sha256/recent/,Zərərli fayl hash-i (SHA256)
sha256,db11b9baed28a20871bf74a1126b1f202d974da51f865b2a6e3eccb1b0f9e4b6,70,high,MalwareBazaar,1,12,2026-10-01T09:35:21+00:00,2026-10-03T02:50:46+00:00,,,,2026-10-03 01:49:41 UTC,https://bazaar.abuse.ch/export/txt/sha256/recent/,Zərərli fayl hash-i (SHA256)
sha256,1beabccc2954aceebc2e51ad36b0f704add1b50081526717a3535115a7da980e,70,high,MalwareBazaar,1,12,2026-10-01T09:35:21+00:00,2026-10-03T02:50:46+00:00,,,,2026-10-03 01:49:41 UTC,https://bazaar.abuse.ch/export/txt/sha256/recent/,Zərərli fayl hash-i (SHA256)
sha256,fa6f34f439e2f40fcdccaa83a88e08fbe2e9285eba8c9e29228df3e3c16c1078,70,high,MalwareBazaar,1,12,2026-10-01T09:35:21+00:00,2026-10-03T02:50:46+00:00,,,,2026-10-03 01:49:41 UTC,https://bazaar.abuse.ch/export/txt/sha256/recent/,Zərərli fayl hash-i (SHA256)
sha256,11b606a4c098c99a6fae1c6c56fa09590616fe503639308b5e773c83df85b94e,70,high,MalwareBazaar,1,12,2026-10-01T09:35:21+00:00,2026-10-03T02:50:46+00:00,,,,2026-10-03 01:49:41 UTC,https://bazaar.abuse.ch/export/txt/sha256/recent/,Zərərli fayl hash-i (SHA256)
sha256,4610ccf1547c2cb490b43b31bd9f6f79913e3339b4d6cb05db1a60eb04b2813f,70,high,MalwareBazaar,1,12,2026-10-01T09:35:21+00:00,2026-10-03T02:50:46+00:00,,,,2026-10-03 01:49:41 UTC,https://bazaar.abuse.ch/export/txt/sha256/recent/,Zərərli fayl hash-i (SHA256)
sha256,b94bb5e3dc898727f3e411fe174438450ccece7a4f801a5e0eb76a15c7db914c,70,high,MalwareBazaar,1,12,2026-10-01T09:35:21+00:00,2026-10-03T02:50:46+00:00,,,,2026-10-03 01:49:41 UTC,https://bazaar.abuse.ch/export/txt/sha256/recent/,Zərərli fayl hash-i (SHA256)
sha256,3637ebd9a53af109fd1ce055f074563d9749d099fb49e622023d5d01e3641168,70,high,MalwareBazaar,1,12,2026-10-01T09:35:21+00:00,2026-10-03T02:50:46+00:00,,,,2026-10-03 01:49:41 UTC,https://bazaar.abuse.ch/export/txt/sha256/recent/,Zərərli fayl hash-i (SHA256)
sha256,40bce4fc2d48b01e29c714cd2478fb34d94688ba123a24ab69976599110939be,70,high,MalwareBazaar,1,12,2026-10-01T09:35:21+00:00,2026-10-03T02:50:46+00:00,,,,2026-10-03 01:49:41 UTC,https://bazaar.abuse.ch/export/txt/sha256/recent/,Zərərli fayl hash-i (SHA256)
sha256,ca13d65a37a6a7475a57fa4edb457f4059ba3cea9056d8a0c29bfa7db48ed108,70,high,MalwareBazaar,1,12,2026-10-01T09:35:21+00:00,2026-10-03T02:50:46+00:00,,,,2026-10-03 01:49:41 UTC,https://bazaar.abuse.ch/export/txt/sha256/recent/,Zərərli fayl hash-i (SHA256)
sha256,6b844ca37d2f209a0136c4c337bdaeba4afc6c454b44dc351c248ceaae7fc135,70,high,MalwareBazaar,1,12,2026-10-01T09:35:21+00:00,2026-10-03T02:50:46+00:00,,,,2026-10-03 01:49:41 UTC,https://bazaar.abuse.ch/export/txt/sha256/recent/,Zərərli fayl hash-i (SHA256)
sha256,035a6840a15e6dcea0403627bb22f749e3aba785da74c839400d5209cccd5292,70,high,MalwareBazaar,1,12,2026-10-01T09:35:21+00:00,2026-10-03T02:50:46+00:00,,,,2026-10-03 01:49:41 UTC,https://bazaar.abuse.ch/export/txt/sha256/recent/,Zərərli fayl hash-i (SHA256)
sha256,1e4b319e9aaa514af9a0ca9b31bae004b8d5a77e9a6aa5edcd957025872710ba,70,high,MalwareBazaar,1,12,2026-10-01T09:35:21+00:00,2026-10-03T02:50:46+00:00,,,,2026-10-03 01:49:41 UTC,https://bazaar.abuse.ch/export/txt/sha256/recent/,Zərərli fayl hash-i (SHA256)
sha256,22618abc5d61041a92b4ba1b15742f09d8d43630df249395b5d7c4df8a1112aa,70,high,MalwareBazaar,1,12,2026-10-01T09:35:21+00:00,2026-10-03T02:50:46+00:00,,,,2026-10-03 01:49:41 UTC,https://bazaar.abuse.ch/export/txt/sha256/recent/,Zərərli fayl hash-i (SHA256)
sha256,256fff3dae1bb819c8b21fdc807795c3301354797ed8714b363e532c8602a94e,70,high,MalwareBazaar,1,12,2026-10-01T09:35:21+00:00,2026-10-03T02:50:46+00:00,,,,2026-10-03 01:49:41 UTC,https://bazaar.abuse.ch/export/txt/sha256/recent/,Zərərli fayl hash-i (SHA256)
sha256,519c0a6541692082d0b71d12bd582128b20c8fe9541be676ee2ebe389943830a,70,high,MalwareBazaar,1,12,2026-10-01T09:35:21+00:00,2026-10-03T02:50:46+00:00,,,,2026-10-03 01:49:41 UTC,https://bazaar.abuse.ch/export/txt/sha256/recent/,Zərərli fayl hash-i (SHA256)
sha256,098a85921ef63f6076c18316d8437759f7c143794f4f4bf53901db1a12fac728,70,high,MalwareBazaar,1,12,2026-10-01T09:35:21+00:00,2026-10-03T02:50:46+00:00,,,,2026-10-03 01:49:41 UTC,https://bazaar.abuse.ch/export/txt/sha256/recent/,Zərərli fayl hash-i (SHA256)
sha256,371188405bfded45d2b7d0259c204611064d3bb4da5364ed70ce1b33e0f70fff,70,high,MalwareBazaar,1,12,2026-10-01T09:35:21+00:00,2026-10-03T02:50:46+00:00,,,,2026-10-03 01:49:41 UTC,https://bazaar.abuse.ch/export/txt/sha256/recent/,Zərərli fayl hash-i (SHA256)
sha256,a330fdc4266c2163a661aab758c06d52de0e923872dfb95f16f371183d4280f0,70,high,MalwareBazaar,1,12,2026-10-01T09:35:21+00:00,2026-10-03T02:50:46+00:00,,,,2026-10-03 01:49:41 UTC,https://bazaar.abuse.ch/export/txt/sha256/recent/,Zərərli fayl hash-i (SHA256)
sha256,2408a722990b81312752796ff89b8e3660421f8c09bdd9fe2bf412a9bb89ce3f,70,high,MalwareBazaar,1,12,2026-10-01T09:35:21+00:00,2026-10-03T02:50:46+00:00,,,,2026-10-03 01:49:41 UTC,https://bazaar.abuse.ch/export/txt/sha256/recent/,Zərərli fayl hash-i (SHA256)
sha256,90c930f706880abf2b7b6da83c694884ef4852716c6af24aa6c636a830d05617,70,high,MalwareBazaar,1,12,2026-10-01T09:35:21+00:00,2026-10-03T02:50:46+00:00,,,,2026-10-03 01:49:41 UTC,https://bazaar.abuse.ch/export/txt/sha256/recent/,Zərərli fayl hash-i (SHA256)
sha256,7c77f80c4cb795f8d19a1c90340ff39012c1617d8b4f7cfe7cb3b8f7a14521c8,70,high,MalwareBazaar,1,12,2026-10-01T09:35:21+00:00,2026-10-03T02:50:46+00:00,,,,2026-10-03 01:49:41 UTC,https://bazaar.abuse.ch/export/txt/sha256/recent/,Zərərli fayl hash-i (SHA256)
sha256,da9bb5422c3fc73fc27daa8f10c715b27090f883811a6ba7bd84d3228a64e0fc,70,high,MalwareBazaar,1,12,2026-10-01T09:35:21+00:00,2026-10-03T02:50:46+00:00,,,,2026-10-03 01:49:41 UTC,https://bazaar.abuse.ch/export/txt/sha256/recent/,Zərərli fayl hash-i (SHA256)
sha256,7250576a3cb7164bf383d89683267604dd1a5d36e1a35f22b5bef2d9f29402e5,70,high,MalwareBazaar,1,12,2026-10-01T09:35:21+00:00,2026-10-03T02:50:46+00:00,,,,2026-10-03 01:49:41 UTC,https://bazaar.abuse.ch/export/txt/sha256/recent/,Zərərli fayl hash-i (SHA256)
sha256,1c93d7059eed451f247cb2a91ab76b0f0fc7baea8e1c190f59dadc94e00da13d,70,high,MalwareBazaar,1,12,2026-10-01T09:35:21+00:00,2026-10-03T02:50:46+00:00,,,,2026-10-03 01:49:41 UTC,https://bazaar.abuse.ch/export/txt/sha256/recent/,Zərərli fayl hash-i (SHA256)
sha256,e1b30def98704eda7ca2abb7aea902cdc98be471fe3ace60e6017e1588413363,70,high,MalwareBazaar,1,12,2026-10-01T09:35:21+00:00,2026-10-03T02:50:46+00:00,,,,2026-10-03 01:49:41 UTC,https://bazaar.abuse.ch/export/txt/sha256/recent/,Zərərli fayl hash-i (SHA256)
sha256,dbb93fb26bf429a76cb994bcf4aeb75b671af551ea63b87dc1f979940e8a2916,70,high,MalwareBazaar,1,12,2026-10-01T09:35:21+00:00,2026-10-03T02:50:46+00:00,,,,2026-10-03 01:49:41 UTC,https://bazaar.abuse.ch/export/txt/sha256/recent/,Zərərli fayl hash-i (SHA256)
sha256,7e9a7d470aaad74302dc7c2f50391c8c420ed91cb2e1e22bba260c12e2f210bf,70,high,MalwareBazaar,1,12,2026-10-01T09:35:21+00:00,2026-10-03T02:50:46+00:00,,,,2026-10-03 01:49:41 UTC,https://bazaar.abuse.ch/export/txt/sha256/recent/,Zərərli fayl hash-i (SHA256)
sha256,db02b4218c861714def17679d47d00ff0287b9100839a6fdc27b58562cdd45f3,70,high,MalwareBazaar,1,12,2026-10-01T09:35:21+00:00,2026-10-03T02:50:46+00:00,,,,2026-10-03 01:49:41 UTC,https://bazaar.abuse.ch/export/txt/sha256/recent/,Zərərli fayl hash-i (SHA256)
sha256,0dc9d5b5d7b478e8fd56f0794c21a1b1e3b09cd47d766c7779c301aa71c8ef33,70,high,MalwareBazaar,1,12,2026-10-01T09:35:21+00:00,2026-10-03T02:50:46+00:00,,,,2026-10-03 01:49:41 UTC,https://bazaar.abuse.ch/export/txt/sha256/recent/,Zərərli fayl hash-i (SHA256)
sha256,dd50f6da0e5f8d6c8c10df954376162882aa1455e5e501ad4bc71cebc63868a9,70,high,MalwareBazaar,1,12,2026-10-01T09:35:21+00:00,2026-10-03T02:50:46+00:00,,,,2026-10-03 01:49:41 UTC,https://bazaar.abuse.ch/export/txt/sha256/recent/,Zərərli fayl hash-i (SHA256)
sha256,a4adf7d173b6e5b14504a3d9217591aa515d91af4e9144d73f44db98d7d280b9,70,high,MalwareBazaar,1,12,2026-10-01T09:35:21+00:00,2026-10-03T02:50:46+00:00,,,,2026-10-03 01:49:41 UTC,https://bazaar.abuse.ch/export/txt/sha256/recent/,Zərərli fayl hash-i (SHA256)
sha256,6e50beb2039190f8101a9e2f43b3e3952cf97330e906e36f290dbbcfecf9c30b,70,high,MalwareBazaar,1,12,2026-10-01T09:35:21+00:00,2026-10-03T02:50:46+00:00,,,,2026-10-03 01:49:41 UTC,https://bazaar.abuse.ch/export/txt/sha256/recent/,Zərərli fayl hash-i (SHA256)
sha256,80bd71812ea7c35634f5f590d80ebdba1ea9f882e8691e9854b9b62916ee4f25,70,high,MalwareBazaar,1,12,2026-10-01T09:35:21+00:00,2026-10-03T02:50:46+00:00,,,,2026-10-03 01:49:41 UTC,https://bazaar.abuse.ch/export/txt/sha256/recent/,Zərərli fayl hash-i (SHA256)
sha256,586d98277d3edc99e37280a970d9a1cd1ad38cf22f8a77648c3bd1212387b550,70,high,MalwareBazaar,1,12,2026-10-01T09:35:21+00:00,2026-10-03T02:50:46+00:00,,,,2026-10-03 01:49:41 UTC,https://bazaar.abuse.ch/export/txt/sha256/recent/,Zərərli fayl hash-i (SHA256)
sha256,a0b056570801f3bc3469f3f2f28bd3952fa9e94648797a46656fc16a1fb87303,70,high,MalwareBazaar,1,12,2026-10-01T09:35:21+00:00,2026-10-03T02:50:46+00:00,,,,2026-10-03 01:49:41 UTC,https://bazaar.abuse.ch/export/txt/sha256/recent/,Zərərli fayl hash-i (SHA256)
sha256,446150a7841e85746ef4209c550853445d4ff2625242b2f2d62c0c34f30756f8,70,high,MalwareBazaar,1,12,2026-10-01T09:35:21+00:00,2026-10-03T02:50:46+00:00,,,,2026-10-03 01:49:41 UTC,https://bazaar.abuse.ch/export/txt/sha256/recent/,Zərərli fayl hash-i (SHA256)
sha256,b28344e12d3576a96f94c6144a6b7c355eded7acacc1126d1a9148dec177768b,70,high,MalwareBazaar,1,12,2026-10-01T09:35:21+00:00,2026-10-03T02:50:46+00:00,,,,2026-10-03 01:49:41 UTC,https://bazaar.abuse.ch/export/txt/sha256/recent/,Zərərli fayl hash-i (SHA256)
sha256,6b4b3724c21b93a773823853c561d4da1b2d216879f30d40c20965cbef66f50e,70,high,MalwareBazaar,1,12,2026-10-01T09:35:21+00:00,2026-10-03T02:50:46+00:00,,,,2026-10-03 01:49:41 UTC,https://bazaar.abuse.ch/export/txt/sha256/recent/,Zərərli fayl hash-i (SHA256)
sha256,64707556ee186bd56e9f73f70164114b1e55f0448553f7e9c709e0bef42ad834,70,high,MalwareBazaar,1,12,2026-10-01T09:35:21+00:00,2026-10-03T02:50:46+00:00,,,,2026-10-03 01:49:41 UTC,https://bazaar.abuse.ch/export/txt/sha256/recent/,Zərərli fayl hash-i (SHA256)
sha256,76544a4a87d91cd4c03539756c8ceb7b78c128cbe42fa03742c2ddec0eb18854,70,high,MalwareBazaar,1,12,2026-10-01T09:35:21+00:00,2026-10-03T02:50:46+00:00,,,,2026-10-03 01:49:41 UTC,https://bazaar.abuse.ch/export/txt/sha256/recent/,Zərərli fayl hash-i (SHA256)
sha256,429c792a9586ce9b77ea659d11c402d38307f89dcc42dd75dda2eaff68ae8510,70,high,MalwareBazaar,1,12,2026-10-01T09:35:21+00:00,2026-10-03T02:50:46+00:00,,,,2026-10-03 01:49:41 UTC,https://bazaar.abuse.ch/export/txt/sha256/recent/,Zərərli fayl hash-i (SHA256)
sha256,f8ebd0c602fc643f55fb11d586832a1209b72163a5ad881ff9dbcdc613b03bf0,70,high,MalwareBazaar,1,12,2026-10-01T09:35:21+00:00,2026-10-03T02:50:46+00:00,,,,2026-10-03 01:49:41 UTC,https://bazaar.abuse.ch/export/txt/sha256/recent/,Zərərli fayl hash-i (SHA256)
sha256,8d7abf161e7134fccaeed26d0dcc0b6ec0ed72177a84dbfc3d5b7c13095c2817,70,high,MalwareBazaar,1,12,2026-10-01T09:35:21+00:00,2026-10-03T02:50:46+00:00,,,,2026-10-03 01:49:41 UTC,https://bazaar.abuse.ch/export/txt/sha256/recent/,Zərərli fayl hash-i (SHA256)
sha256,b482ef65f7b4a5fd31fa82079f33dce56471710b5049f78e794dfac0cdb823c8,70,high,MalwareBazaar,1,12,2026-10-01T09:35:21+00:00,2026-10-03T02:50:46+00:00,,,,2026-10-03 01:49:41 UTC,https://bazaar.abuse.ch/export/txt/sha256/recent/,Zərərli fayl hash-i (SHA256)
sha256,c045bf047c6be4c65eb82057b74dba95b76b68c6ea049c1ca882857b12d0b5b6,70,high,MalwareBazaar,1,12,2026-10-01T09:35:21+00:00,2026-10-03T02:50:46+00:00,,,,2026-10-03 01:49:41 UTC,https://bazaar.abuse.ch/export/txt/sha256/recent/,Zərərli fayl hash-i (SHA256)
sha256,66cd6867af5a3c076f82ee2835039367abf76f73828e80a713ab43851a2bd676,70,high,MalwareBazaar,1,12,2026-10-01T09:35:21+00:00,2026-10-03T02:50:46+00:00,,,,2026-10-03 01:49:41 UTC,https://bazaar.abuse.ch/export/txt/sha256/recent/,Zərərli fayl hash-i (SHA256)
sha256,08f817d399bbad41fac3eee9a4df7c83b9eb30208b2aa55b69b05b0413c92ecc,70,high,MalwareBazaar,1,12,2026-10-01T09:35:21+00:00,2026-10-03T02:50:46+00:00,,,,2026-10-03 01:49:41 UTC,https://bazaar.abuse.ch/export/txt/sha256/recent/,Zərərli fayl hash-i (SHA256)
sha256,d8e1caca374a740d2fea922492fb91a2cfe4f89edfe8ea92f12d65d3e5769a63,70,high,MalwareBazaar,1,12,2026-10-01T09:35:21+00:00,2026-10-03T02:50:46+00:00,,,,2026-10-03 01:49:41 UTC,https://bazaar.abuse.ch/export/txt/sha256/recent/,Zərərli fayl hash-i (SHA256)
sha256,c4daf6dabd85df9b295b0dca5f4eeabb0a771d20a38914e4661e3e644c619b08,70,high,MalwareBazaar,1,12,2026-10-01T09:35:21+00:00,2026-10-03T02:50:46+00:00,,,,2026-10-03 01:49:41 UTC,https://bazaar.abuse.ch/export/txt/sha256/recent/,Zərərli fayl hash-i (SHA256)
sha256,903a309eedb926e4bbd1227748096814c612dbb7dfcee379f7360a8c9ed21542,70,high,MalwareBazaar,1,12,2026-10-01T09:35:21+00:00,2026-10-03T02:50:46+00:00,,,,2026-10-03 01:49:41 UTC,https://bazaar.abuse.ch/export/txt/sha256/recent/,Zərərli fayl hash-i (SHA256)
sha256,d1052fc927546e6dd99ea73d72cbe0fb3122d18f5bdff650a5d220a0e12b405e,70,high,MalwareBazaar,1,12,2026-10-01T09:35:21+00:00,2026-10-03T02:50:46+00:00,,,,2026-10-03 01:49:41 UTC,https://bazaar.abuse.ch/export/txt/sha256/recent/,Zərərli fayl hash-i (SHA256)
sha256,834e1a1e86773f9bc09e32b950d792b6eb4a89abdbd68853dd6606d1031e0ebd,70,high,MalwareBazaar,1,12,2026-10-01T09:35:21+00:00,2026-10-03T02:50:46+00:00,,,,2026-10-03 01:49:41 UTC,https://bazaar.abuse.ch/export/txt/sha256/recent/,Zərərli fayl hash-i (SHA256)
sha256,032823f3ed992d86ca019375bbc9c43f404705268cd553d7649cf7b659de6bfc,70,high,MalwareBazaar,1,12,2026-10-01T09:35:21+00:00,2026-10-03T02:50:46+00:00,,,,2026-10-03 01:49:41 UTC,https://bazaar.abuse.ch/export/txt/sha256/recent/,Zərərli fayl hash-i (SHA256)
sha256,b4e22e21e205559a595d1e3b47516079d19bf9c226d41023494ed07f41648e65,70,high,MalwareBazaar,1,12,2026-10-01T09:35:21+00:00,2026-10-03T02:50:46+00:00,,,,2026-10-03 01:49:41 UTC,https://bazaar.abuse.ch/export/txt/sha256/recent/,Zərərli fayl hash-i (SHA256)
sha256,ab083b900539a539ac4a826c42795c464faa72b12cf7970ec5ad1b99ba8d79f7,70,high,MalwareBazaar,1,12,2026-10-01T09:35:21+00:00,2026-10-03T02:50:46+00:00,,,,2026-10-03 01:49:41 UTC,https://bazaar.abuse.ch/export/txt/sha256/recent/,Zərərli fayl hash-i (SHA256)
sha256,3b408e5bd496ec69350d67ae11b7d9335692935d59ae098919fe2bf9b3ce22f5,70,high,MalwareBazaar,1,12,2026-10-01T09:35:21+00:00,2026-10-03T02:50:46+00:00,,,,2026-10-03 01:49:41 UTC,https://bazaar.abuse.ch/export/txt/sha256/recent/,Zərərli fayl hash-i (SHA256)
sha256,db47c4ee320a21f6ddcf2544403b3ae658bedf18c15e25cf2c9a4b39bce0cc07,70,high,MalwareBazaar,1,12,2026-10-01T09:35:21+00:00,2026-10-03T02:50:46+00:00,,,,2026-10-03 01:49:41 UTC,https://bazaar.abuse.ch/export/txt/sha256/recent/,Zərərli fayl hash-i (SHA256)
sha256,85e9137ce0d1cb5b1bbfb12b9cb310a0b0cecd6c3d9c53d06c248a15664b3649,70,high,MalwareBazaar,1,12,2026-10-01T09:35:21+00:00,2026-10-03T02:50:46+00:00,,,,2026-10-03 01:49:41 UTC,https://bazaar.abuse.ch/export/txt/sha256/recent/,Zərərli fayl hash-i (SHA256)
sha256,f33bea6b180e66a4e55201107966aeb686b4046ae023bc3e4337d577496ab174,70,high,MalwareBazaar,1,12,2026-10-01T09:35:21+00:00,2026-10-03T02:50:46+00:00,,,,2026-10-03 01:49:41 UTC,https://bazaar.abuse.ch/export/txt/sha256/recent/,Zərərli fayl hash-i (SHA256)
sha256,3916322d717c9c761f3234b7f059f1e8f5d720acdb228e817ab0b1bcf83ee3f4,70,high,MalwareBazaar,1,12,2026-10-01T09:35:21+00:00,2026-10-03T02:50:46+00:00,,,,2026-10-03 01:49:41 UTC,https://bazaar.abuse.ch/export/txt/sha256/recent/,Zərərli fayl hash-i (SHA256)
sha256,e7de6197ad8312d8722b477d3ca988e196f17be5f5498eedc4b8d3c6c3791993,70,high,MalwareBazaar,1,12,2026-10-01T09:35:21+00:00,2026-10-03T02:50:46+00:00,,,,2026-10-03 01:49:41 UTC,https://bazaar.abuse.ch/export/txt/sha256/recent/,Zərərli fayl hash-i (SHA256)
sha256,d3cbbf14e20979a45947d5cb5f4d96279e4a0739c462b8d6d572b26471f7a336,70,high,MalwareBazaar,1,12,2026-10-01T09:35:21+00:00,2026-10-03T02:50:46+00:00,,,,2026-10-03 01:49:41 UTC,https://bazaar.abuse.ch/export/txt/sha256/recent/,Zərərli fayl hash-i (SHA256)
sha256,4c89688f6ce335ff1ee43ea2dcbcd361f6322b79d945e813be4b75720943c443,70,high,MalwareBazaar,1,12,2026-10-01T09:35:21+00:00,2026-10-03T02:50:46+00:00,,,,2026-10-03 01:49:41 UTC,https://bazaar.abuse.ch/export/txt/sha256/recent/,Zərərli fayl hash-i (SHA256)
sha256,83f698450650c084e323a20eb6fceb7a4186b61fd7845275c006dac941a6ecaf,70,high,MalwareBazaar,1,12,2026-10-01T09:35:21+00:00,2026-10-03T02:50:46+00:00,,,,2026-10-03 01:49:41 UTC,https://bazaar.abuse.ch/export/txt/sha256/recent/,Zərərli fayl hash-i (SHA256)
sha256,96cbd3752f5b52d9c02fce62493af15bcb90b444dcbc4d97d477cb8fe36ecde2,70,high,MalwareBazaar,1,12,2026-10-01T09:35:21+00:00,2026-10-03T02:50:46+00:00,,,,2026-10-03 01:49:41 UTC,https://bazaar.abuse.ch/export/txt/sha256/recent/,Zərərli fayl hash-i (SHA256)
sha256,d07a95a98360787177eed8914a54ae7f9ad32a8374fe8767ad889352f6fe2655,70,high,MalwareBazaar,1,12,2026-10-01T09:35:21+00:00,2026-10-03T02:50:46+00:00,,,,2026-10-03 01:49:41 UTC,https://bazaar.abuse.ch/export/txt/sha256/recent/,Zərərli fayl hash-i (SHA256)
sha256,441e22aa6184e8d203c3f3966deb463d3a3268402b3679474c0123a47e50ef66,70,high,MalwareBazaar,1,12,2026-10-01T09:35:21+00:00,2026-10-03T02:50:46+00:00,,,,2026-10-03 01:49:41 UTC,https://bazaar.abuse.ch/export/txt/sha256/recent/,Zərərli fayl hash-i (SHA256)
sha256,504a8cb701a8c8e90589a72a3f52d9efc33abd65913d20ad8774ddc88bb18c1b,70,high,MalwareBazaar,1,12,2026-10-01T09:35:21+00:00,2026-10-03T02:50:46+00:00,,,,2026-10-03 01:49:41 UTC,https://bazaar.abuse.ch/export/txt/sha256/recent/,Zərərli fayl hash-i (SHA256)
sha256,79aae2ac29a13411e5b5a9b56fa3394fd79f11f004eec000266606270f9aba0e,70,high,MalwareBazaar,1,12,2026-10-01T09:35:21+00:00,2026-10-03T02:50:46+00:00,,,,2026-10-03 01:49:41 UTC,https://bazaar.abuse.ch/export/txt/sha256/recent/,Zərərli fayl hash-i (SHA256)
sha256,ac7b04fda8d8945d71da4f9171ae6854f7c78abbe4103ac77089fd31efd8e79a,70,high,MalwareBazaar,1,12,2026-10-01T09:35:21+00:00,2026-10-03T02:50:46+00:00,,,,2026-10-03 01:49:41 UTC,https://bazaar.abuse.ch/export/txt/sha256/recent/,Zərərli fayl hash-i (SHA256)
sha256,b7e03258ce8de953baa9179ab0494822209f5d14dbcf4d1c302e769a7f6303a2,70,high,MalwareBazaar,1,12,2026-10-01T09:35:21+00:00,2026-10-03T02:50:46+00:00,,,,2026-10-03 01:49:41 UTC,https://bazaar.abuse.ch/export/txt/sha256/recent/,Zərərli fayl hash-i (SHA256)
sha256,49cc7fd35a16329bde9aa2446e0e014c08f246730402a1ee14981a641d634848,70,high,MalwareBazaar,1,12,2026-10-01T09:35:21+00:00,2026-10-03T02:50:46+00:00,,,,2026-10-03 01:49:41 UTC,https://bazaar.abuse.ch/export/txt/sha256/recent/,Zərərli fayl hash-i (SHA256)
sha256,6a25404d9d07f9c3b811577bc059bb6dba6f74a550fabb1e0b9af8515b088a0e,70,high,MalwareBazaar,1,12,2026-10-01T09:35:21+00:00,2026-10-03T02:50:46+00:00,,,,2026-10-03 01:49:41 UTC,https://bazaar.abuse.ch/export/txt/sha256/recent/,Zərərli fayl hash-i (SHA256)
sha256,51c99c352c7bda319d463aac691cac885466b83690e4ed589e1ee0886bcd66b6,68,medium,MalwareBazaar,1,1,2026-10-04T00:13:52+00:00,2026-10-04T00:13:52+00:00,,,,2026-10-03 23:56:34 UTC,https://bazaar.abuse.ch/export/txt/sha256/recent/,Zərərli fayl hash-i (SHA256)
sha256,d26d2cd679fa7c81b19e6a724f414cedc50769c214d9f4d130fcbb2bd3cad5b3,68,medium,MalwareBazaar,1,1,2026-10-04T00:13:52+00:00,2026-10-04T00:13:52+00:00,,,,2026-10-03 23:56:34 UTC,https://bazaar.abuse.ch/export/txt/sha256/recent/,Zərərli fayl hash-i (SHA256)
sha256,9ece95d5db18dc890ab82cdb416b2bcf898425fc8f07dbd3df553a8adbc74abc,68,medium,MalwareBazaar,1,1,2026-10-04T00:13:52+00:00,2026-10-04T00:13:52+00:00,,,,2026-10-03 23:56:34 UTC,https://bazaar.abuse.ch/export/txt/sha256/recent/,Zərərli fayl hash-i (SHA256)
sha256,dae56eed89e6af9c4e18ed8ccdce08256646bffa58989ef1def040d10c9ffff4,68,medium,MalwareBazaar,1,1,2026-10-04T00:13:52+00:00,2026-10-04T00:13:52+00:00,,,,2026-10-03 23:56:34 UTC,https://bazaar.abuse.ch/export/txt/sha256/recent/,Zərərli fayl hash-i (SHA256)
sha256,6a514da7cac790d657c1785c71c2d5efdbacadd117e3220f9221c40e245d9508,68,medium,MalwareBazaar,1,1,2026-10-04T00:13:52+00:00,2026-10-04T00:13:52+00:00,,,,2026-10-03 23:56:34 UTC,https://bazaar.abuse.ch/export/txt/sha256/recent/,Zərərli fayl hash-i (SHA256)
sha256,f4d0a5783f8822c8c1e28590016be6320cf67be1969790aceb507b98605f14d2,68,medium,MalwareBazaar,1,1,2026-10-04T00:13:52+00:00,2026-10-04T00:13:52+00:00,,,,2026-10-03 23:56:34 UTC,https://bazaar.abuse.ch/export/txt/sha256/recent/,Zərərli fayl hash-i (SHA256)
sha256,a72ddd9bba3e7cc2de73751e6f274923271b6f7d7747fe90c654ab6ee26e397e,68,medium,MalwareBazaar,1,1,2026-10-04T00:13:52+00:00,2026-10-04T00:13:52+00:00,,,,2026-10-03 23:56:34 UTC,https://bazaar.abuse.ch/export/txt/sha256/recent/,Zərərli fayl hash-i (SHA256)
sha256,8fa8605216ab2953816a5df09cb739d24b9c684c2f3b4352e5822acb6a910eb1,68,medium,MalwareBazaar,1,1,2026-10-04T00:13:52+00:00,2026-10-04T00:13:52+00:00,,,,2026-10-03 23:56:34 UTC,https://bazaar.abuse.ch/export/txt/sha256/recent/,Zərərli fayl hash-i (SHA256)
sha256,be67ef3d24114632b613178048980ca6379a0b20445cef7135716e8b167e610e,68,medium,MalwareBazaar,1,1,2026-10-04T00:13:52+00:00,2026-10-04T00:13:52+00:00,,,,2026-10-03 23:56:34 UTC,https://bazaar.abuse.ch/export/txt/sha256/recent/,Zərərli fayl hash-i (SHA256)
sha256,e8ed3e37fd130c0356293b511b13ff12cf0e6382ff2b79ab54e975ff2b0490c9,68,medium,MalwareBazaar,1,1,2026-10-04T00:13:52+00:00,2026-10-04T00:13:52+00:00,,,,2026-10-03 23:56:34 UTC,https://bazaar.abuse.ch/export/txt/sha256/recent/,Zərərli fayl hash-i (SHA256)
sha256,28c79df15f07d779dd6dc2d15215ad4564153a396123befe804c6fadcc36ccfe,68,medium,MalwareBazaar,1,1,2026-10-04T00:13:52+00:00,2026-10-04T00:13:52+00:00,,,,2026-10-03 23:56:34 UTC,https://bazaar.abuse.ch/export/txt/sha256/recent/,Zərərli fayl hash-i (SHA256)
sha256,ee094418ff894f0592a1e5b1239a1f5603c8765622c3e1b8f342eb83efe50651,68,medium,MalwareBazaar,1,1,2026-10-04T00:13:52+00:00,2026-10-04T00:13:52+00:00,,,,2026-10-03 23:56:34 UTC,https://bazaar.abuse.ch/export/txt/sha256/recent/,Zərərli fayl hash-i (SHA256)
sha256,895ec0b14a9f787a2dc4f5bac65f0acc2e7c25c7cf03543963f8ace6d4300023,68,medium,MalwareBazaar,1,1,2026-10-04T00:13:52+00:00,2026-10-04T00:13:52+00:00,,,,2026-10-03 23:56:34 UTC,https://bazaar.abuse.ch/export/txt/sha256/recent/,Zərərli fayl hash-i (SHA256)
sha256,c8f361433837afe3ceb00d300e3b922fe5dd56365dade70e3187031166d8676e,68,medium,MalwareBazaar,1,1,2026-10-04T00:13:52+00:00,2026-10-04T00:13:52+00:00,,,,2026-10-03 23:56:34 UTC,https://bazaar.abuse.ch/export/txt/sha256/recent/,Zərərli fayl hash-i (SHA256)
sha256,dba328d783d4c69df88a82e8b851172a697cbcc3fbd392447ea9dee9a188d98c,68,medium,MalwareBazaar,1,1,2026-10-04T00:13:52+00:00,2026-10-04T00:13:52+00:00,,,,2026-10-03 23:56:34 UTC,https://bazaar.abuse.ch/export/txt/sha256/recent/,Zərərli fayl hash-i (SHA256)
sha256,b67be0b6057e382c1b4e3d3c8d63c0ab163a97389a7e3172680441bf0d5caa39,68,medium,MalwareBazaar,1,1,2026-10-04T00:13:52+00:00,2026-10-04T00:13:52+00:00,,,,2026-10-03 23:56:34 UTC,https://bazaar.abuse.ch/export/txt/sha256/recent/,Zərərli fayl hash-i (SHA256)
sha256,39a229dcaaa009a5bf84a49037f69fe45c90558a01bb8e43fbb9676961897e24,68,medium,MalwareBazaar,1,1,2026-10-04T00:13:52+00:00,2026-10-04T00:13:52+00:00,,,,2026-10-03 23:56:34 UTC,https://bazaar.abuse.ch/export/txt/sha256/recent/,Zərərli fayl hash-i (SHA256)
sha256,e15498f5a550b6eb593c4c31ce8f29d2d0e63ebee5127bcdb3509dc9c22dc919,68,medium,MalwareBazaar,1,1,2026-10-04T00:13:52+00:00,2026-10-04T00:13:52+00:00,,,,2026-10-03 23:56:34 UTC,https://bazaar.abuse.ch/export/txt/sha256/recent/,Zərərli fayl hash-i (SHA256)
sha256,25930fdfe25a415fa0d6b933b1bb4086d8d81358f71abacdb213c09357734055,68,medium,MalwareBazaar,1,1,2026-10-04T00:13:52+00:00,2026-10-04T00:13:52+00:00,,,,2026-10-03 23:56:34 UTC,https://bazaar.abuse.ch/export/txt/sha256/recent/,Zərərli fayl hash-i (SHA256)
sha256,0034a00a2a4f32f5329a5ada096a1e5eac1e38a8849ec1891536792071f26738,68,medium,MalwareBazaar,1,1,2026-10-04T00:13:52+00:00,2026-10-04T00:13:52+00:00,,,,2026-10-03 23:56:34 UTC,https://bazaar.abuse.ch/export/txt/sha256/recent/,Zərərli fayl hash-i (SHA256)
sha256,427464c3c78a89d3a4ec33df0942a6c4267ecec13d3b7665604375770dcef24d,68,medium,MalwareBazaar,1,1,2026-10-04T00:13:52+00:00,2026-10-04T00:13:52+00:00,,,,2026-10-03 23:56:34 UTC,https://bazaar.abuse.ch/export/txt/sha256/recent/,Zərərli fayl hash-i (SHA256)
sha256,baa70f8a6a58a8a330a8a92ae5437f1190162290f5ab9312f869ca3705eab870,68,medium,MalwareBazaar,1,1,2026-10-04T00:13:52+00:00,2026-10-04T00:13:52+00:00,,,,2026-10-03 23:56:34 UTC,https://bazaar.abuse.ch/export/txt/sha256/recent/,Zərərli fayl hash-i (SHA256)
sha256,9b97b1c3c4b0f8acc2e72ed277516b5f0f81015478ffbb0ba90a67ae41c23003,68,medium,MalwareBazaar,1,1,2026-10-04T00:13:52+00:00,2026-10-04T00:13:52+00:00,,,,2026-10-03 23:56:34 UTC,https://bazaar.abuse.ch/export/txt/sha256/recent/,Zərərli fayl hash-i (SHA256)
sha256,54838171c2d9d66bb9ce86ffe8abb7354361317e49d4f28538c02360f1af6a26,68,medium,MalwareBazaar,1,1,2026-10-04T00:13:52+00:00,2026-10-04T00:13:52+00:00,,,,2026-10-03 23:56:34 UTC,https://bazaar.abuse.ch/export/txt/sha256/recent/,Zərərli fayl hash-i (SHA256)
sha256,336165ed63a77d705ea74788db2c6b4a8acbcaf3a21f8dddd9a9bd2d8e33527c,68,medium,MalwareBazaar,1,1,2026-10-04T00:13:52+00:00,2026-10-04T00:13:52+00:00,,,,2026-10-03 23:56:34 UTC,https://bazaar.abuse.ch/export/txt/sha256/recent/,Zərərli fayl hash-i (SHA256)
sha256,b747d57c30eda7f8e64d6d282e2165658e22dd31efa08249275d2b1c62c8d60a,68,medium,MalwareBazaar,1,1,2026-10-04T00:13:52+00:00,2026-10-04T00:13:52+00:00,,,,2026-10-03 23:56:34 UTC,https://bazaar.abuse.ch/export/txt/sha256/recent/,Zərərli fayl hash-i (SHA256)
sha256,7676fde665253b1ed960e2e444f00c1a27a90cc159350da68624936891a82e38,68,medium,MalwareBazaar,1,1,2026-10-04T00:13:52+00:00,2026-10-04T00:13:52+00:00,,,,2026-10-03 23:56:34 UTC,https://bazaar.abuse.ch/export/txt/sha256/recent/,Zərərli fayl hash-i (SHA256)
sha256,0f7abbcb85f6142ea49b01f4aa61234eb1c389f6b727216479634431dd2d18bf,68,medium,MalwareBazaar,1,1,2026-10-04T00:13:52+00:00,2026-10-04T00:13:52+00:00,,,,2026-10-03 23:56:34 UTC,https://bazaar.abuse.ch/export/txt/sha256/recent/,Zərərli fayl hash-i (SHA256)
sha256,88fedb99d034473e30ee9b021f807d34b513fff7167d65202679847abc8da0c7,68,medium,MalwareBazaar,1,1,2026-10-04T00:13:52+00:00,2026-10-04T00:13:52+00:00,,,,2026-10-03 23:56:34 UTC,https://bazaar.abuse.ch/export/txt/sha256/recent/,Zərərli fayl hash-i (SHA256)
sha256,00499f1a9eee6704252b483a4172495396bec2c56cc78787da99a38dd2548e9a,68,medium,MalwareBazaar,1,1,2026-10-04T00:13:52+00:00,2026-10-04T00:13:52+00:00,,,,2026-10-03 23:56:34 UTC,https://bazaar.abuse.ch/export/txt/sha256/recent/,Zərərli fayl hash-i (SHA256)
sha256,e36451535786c4a50545deb9a5d4a97e942d358113ee9f11edd73dfb019f94d8,68,medium,MalwareBazaar,1,1,2026-10-04T00:13:52+00:00,2026-10-04T00:13:52+00:00,,,,2026-10-03 23:56:34 UTC,https://bazaar.abuse.ch/export/txt/sha256/recent/,Zərərli fayl hash-i (SHA256)
sha256,5420b2745e8d8c347563d73c3945b50b12f7c21b38fbfefd0202779fe1fa98c1,68,medium,MalwareBazaar,1,1,2026-10-04T00:13:52+00:00,2026-10-04T00:13:52+00:00,,,,2026-10-03 23:56:34 UTC,https://bazaar.abuse.ch/export/txt/sha256/recent/,Zərərli fayl hash-i (SHA256)
sha256,e27bc117e8bf2cd8f412a3952fd62c572e942b36f2db6dc641a4a50a4baf1d4c,68,medium,MalwareBazaar,1,1,2026-10-04T00:13:52+00:00,2026-10-04T00:13:52+00:00,,,,2026-10-03 23:56:34 UTC,https://bazaar.abuse.ch/export/txt/sha256/recent/,Zərərli fayl hash-i (SHA256)
sha256,688e27729819af2138b005b5889a963e769156470b51417e00d1726ea6aa9e1d,68,medium,MalwareBazaar,1,1,2026-10-04T00:13:52+00:00,2026-10-04T00:13:52+00:00,,,,2026-10-03 23:56:34 UTC,https://bazaar.abuse.ch/export/txt/sha256/recent/,Zərərli fayl hash-i (SHA256)
sha256,cb06b30330853b458897b41d232333f7c5b27d285307247b0ccc58ff22009a70,68,medium,MalwareBazaar,1,1,2026-10-04T00:13:52+00:00,2026-10-04T00:13:52+00:00,,,,2026-10-03 23:56:34 UTC,https://bazaar.abuse.ch/export/txt/sha256/recent/,Zərərli fayl hash-i (SHA256)
sha256,51d41d6c6f7ca2102cc49771d08053c6052dfccc879e623e8b305c7776985142,68,medium,MalwareBazaar,1,1,2026-10-04T00:13:52+00:00,2026-10-04T00:13:52+00:00,,,,2026-10-03 23:56:34 UTC,https://bazaar.abuse.ch/export/txt/sha256/recent/,Zərərli fayl hash-i (SHA256)
sha256,474477c0690528ae5c49d5ffc0f255eaf61d05e8e7b394720121afc3057632cb,68,medium,MalwareBazaar,1,1,2026-10-04T00:13:52+00:00,2026-10-04T00:13:52+00:00,,,,2026-10-03 23:56:34 UTC,https://bazaar.abuse.ch/export/txt/sha256/recent/,Zərərli fayl hash-i (SHA256)
sha256,5dc559d3657be1932e73f41fb270a35fd0bdca988398b33e548245fa3f486a7c,68,medium,MalwareBazaar,1,1,2026-10-04T00:13:52+00:00,2026-10-04T00:13:52+00:00,,,,2026-10-03 23:56:34 UTC,https://bazaar.abuse.ch/export/txt/sha256/recent/,Zərərli fayl hash-i (SHA256)
sha256,609b5bf37bc6544d7b74a77339144e089aeff5bdc578ce13fd8aa015c59a8343,68,medium,MalwareBazaar,1,1,2026-10-04T00:13:52+00:00,2026-10-04T00:13:52+00:00,,,,2026-10-03 23:56:34 UTC,https://bazaar.abuse.ch/export/txt/sha256/recent/,Zərərli fayl hash-i (SHA256)
sha256,e718359a9ee75911a34e56062adb0a5650b1808ce8a48fbceed15c5b5678998d,68,medium,MalwareBazaar,1,1,2026-10-04T00:13:52+00:00,2026-10-04T00:13:52+00:00,,,,2026-10-03 23:56:34 UTC,https://bazaar.abuse.ch/export/txt/sha256/recent/,Zərərli fayl hash-i (SHA256)
sha256,2b95e4f4f7d4b9c77d7e23764b05798d9f090d139bc0c353263d186cc4a2d674,68,medium,MalwareBazaar,1,1,2026-10-04T00:13:52+00:00,2026-10-04T00:13:52+00:00,,,,2026-10-03 23:56:34 UTC,https://bazaar.abuse.ch/export/txt/sha256/recent/,Zərərli fayl hash-i (SHA256)
sha256,179148b189d77e7c9a56e07f1358cbbdaddc3eafe88be252d0a8fdb1c4e6aa9a,68,medium,MalwareBazaar,1,1,2026-10-04T00:13:52+00:00,2026-10-04T00:13:52+00:00,,,,2026-10-03 23:56:34 UTC,https://bazaar.abuse.ch/export/txt/sha256/recent/,Zərərli fayl hash-i (SHA256)
sha256,6d9fcb603c86528fbf0f04e38c3bcede3ca5c1904840b29aad079fe8fabd9bce,68,medium,MalwareBazaar,1,1,2026-10-04T00:13:52+00:00,2026-10-04T00:13:52+00:00,,,,2026-10-03 23:56:34 UTC,https://bazaar.abuse.ch/export/txt/sha256/recent/,Zərərli fayl hash-i (SHA256)
sha256,5a8a25364db29883f35f9921a0cb84c472a354016851498ac64409cadd450446,68,medium,MalwareBazaar,1,1,2026-10-04T00:13:52+00:00,2026-10-04T00:13:52+00:00,,,,2026-10-03 23:56:34 UTC,https://bazaar.abuse.ch/export/txt/sha256/recent/,Zərərli fayl hash-i (SHA256)
sha256,c18aeac49fa9f8b0b496e29b1bf121d259c329025b6deb77748a0e1492380e58,68,medium,MalwareBazaar,1,1,2026-10-04T00:13:52+00:00,2026-10-04T00:13:52+00:00,,,,2026-10-03 23:56:34 UTC,https://bazaar.abuse.ch/export/txt/sha256/recent/,Zərərli fayl hash-i (SHA256)
sha256,850e1ce61823269cf67f30e39af2f0d00c733c665dba76fc7516c61a2f859642,68,medium,MalwareBazaar,1,1,2026-10-04T00:13:52+00:00,2026-10-04T00:13:52+00:00,,,,2026-10-03 23:56:34 UTC,https://bazaar.abuse.ch/export/txt/sha256/recent/,Zərərli fayl hash-i (SHA256)
sha256,b722aec2557fa9d97cb4266f1c6c6fd45986f21686dc14315840304dd41d469b,68,medium,MalwareBazaar,1,1,2026-10-04T00:13:52+00:00,2026-10-04T00:13:52+00:00,,,,2026-10-03 23:56:34 UTC,https://bazaar.abuse.ch/export/txt/sha256/recent/,Zərərli fayl hash-i (SHA256)
sha256,1253a628c3fc92fa9f2c85d45c76d34b94d15c9969a768275ced91dcaaefc68e,68,medium,MalwareBazaar,1,1,2026-10-04T00:13:52+00:00,2026-10-04T00:13:52+00:00,,,,2026-10-03 23:56:34 UTC,https://bazaar.abuse.ch/export/txt/sha256/recent/,Zərərli fayl hash-i (SHA256)
sha256,547338c703a86c3eaaaaa83f40eb9e131ca7bce36f96e7415a5f3eb87b1f10a4,68,medium,MalwareBazaar,1,1,2026-10-04T00:13:52+00:00,2026-10-04T00:13:52+00:00,,,,2026-10-03 23:56:34 UTC,https://bazaar.abuse.ch/export/txt/sha256/recent/,Zərərli fayl hash-i (SHA256)
sha256,4dcaf06e0ae1b7e10b3adc6b913bc48769d1510129d1cdd1b334dca9d0801d07,68,medium,MalwareBazaar,1,1,2026-10-04T00:13:52+00:00,2026-10-04T00:13:52+00:00,,,,2026-10-03 23:56:34 UTC,https://bazaar.abuse.ch/export/txt/sha256/recent/,Zərərli fayl hash-i (SHA256)
sha256,0277423b5bf7d636bbdcfa040a47f6555cd596980fe448bb426c434ceefa131f,68,medium,MalwareBazaar,1,1,2026-10-04T00:13:52+00:00,2026-10-04T00:13:52+00:00,,,,2026-10-03 23:56:34 UTC,https://bazaar.abuse.ch/export/txt/sha256/recent/,Zərərli fayl hash-i (SHA256)
sha256,d0bd7f29e71489912a5f4884e4644ace473c25c8b99424a4eef9532bfc4edecb,68,medium,MalwareBazaar,1,1,2026-10-04T00:13:52+00:00,2026-10-04T00:13:52+00:00,,,,2026-10-03 23:56:34 UTC,https://bazaar.abuse.ch/export/txt/sha256/recent/,Zərərli fayl hash-i (SHA256)
sha256,cf13d6d07b6ed9ac517a29d5ed4e5c7916412a68f38be447eb3d7a21a9990ee7,68,medium,MalwareBazaar,1,1,2026-10-04T00:13:52+00:00,2026-10-04T00:13:52+00:00,,,,2026-10-03 23:56:34 UTC,https://bazaar.abuse.ch/export/txt/sha256/recent/,Zərərli fayl hash-i (SHA256)
sha256,5e541e25bd88397cbac6352f362c6dad71732f608cef192db5f740ecd32bf278,68,medium,MalwareBazaar,1,1,2026-10-04T00:13:52+00:00,2026-10-04T00:13:52+00:00,,,,2026-10-03 23:56:34 UTC,https://bazaar.abuse.ch/export/txt/sha256/recent/,Zərərli fayl hash-i (SHA256)
sha256,d9459d24f428f65cfe3f0833f4c3c3fe05fe3d76e320a1e81534786506131ba1,68,medium,MalwareBazaar,1,1,2026-10-04T00:13:52+00:00,2026-10-04T00:13:52+00:00,,,,2026-10-03 23:56:34 UTC,https://bazaar.abuse.ch/export/txt/sha256/recent/,Zərərli fayl hash-i (SHA256)
sha256,b35a24e9dc0ecb1d5148657e7727fc7c27e459c461e3b415d0df8c926bc3e0a6,68,medium,MalwareBazaar,1,1,2026-10-04T00:13:52+00:00,2026-10-04T00:13:52+00:00,,,,2026-10-03 23:56:34 UTC,https://bazaar.abuse.ch/export/txt/sha256/recent/,Zərərli fayl hash-i (SHA256)
sha256,f04f65967407d2a7297e9ee4d7a512eece94ce7b894305599be849bdb1c7a4a6,68,medium,MalwareBazaar,1,1,2026-10-04T00:13:52+00:00,2026-10-04T00:13:52+00:00,,,,2026-10-03 23:56:34 UTC,https://bazaar.abuse.ch/export/txt/sha256/recent/,Zərərli fayl hash-i (SHA256)
sha256,86334d5784f41dd8bf4800108704783d17e296d1df409546ac13e31395fb3d6c,68,medium,MalwareBazaar,1,7,2026-10-02T14:17:54+00:00,2026-10-03T18:25:47+00:00,,,,2026-10-03 16:58:04 UTC,https://bazaar.abuse.ch/export/txt/sha256/recent/,Zərərli fayl hash-i (SHA256)
sha256,e380ccc60436da1b923f33e332c3a1a038b220a7510d4fa07fd3a61ce3e93689,68,medium,MalwareBazaar,1,7,2026-10-02T14:17:54+00:00,2026-10-03T18:25:47+00:00,,,,2026-10-03 16:58:04 UTC,https://bazaar.abuse.ch/export/txt/sha256/recent/,Zərərli fayl hash-i (SHA256)
sha256,cb6b7c0633f9f0e0689808e96c95afa8dd6e252e309712d9be727cdb3fa359ca,68,medium,MalwareBazaar,1,7,2026-10-02T14:17:54+00:00,2026-10-03T18:25:47+00:00,,,,2026-10-03 16:58:04 UTC,https://bazaar.abuse.ch/export/txt/sha256/recent/,Zərərli fayl hash-i (SHA256)
sha256,9a376145505bebe0b904633e69bab9e5b9171ca8a77c632b014ea14f47a0fca9,68,medium,MalwareBazaar,1,7,2026-10-02T14:17:54+00:00,2026-10-03T18:25:47+00:00,,,,2026-10-03 16:58:04 UTC,https://bazaar.abuse.ch/export/txt/sha256/recent/,Zərərli fayl hash-i (SHA256)
sha256,f02fcc884d208e549e18bb45dc7003e76eb394adb40207bb05dadc7d66c09c9c,68,medium,MalwareBazaar,1,7,2026-10-02T14:17:54+00:00,2026-10-03T18:25:47+00:00,,,,2026-10-03 16:58:04 UTC,https://bazaar.abuse.ch/export/txt/sha256/recent/,Zərərli fayl hash-i (SHA256)
sha256,ce9492f711d37febe28a85d48a3f4fd20607c17fc494b54363e6b7b3f51ff297,68,medium,MalwareBazaar,1,7,2026-10-02T14:17:54+00:00,2026-10-03T18:25:47+00:00,,,,2026-10-03 16:58:04 UTC,https://bazaar.abuse.ch/export/txt/sha256/recent/,Zərərli fayl hash-i (SHA256)
sha256,87003dabea40aeb648fb310022d3cf3ad5418870210cf67eb4146d746a14a63a,68,medium,MalwareBazaar,1,7,2026-10-02T14:17:54+00:00,2026-10-03T18:25:47+00:00,,,,2026-10-03 16:58:04 UTC,https://bazaar.abuse.ch/export/txt/sha256/recent/,Zərərli fayl hash-i (SHA256)
sha256,395a80be300c5071cd724635ad13adea2d97d9a02fe48fec294d45ff486bbec1,68,medium,MalwareBazaar,1,7,2026-10-02T14:17:54+00:00,2026-10-03T18:25:47+00:00,,,,2026-10-03 16:58:04 UTC,https://bazaar.abuse.ch/export/txt/sha256/recent/,Zərərli fayl hash-i (SHA256)
sha256,5ba7e46fbb67eebb5ca4c0d7d419dc674ef4ad8b394617640d66763d85a1f1bb,68,medium,MalwareBazaar,1,7,2026-10-02T14:17:54+00:00,2026-10-03T18:25:47+00:00,,,,2026-10-03 16:58:04 UTC,https://bazaar.abuse.ch/export/txt/sha256/recent/,Zərərli fayl hash-i (SHA256)
sha256,c6eb2d108d9696a9b3dd8b218261dd3c9bc0665778666a6b69f62b0a4c4801d4,68,medium,MalwareBazaar,1,7,2026-10-02T14:17:54+00:00,2026-10-03T18:25:47+00:00,,,,2026-10-03 16:58:04 UTC,https://bazaar.abuse.ch/export/txt/sha256/recent/,Zərərli fayl hash-i (SHA256)
sha256,0eb89136a6553f65d2e4fa3a382276ec53d624750143bc9ba27888fe7ef3aba1,68,medium,MalwareBazaar,1,7,2026-10-02T14:17:54+00:00,2026-10-03T18:25:47+00:00,,,,2026-10-03 16:58:04 UTC,https://bazaar.abuse.ch/export/txt/sha256/recent/,Zərərli fayl hash-i (SHA256)
sha256,7ad4ecc045cc3b6a9e32b6e29fc1978fe03dee6b611e6f461fc49191fe7b361b,68,medium,MalwareBazaar,1,7,2026-10-02T14:17:54+00:00,2026-10-03T18:25:47+00:00,,,,2026-10-03 16:58:04 UTC,https://bazaar.abuse.ch/export/txt/sha256/recent/,Zərərli fayl hash-i (SHA256)
sha256,b08c1c00c075cbada18a85e77b2f2796ebc11d480ef4c1faf26f489f787ddec4,68,medium,MalwareBazaar,1,7,2026-10-02T14:17:54+00:00,2026-10-03T18:25:47+00:00,,,,2026-10-03 16:58:04 UTC,https://bazaar.abuse.ch/export/txt/sha256/recent/,Zərərli fayl hash-i (SHA256)
sha256,cedc91f67010cb67ce64cf44f8164d0f7ed3b683fb0b341d3bf3496a464b1263,68,medium,MalwareBazaar,1,7,2026-10-02T14:17:54+00:00,2026-10-03T18:25:47+00:00,,,,2026-10-03 16:58:04 UTC,https://bazaar.abuse.ch/export/txt/sha256/recent/,Zərərli fayl hash-i (SHA256)
sha256,f49e801931d8bece12769f4c585c2cf1c83e116c4cc2d28fdd05c10374699bc4,68,medium,MalwareBazaar,1,7,2026-10-02T14:17:54+00:00,2026-10-03T18:25:47+00:00,,,,2026-10-03 16:58:04 UTC,https://bazaar.abuse.ch/export/txt/sha256/recent/,Zərərli fayl hash-i (SHA256)
sha256,8dd49a4f0e68e9c9373c4ce52656bf302eba28f0f4d2f5e9ce165fb47ffd745d,68,medium,MalwareBazaar,1,7,2026-10-02T14:17:54+00:00,2026-10-03T18:25:47+00:00,,,,2026-10-03 16:58:04 UTC,https://bazaar.abuse.ch/export/txt/sha256/recent/,Zərərli fayl hash-i (SHA256)
sha256,e75d7a3762269e081119195461c2c57b1c7edef405d3ed68d680684211d4c704,68,medium,MalwareBazaar,1,7,2026-10-02T14:17:54+00:00,2026-10-03T18:25:47+00:00,,,,2026-10-03 16:58:04 UTC,https://bazaar.abuse.ch/export/txt/sha256/recent/,Zərərli fayl hash-i (SHA256)
sha256,af28d73c38ea22d1d20a2320d7c3f67fdc85384ade0eb12685d4c5b2981d8b3a,68,medium,MalwareBazaar,1,7,2026-10-02T14:17:54+00:00,2026-10-03T18:25:47+00:00,,,,2026-10-03 16:58:04 UTC,https://bazaar.abuse.ch/export/txt/sha256/recent/,Zərərli fayl hash-i (SHA256)
sha256,bf453389a253bc5251ba82add40f14bd1224136f1b64070bdb69adaeedd90e8c,66,medium,MalwareBazaar,1,12,2026-10-01T02:05:25+00:00,2026-10-02T23:24:55+00:00,,,,2026-10-02 21:49:17 UTC,https://bazaar.abuse.ch/export/txt/sha256/recent/,Zərərli fayl hash-i (SHA256)
sha256,cbfa9138f618ab44ca2f116c1ce9403fd86e48bfc18561b1f26ed6196e88bd3b,66,medium,MalwareBazaar,1,12,2026-10-01T02:05:25+00:00,2026-10-02T23:24:55+00:00,,,,2026-10-02 21:49:17 UTC,https://bazaar.abuse.ch/export/txt/sha256/recent/,Zərərli fayl hash-i (SHA256)
sha256,251a825731a9d86bc11861534ddaedb07c9d86e83bf369318c4ad2ec0ed73275,66,medium,MalwareBazaar,1,12,2026-10-01T02:05:25+00:00,2026-10-02T23:24:55+00:00,,,,2026-10-02 21:49:17 UTC,https://bazaar.abuse.ch/export/txt/sha256/recent/,Zərərli fayl hash-i (SHA256)
sha256,635c00e41cac9f5c9d76e6ca8917ec0b388a58977bc05e82ca0421b99fc9bf87,66,medium,MalwareBazaar,1,12,2026-10-01T02:05:25+00:00,2026-10-02T23:24:55+00:00,,,,2026-10-02 21:49:17 UTC,https://bazaar.abuse.ch/export/txt/sha256/recent/,Zərərli fayl hash-i (SHA256)
sha256,7efba299adeb2b2bd73ce0f2542e30e36b5719d13c54011b4b3959efd5699952,66,medium,MalwareBazaar,1,12,2026-10-01T02:05:25+00:00,2026-10-02T23:24:55+00:00,,,,2026-10-02 21:49:17 UTC,https://bazaar.abuse.ch/export/txt/sha256/recent/,Zərərli fayl hash-i (SHA256)
sha256,196cd3e6bac829249628f02380e480fbde517fd572013d58dfc89b7b526de599,66,medium,MalwareBazaar,1,12,2026-10-01T02:05:25+00:00,2026-10-02T23:24:55+00:00,,,,2026-10-02 21:49:17 UTC,https://bazaar.abuse.ch/export/txt/sha256/recent/,Zərərli fayl hash-i (SHA256)
sha256,8ae3ecc64619fb0ebee9bd539d757cd22b10595a71d5fb24f33688f93ec664da,66,medium,MalwareBazaar,1,12,2026-10-01T02:05:25+00:00,2026-10-02T23:24:55+00:00,,,,2026-10-02 21:49:17 UTC,https://bazaar.abuse.ch/export/txt/sha256/recent/,Zərərli fayl hash-i (SHA256)
sha256,f23991766ddae548a8d22c65c1741b62d349f22506d2293a9e39bc9aa8e188c9,66,medium,MalwareBazaar,1,12,2026-10-01T02:05:25+00:00,2026-10-02T23:24:55+00:00,,,,2026-10-02 21:49:17 UTC,https://bazaar.abuse.ch/export/txt/sha256/recent/,Zərərli fayl hash-i (SHA256)
sha256,6b98f26a10b2c3c75cfdbd66d983a72785b71fd1ad4f16b7d7e660fcf0f99122,66,medium,MalwareBazaar,1,12,2026-10-01T02:05:25+00:00,2026-10-02T23:24:55+00:00,,,,2026-10-02 21:49:17 UTC,https://bazaar.abuse.ch/export/txt/sha256/recent/,Zərərli fayl hash-i (SHA256)
sha256,c3c207857f29cba45d3affdff3078f1a7c546529c55e9bdf18a5277fa0d6495d,66,medium,MalwareBazaar,1,12,2026-10-01T02:05:25+00:00,2026-10-02T23:24:55+00:00,,,,2026-10-02 21:49:17 UTC,https://bazaar.abuse.ch/export/txt/sha256/recent/,Zərərli fayl hash-i (SHA256)
sha256,c2791fd5366675b995d332565998f6fc84bbcca2af6567f8cc21f6aabd8d54b1,66,medium,MalwareBazaar,1,12,2026-10-01T02:05:25+00:00,2026-10-02T23:24:55+00:00,,,,2026-10-02 21:49:17 UTC,https://bazaar.abuse.ch/export/txt/sha256/recent/,Zərərli fayl hash-i (SHA256)
sha256,695d1993072310f65fe068c507235ccd184a4c9a876d6179388778d1490ab39d,66,medium,MalwareBazaar,1,12,2026-10-01T02:05:25+00:00,2026-10-02T23:24:55+00:00,,,,2026-10-02 21:49:17 UTC,https://bazaar.abuse.ch/export/txt/sha256/recent/,Zərərli fayl hash-i (SHA256)
sha256,474348c456e836f0076bd6cbcef672d6c9418ec26276ecb50ee9a877f91447c1,66,medium,MalwareBazaar,1,12,2026-10-01T02:05:25+00:00,2026-10-02T23:24:55+00:00,,,,2026-10-02 21:49:17 UTC,https://bazaar.abuse.ch/export/txt/sha256/recent/,Zərərli fayl hash-i (SHA256)
sha256,3a5e7a1e5d4394d3a4fce80595dfc03301d3d6cce55094bd34a2de7b1c2c814c,66,medium,MalwareBazaar,1,12,2026-10-01T02:05:25+00:00,2026-10-02T23:24:55+00:00,,,,2026-10-02 21:49:17 UTC,https://bazaar.abuse.ch/export/txt/sha256/recent/,Zərərli fayl hash-i (SHA256)
sha256,45db5310a177214d3a38ce54e6a3abd9da05ba456f925886cdab810b396dc528,66,medium,MalwareBazaar,1,12,2026-10-01T02:05:25+00:00,2026-10-02T23:24:55+00:00,,,,2026-10-02 21:49:17 UTC,https://bazaar.abuse.ch/export/txt/sha256/recent/,Zərərli fayl hash-i (SHA256)
sha256,f83a026679ba4125c55774943fc76c1592170999ec6ea80f5c9127d77c3d6e33,66,medium,MalwareBazaar,1,12,2026-10-01T02:05:25+00:00,2026-10-02T23:24:55+00:00,,,,2026-10-02 21:49:17 UTC,https://bazaar.abuse.ch/export/txt/sha256/recent/,Zərərli fayl hash-i (SHA256)
sha256,1c875667079fabc7427cabf90759968aa0567abd7b086e569be94658b5542a3e,66,medium,MalwareBazaar,1,12,2026-10-01T02:05:25+00:00,2026-10-02T23:24:55+00:00,,,,2026-10-02 21:49:17 UTC,https://bazaar.abuse.ch/export/txt/sha256/recent/,Zərərli fayl hash-i (SHA256)
sha256,c8f51f05a57025aeae8514642f4cbb134b3c4ce713488cf87c3a4855820e5694,66,medium,MalwareBazaar,1,12,2026-10-01T02:05:25+00:00,2026-10-02T23:24:55+00:00,,,,2026-10-02 21:49:17 UTC,https://bazaar.abuse.ch/export/txt/sha256/recent/,Zərərli fayl hash-i (SHA256)
sha256,08116fa61c263e41459257c950fdda70113a3c7474060f71db98b10e0c5339a0,66,medium,MalwareBazaar,1,12,2026-10-01T02:05:25+00:00,2026-10-02T23:24:55+00:00,,,,2026-10-02 21:49:17 UTC,https://bazaar.abuse.ch/export/txt/sha256/recent/,Zərərli fayl hash-i (SHA256)
sha256,e8d544cbeeef8a4d687a24cba5e390dc0a3a9027e2e78507f0ee8b4c4a8e9b86,66,medium,MalwareBazaar,1,12,2026-10-01T02:05:25+00:00,2026-10-02T23:24:55+00:00,,,,2026-10-02 21:49:17 UTC,https://bazaar.abuse.ch/export/txt/sha256/recent/,Zərərli fayl hash-i (SHA256)
sha256,0dddc309b0d30ccc26cc52c0dbda60ea3e447c07a9261c561c0cfe40ebc2f928,66,medium,MalwareBazaar,1,12,2026-10-01T02:05:25+00:00,2026-10-02T23:24:55+00:00,,,,2026-10-02 21:49:17 UTC,https://bazaar.abuse.ch/export/txt/sha256/recent/,Zərərli fayl hash-i (SHA256)
sha256,6a3a79fb869e2ea322090841822ceae3725de2441546e45cdabe82ef763d7cd7,66,medium,MalwareBazaar,1,12,2026-10-01T02:05:25+00:00,2026-10-02T23:24:55+00:00,,,,2026-10-02 21:49:17 UTC,https://bazaar.abuse.ch/export/txt/sha256/recent/,Zərərli fayl hash-i (SHA256)
sha256,29fa6a78fe8371844fc5e4492fe9368021e562ba0d413729204c17951491e7a1,66,medium,MalwareBazaar,1,12,2026-10-01T02:05:25+00:00,2026-10-02T23:24:55+00:00,,,,2026-10-02 21:49:17 UTC,https://bazaar.abuse.ch/export/txt/sha256/recent/,Zərərli fayl hash-i (SHA256)
sha256,53a6c8ee1cff71c0178eea23371d14a7ab9aa3244307c24d3e2197ede129e9a4,66,medium,MalwareBazaar,1,12,2026-10-01T02:05:25+00:00,2026-10-02T23:24:55+00:00,,,,2026-10-02 21:49:17 UTC,https://bazaar.abuse.ch/export/txt/sha256/recent/,Zərərli fayl hash-i (SHA256)
sha256,46a085ef0b76c648832a1e3dfe0cf0a06cd1af5d63cc23095e32e9dabf53e635,66,medium,MalwareBazaar,1,12,2026-10-01T02:05:25+00:00,2026-10-02T23:24:55+00:00,,,,2026-10-02 21:49:17 UTC,https://bazaar.abuse.ch/export/txt/sha256/recent/,Zərərli fayl hash-i (SHA256)
sha256,13045b384561af13da3cbea5be0440e1939e3765b66fbd43a4f64990f60f072c,66,medium,MalwareBazaar,1,12,2026-10-01T02:05:25+00:00,2026-10-02T23:24:55+00:00,,,,2026-10-02 21:49:17 UTC,https://bazaar.abuse.ch/export/txt/sha256/recent/,Zərərli fayl hash-i (SHA256)
sha256,1d214f5c9a401e6c1efe00dac4c127d9da8494b1038cd1d0b2a3a82bda01a3b6,66,medium,MalwareBazaar,1,12,2026-10-01T02:05:25+00:00,2026-10-02T23:24:55+00:00,,,,2026-10-02 21:49:17 UTC,https://bazaar.abuse.ch/export/txt/sha256/recent/,Zərərli fayl hash-i (SHA256)
sha256,3465860b2626b93d795d8b0a53af173d260e538ebb345163076e7e79c70b9e89,66,medium,MalwareBazaar,1,12,2026-10-01T02:05:25+00:00,2026-10-02T23:24:55+00:00,,,,2026-10-02 21:49:17 UTC,https://bazaar.abuse.ch/export/txt/sha256/recent/,Zərərli fayl hash-i (SHA256)
sha256,212f8f40b7451d925ef733cdd8d565d0070082b17f08cee182e150ee42d4783c,66,medium,MalwareBazaar,1,12,2026-10-01T02:05:25+00:00,2026-10-02T23:24:55+00:00,,,,2026-10-02 21:49:17 UTC,https://bazaar.abuse.ch/export/txt/sha256/recent/,Zərərli fayl hash-i (SHA256)
sha256,cd1920655fb815cd6fd2ef89229a2624c3ed389da33ed33efcb8da3c654455e6,66,medium,MalwareBazaar,1,12,2026-10-01T02:05:25+00:00,2026-10-02T23:24:55+00:00,,,,2026-10-02 21:49:17 UTC,https://bazaar.abuse.ch/export/txt/sha256/recent/,Zərərli fayl hash-i (SHA256)
sha256,0105b8528e478ccf1bee1d5bcb5c2cd814efa95664b6f4b12dd8a6df37f63475,66,medium,MalwareBazaar,1,12,2026-10-01T02:05:25+00:00,2026-10-02T23:24:55+00:00,,,,2026-10-02 21:49:17 UTC,https://bazaar.abuse.ch/export/txt/sha256/recent/,Zərərli fayl hash-i (SHA256)
sha256,f5d5e0711b83f267212214ae75320021d75e18e7286cda9b91638d945054f1f6,66,medium,MalwareBazaar,1,12,2026-10-01T02:05:25+00:00,2026-10-02T23:24:55+00:00,,,,2026-10-02 21:49:17 UTC,https://bazaar.abuse.ch/export/txt/sha256/recent/,Zərərli fayl hash-i (SHA256)
sha256,0714651541a17ca4cd54ccc018d23b02aaf248d9d7ea5e6dab507ecef3c8e699,66,medium,MalwareBazaar,1,12,2026-10-01T02:05:25+00:00,2026-10-02T23:24:55+00:00,,,,2026-10-02 21:49:17 UTC,https://bazaar.abuse.ch/export/txt/sha256/recent/,Zərərli fayl hash-i (SHA256)
sha256,8b0a4c7fb507616121df4b542e7beed54eb08543316846da88964cecc7ce488c,66,medium,MalwareBazaar,1,11,2026-10-01T02:05:25+00:00,2026-10-02T19:39:32+00:00,,,,2026-10-02 18:48:58 UTC,https://bazaar.abuse.ch/export/txt/sha256/recent/,Zərərli fayl hash-i (SHA256)
sha256,a838545f75f47890c5d1d9afbff8bc3a8e11390520ced61a6c7a6fbbc828b17b,66,medium,MalwareBazaar,1,11,2026-10-01T02:05:25+00:00,2026-10-02T19:39:32+00:00,,,,2026-10-02 18:48:58 UTC,https://bazaar.abuse.ch/export/txt/sha256/recent/,Zərərli fayl hash-i (SHA256)
sha256,0eb78c66f18c4ddb360bda8e17f7d2c286a0ca3a485a1e59ec11197892200825,66,medium,MalwareBazaar,1,11,2026-10-01T02:05:25+00:00,2026-10-02T19:39:32+00:00,,,,2026-10-02 18:48:58 UTC,https://bazaar.abuse.ch/export/txt/sha256/recent/,Zərərli fayl hash-i (SHA256)
sha256,4c9fbc49a110945822d0417d93159ff42700db00783697b500174b7d3fb9a8e3,66,medium,MalwareBazaar,1,11,2026-10-01T02:05:25+00:00,2026-10-02T19:39:32+00:00,,,,2026-10-02 18:48:58 UTC,https://bazaar.abuse.ch/export/txt/sha256/recent/,Zərərli fayl hash-i (SHA256)
sha256,d1a356f4cbefc675f4de6219fe5ae4459936507dfe19539bfc3077d948e04903,66,medium,MalwareBazaar,1,11,2026-10-01T02:05:25+00:00,2026-10-02T19:39:32+00:00,,,,2026-10-02 18:48:58 UTC,https://bazaar.abuse.ch/export/txt/sha256/recent/,Zərərli fayl hash-i (SHA256)
sha256,c3a69915b6d6a1131cf33c62370c2a1ba764ca883c51f779281a3d1e75058506,66,medium,MalwareBazaar,1,11,2026-10-01T02:05:25+00:00,2026-10-02T19:39:32+00:00,,,,2026-10-02 18:48:58 UTC,https://bazaar.abuse.ch/export/txt/sha256/recent/,Zərərli fayl hash-i (SHA256)
sha256,7762315a7daecbb23706a57e81d769acc61cc06999bc8614a5fab52303333a80,66,medium,MalwareBazaar,1,11,2026-10-01T02:05:25+00:00,2026-10-02T19:39:32+00:00,,,,2026-10-02 18:48:58 UTC,https://bazaar.abuse.ch/export/txt/sha256/recent/,Zərərli fayl hash-i (SHA256)
sha256,16a955a77ec68eaf776337042d1c4527c9499b91d1f1be7038d87f30cd4e8590,66,medium,MalwareBazaar,1,11,2026-10-01T02:05:25+00:00,2026-10-02T19:39:32+00:00,,,,2026-10-02 18:48:58 UTC,https://bazaar.abuse.ch/export/txt/sha256/recent/,Zərərli fayl hash-i (SHA256)
sha256,4ec8d28a905d70c8b6cda812f9a627350c851b3e18d1ee0839b8833080fd9dab,66,medium,MalwareBazaar,1,11,2026-10-01T02:05:25+00:00,2026-10-02T19:39:32+00:00,,,,2026-10-02 18:48:58 UTC,https://bazaar.abuse.ch/export/txt/sha256/recent/,Zərərli fayl hash-i (SHA256)
sha256,7c5194d52390d505f86324cacd369873f900e1a9d766921bf650ecb29a4adf1e,66,medium,MalwareBazaar,1,11,2026-10-01T02:05:25+00:00,2026-10-02T19:39:32+00:00,,,,2026-10-02 18:48:58 UTC,https://bazaar.abuse.ch/export/txt/sha256/recent/,Zərərli fayl hash-i (SHA256)
sha256,9cc5a48ac7f622a1910eca3f9dbe07eaa9d4996aa9ed3f01fe0f2fba1fe5ed48,66,medium,MalwareBazaar,1,11,2026-10-01T02:05:25+00:00,2026-10-02T19:39:32+00:00,,,,2026-10-02 18:48:58 UTC,https://bazaar.abuse.ch/export/txt/sha256/recent/,Zərərli fayl hash-i (SHA256)
sha256,3d45f0eb779d08c6764e6beb50c610988f0e701ca5c9477d2e575a5ff1b22970,66,medium,MalwareBazaar,1,11,2026-10-01T02:05:25+00:00,2026-10-02T19:39:32+00:00,,,,2026-10-02 18:48:58 UTC,https://bazaar.abuse.ch/export/txt/sha256/recent/,Zərərli fayl hash-i (SHA256)
sha256,3e7ca2e59c94d3423663ca1d57858a7e3f1fd1ad529840c0c0a583f31cc397e1,66,medium,MalwareBazaar,1,11,2026-10-01T02:05:25+00:00,2026-10-02T19:39:32+00:00,,,,2026-10-02 18:48:58 UTC,https://bazaar.abuse.ch/export/txt/sha256/recent/,Zərərli fayl hash-i (SHA256)
sha256,f7a523cb4af925d39f70483e15164983dab3b51cbcadc7ba4dbc8590c3a171e5,66,medium,MalwareBazaar,1,11,2026-10-01T02:05:25+00:00,2026-10-02T19:39:32+00:00,,,,2026-10-02 18:48:58 UTC,https://bazaar.abuse.ch/export/txt/sha256/recent/,Zərərli fayl hash-i (SHA256)
sha256,c7646353a95329dd58db22ac2ce4681dd8c47615aa364b159f0f4133be616f16,66,medium,MalwareBazaar,1,11,2026-10-01T02:05:25+00:00,2026-10-02T19:39:32+00:00,,,,2026-10-02 18:48:58 UTC,https://bazaar.abuse.ch/export/txt/sha256/recent/,Zərərli fayl hash-i (SHA256)
sha256,0c94af08212c8f30d62a6d1a0a03d872d9bfe07fb80b935ef155063c35cbb003,66,medium,MalwareBazaar,1,11,2026-10-01T02:05:25+00:00,2026-10-02T19:39:32+00:00,,,,2026-10-02 18:48:58 UTC,https://bazaar.abuse.ch/export/txt/sha256/recent/,Zərərli fayl hash-i (SHA256)
sha256,4b7104b731a00ff778acde3ae8119987ff19d4d692a6d1410a9e91338c981bb9,66,medium,MalwareBazaar,1,11,2026-10-01T02:05:25+00:00,2026-10-02T19:39:32+00:00,,,,2026-10-02 18:48:58 UTC,https://bazaar.abuse.ch/export/txt/sha256/recent/,Zərərli fayl hash-i (SHA256)
sha256,11fe55c5995265a5c0402c13a30cc47e778181fc852d649052981e5f9083de5d,66,medium,MalwareBazaar,1,11,2026-10-01T02:05:25+00:00,2026-10-02T19:39:32+00:00,,,,2026-10-02 18:48:58 UTC,https://bazaar.abuse.ch/export/txt/sha256/recent/,Zərərli fayl hash-i (SHA256)
sha256,440d3e590bd3bb782e0f17649eac9e11d3041c90a67faec48ecf6281af272225,66,medium,MalwareBazaar,1,11,2026-10-01T02:05:25+00:00,2026-10-02T19:39:32+00:00,,,,2026-10-02 18:48:58 UTC,https://bazaar.abuse.ch/export/txt/sha256/recent/,Zərərli fayl hash-i (SHA256)
sha256,0e1d84f7df558a05afe6c9484b246f374032f35fdf8de962c4690412eeeaeada,66,medium,MalwareBazaar,1,11,2026-10-01T02:05:25+00:00,2026-10-02T19:39:32+00:00,,,,2026-10-02 18:48:58 UTC,https://bazaar.abuse.ch/export/txt/sha256/recent/,Zərərli fayl hash-i (SHA256)
sha256,4c15b7f94734569b348c760c1214a2f6dce3d9ae4c0b8ac23b0b8b1d31e63785,66,medium,MalwareBazaar,1,11,2026-10-01T02:05:25+00:00,2026-10-02T19:39:32+00:00,,,,2026-10-02 18:48:58 UTC,https://bazaar.abuse.ch/export/txt/sha256/recent/,Zərərli fayl hash-i (SHA256)
sha256,d1bc0ed39b9bd73dfd5e5b22b27887e25575dc1f7b1c03e8872771a982c394ac,66,medium,MalwareBazaar,1,11,2026-10-01T02:05:25+00:00,2026-10-02T19:39:32+00:00,,,,2026-10-02 18:48:58 UTC,https://bazaar.abuse.ch/export/txt/sha256/recent/,Zərərli fayl hash-i (SHA256)
sha256,5d5e1b2d662740e455a5f45c6cd97dba06f6314b6ecb6f24cece7106c07a3f6d,66,medium,MalwareBazaar,1,11,2026-10-01T02:05:25+00:00,2026-10-02T19:39:32+00:00,,,,2026-10-02 18:48:58 UTC,https://bazaar.abuse.ch/export/txt/sha256/recent/,Zərərli fayl hash-i (SHA256)
sha256,54f5463bccb3b5f6fbc76a88ca0a0c64ad8b264f6e98f04d31b2c971424f0452,66,medium,MalwareBazaar,1,11,2026-10-01T02:05:25+00:00,2026-10-02T19:39:32+00:00,,,,2026-10-02 18:48:58 UTC,https://bazaar.abuse.ch/export/txt/sha256/recent/,Zərərli fayl hash-i (SHA256)
sha256,c298a10d5ab5044f4f7da1ca029fdfc6f5e01ea504b893d17f3fe9a0452c38f4,66,medium,MalwareBazaar,1,11,2026-10-01T02:05:25+00:00,2026-10-02T19:39:32+00:00,,,,2026-10-02 18:48:58 UTC,https://bazaar.abuse.ch/export/txt/sha256/recent/,Zərərli fayl hash-i (SHA256)
sha256,a94e7819851437ae1624a4059f90c02eec13be0d6b0d69106d88fb31d7da4e52,66,medium,MalwareBazaar,1,11,2026-10-01T02:05:25+00:00,2026-10-02T19:39:32+00:00,,,,2026-10-02 18:48:58 UTC,https://bazaar.abuse.ch/export/txt/sha256/recent/,Zərərli fayl hash-i (SHA256)
sha256,2da67edd6a37fe0f583c658bcbc40fe55e6802dc1a8d8628207fe52d229822ae,66,medium,MalwareBazaar,1,11,2026-10-01T02:05:25+00:00,2026-10-02T19:39:32+00:00,,,,2026-10-02 18:48:58 UTC,https://bazaar.abuse.ch/export/txt/sha256/recent/,Zərərli fayl hash-i (SHA256)
sha256,ea22d883c27c84510c1208137f66fb0b6b620d686fadb95beab6080f97ab6976,66,medium,MalwareBazaar,1,11,2026-10-01T02:05:25+00:00,2026-10-02T19:39:32+00:00,,,,2026-10-02 18:48:58 UTC,https://bazaar.abuse.ch/export/txt/sha256/recent/,Zərərli fayl hash-i (SHA256)
sha256,106b32119792d252e44c5c0d14871877ed6510b409bad6bc56aad662278eaf50,66,medium,MalwareBazaar,1,11,2026-10-01T02:05:25+00:00,2026-10-02T19:39:32+00:00,,,,2026-10-02 18:48:58 UTC,https://bazaar.abuse.ch/export/txt/sha256/recent/,Zərərli fayl hash-i (SHA256)
sha256,70a656d89b2d5b3ad2a3e5c60e55a5185e26b975b628878f68f7104189bec0df,66,medium,MalwareBazaar,1,11,2026-10-01T02:05:25+00:00,2026-10-02T19:39:32+00:00,,,,2026-10-02 18:48:58 UTC,https://bazaar.abuse.ch/export/txt/sha256/recent/,Zərərli fayl hash-i (SHA256)
sha256,b7a91c8f10e64ce50ed08bacb03930d1e21af876463f005ec4b11f3ed5f59adf,66,medium,MalwareBazaar,1,11,2026-10-01T02:05:25+00:00,2026-10-02T19:39:32+00:00,,,,2026-10-02 18:48:58 UTC,https://bazaar.abuse.ch/export/txt/sha256/recent/,Zərərli fayl hash-i (SHA256)
sha256,6e5bce876258aeb30ed5b3f381ee8f8a6b4ddaceb4f74f3a833e891f32a9b177,66,medium,MalwareBazaar,1,11,2026-10-01T02:05:25+00:00,2026-10-02T19:39:32+00:00,,,,2026-10-02 18:48:58 UTC,https://bazaar.abuse.ch/export/txt/sha256/recent/,Zərərli fayl hash-i (SHA256)
sha256,1946ee7ec655de32199ce87390699db1e18d80438bdf01f3b813a929e5cce4e6,66,medium,MalwareBazaar,1,11,2026-10-01T02:05:25+00:00,2026-10-02T19:39:32+00:00,,,,2026-10-02 18:48:58 UTC,https://bazaar.abuse.ch/export/txt/sha256/recent/,Zərərli fayl hash-i (SHA256)
sha256,4c3c2e01b3418659c8e05b8b93986ecb08c675f610f26bcd3471aaebbdd6849e,66,medium,MalwareBazaar,1,11,2026-10-01T02:05:25+00:00,2026-10-02T19:39:32+00:00,,,,2026-10-02 18:48:58 UTC,https://bazaar.abuse.ch/export/txt/sha256/recent/,Zərərli fayl hash-i (SHA256)
sha256,220bb6d582bde3777ceaafb0f41799ceacb2ed2282004f74931a630a6ca96cdb,66,medium,MalwareBazaar,1,11,2026-10-01T02:05:25+00:00,2026-10-02T19:39:32+00:00,,,,2026-10-02 18:48:58 UTC,https://bazaar.abuse.ch/export/txt/sha256/recent/,Zərərli fayl hash-i (SHA256)
sha256,ece5e684f769eff2eca13663c773af104cbc04394eefe4368a3ebfd927822dfe,66,medium,MalwareBazaar,1,11,2026-10-01T02:05:25+00:00,2026-10-02T19:39:32+00:00,,,,2026-10-02 18:48:58 UTC,https://bazaar.abuse.ch/export/txt/sha256/recent/,Zərərli fayl hash-i (SHA256)
sha256,23dfb2eb90e9eb47b4f48b0ae6cbd6e7b5b838decd550d4a2c4e3c0056050395,66,medium,MalwareBazaar,1,11,2026-10-01T02:05:25+00:00,2026-10-02T19:39:32+00:00,,,,2026-10-02 18:48:58 UTC,https://bazaar.abuse.ch/export/txt/sha256/recent/,Zərərli fayl hash-i (SHA256)
sha256,431bffdebb8cd5dab38154867019746ca82f51a223ed6c9d849490e60acee869,66,medium,MalwareBazaar,1,11,2026-10-01T02:05:25+00:00,2026-10-02T19:39:32+00:00,,,,2026-10-02 18:48:58 UTC,https://bazaar.abuse.ch/export/txt/sha256/recent/,Zərərli fayl hash-i (SHA256)
sha256,fa4bce734c9d206b56e9d851b29133f8df3c9350f85a24d400b833ee3dfdec62,66,medium,MalwareBazaar,1,11,2026-10-01T02:05:25+00:00,2026-10-02T19:39:32+00:00,,,,2026-10-02 18:48:58 UTC,https://bazaar.abuse.ch/export/txt/sha256/recent/,Zərərli fayl hash-i (SHA256)
sha256,46c6c2329020e9d4281af383813b3139efc9d0bc19f5859229cd93f8c277f54c,66,medium,MalwareBazaar,1,11,2026-10-01T02:05:25+00:00,2026-10-02T19:39:32+00:00,,,,2026-10-02 18:48:58 UTC,https://bazaar.abuse.ch/export/txt/sha256/recent/,Zərərli fayl hash-i (SHA256)
sha256,9ee13bb527e6c4057fae2a59df5f128e99d7a58fcd02ce5bdf37940d3e55cd55,66,medium,MalwareBazaar,1,11,2026-10-01T02:05:25+00:00,2026-10-02T19:39:32+00:00,,,,2026-10-02 18:48:58 UTC,https://bazaar.abuse.ch/export/txt/sha256/recent/,Zərərli fayl hash-i (SHA256)
sha256,021fd8eaae8f604c93acf5091583bb3141e2afccf09a4b17d4a4a23bac100081,66,medium,MalwareBazaar,1,11,2026-10-01T02:05:25+00:00,2026-10-02T19:39:32+00:00,,,,2026-10-02 18:48:58 UTC,https://bazaar.abuse.ch/export/txt/sha256/recent/,Zərərli fayl hash-i (SHA256)
sha256,882e93fd3b383afe1c21cf64240d5137a48ddc6ac08f3b1cbd3e7246a559ed48,66,medium,MalwareBazaar,1,11,2026-10-01T02:05:25+00:00,2026-10-02T19:39:32+00:00,,,,2026-10-02 18:48:58 UTC,https://bazaar.abuse.ch/export/txt/sha256/recent/,Zərərli fayl hash-i (SHA256)
sha256,2a3c7c18b53e6ffa5d5787a979fbdf3bfe3149421f3f87ba5a71ccfe7871ac47,66,medium,MalwareBazaar,1,11,2026-10-01T02:05:25+00:00,2026-10-02T19:39:32+00:00,,,,2026-10-02 18:48:58 UTC,https://bazaar.abuse.ch/export/txt/sha256/recent/,Zərərli fayl hash-i (SHA256)
sha256,b3cff9bf1f9e94845188e2d6e8094d02f16686fbd0cf0c1866d9cb1f8cc4cb9c,66,medium,MalwareBazaar,1,11,2026-10-01T02:05:25+00:00,2026-10-02T19:39:32+00:00,,,,2026-10-02 18:48:58 UTC,https://bazaar.abuse.ch/export/txt/sha256/recent/,Zərərli fayl hash-i (SHA256)
sha256,37b4704b486280d41211c87d5eee76fc3d5225de4fce5ec889766c2bfc7deedb,66,medium,MalwareBazaar,1,11,2026-10-01T02:05:25+00:00,2026-10-02T19:39:32+00:00,,,,2026-10-02 18:48:58 UTC,https://bazaar.abuse.ch/export/txt/sha256/recent/,Zərərli fayl hash-i (SHA256)
sha256,ad79724d715fdb9f02458bfddff880378500ceffcd202032666ce8144d6ad4f4,66,medium,MalwareBazaar,1,11,2026-10-01T02:05:25+00:00,2026-10-02T19:39:32+00:00,,,,2026-10-02 18:48:58 UTC,https://bazaar.abuse.ch/export/txt/sha256/recent/,Zərərli fayl hash-i (SHA256)
sha256,bde5c02bb3b72f8a5564a63b56337cffec5f2052d7f78d123269dd55125ba0c9,66,medium,MalwareBazaar,1,9,2026-10-01T09:35:21+00:00,2026-10-02T14:17:54+00:00,,,,2026-10-02 13:54:56 UTC,https://bazaar.abuse.ch/export/txt/sha256/recent/,Zərərli fayl hash-i (SHA256)
sha256,04442b7110236aab6052adc8896b738c38a2ccd75b5c584690fb3775acaea4e0,66,medium,MalwareBazaar,1,9,2026-10-01T09:35:21+00:00,2026-10-02T14:17:54+00:00,,,,2026-10-02 13:54:56 UTC,https://bazaar.abuse.ch/export/txt/sha256/recent/,Zərərli fayl hash-i (SHA256)
sha256,c65094d5e20bc1e298c2394158d857ed35f7d9654147d33430d5d6c4080e1a5c,66,medium,MalwareBazaar,1,9,2026-10-01T09:35:21+00:00,2026-10-02T14:17:54+00:00,,,,2026-10-02 13:54:56 UTC,https://bazaar.abuse.ch/export/txt/sha256/recent/,Zərərli fayl hash-i (SHA256)
sha256,7b0eabe17cb971475d31907966db1ecf335f052f6a27c75f435ad49ab97c6656,66,medium,MalwareBazaar,1,10,2026-10-01T02:05:25+00:00,2026-10-02T14:17:54+00:00,,,,2026-10-02 13:54:56 UTC,https://bazaar.abuse.ch/export/txt/sha256/recent/,Zərərli fayl hash-i (SHA256)
sha256,704566ee51de04c1951aa57e0cb5ea92e243d981c7d68625d2ec84be0b7f13b1,66,medium,MalwareBazaar,1,10,2026-10-01T02:05:25+00:00,2026-10-02T14:17:54+00:00,,,,2026-10-02 13:54:56 UTC,https://bazaar.abuse.ch/export/txt/sha256/recent/,Zərərli fayl hash-i (SHA256)
sha256,50937b694cedf3bb4aab0deecb2e8fa8ba8c16e4150bba099de4b2ea19770acc,66,medium,MalwareBazaar,1,10,2026-10-01T02:05:25+00:00,2026-10-02T14:17:54+00:00,,,,2026-10-02 13:54:56 UTC,https://bazaar.abuse.ch/export/txt/sha256/recent/,Zərərli fayl hash-i (SHA256)
sha256,9e7e967ad0ea65a4bdf96a3f056534d1763f5e23a7448806f9a7c5aec2612a7e,66,medium,MalwareBazaar,1,10,2026-10-01T02:05:25+00:00,2026-10-02T14:17:54+00:00,,,,2026-10-02 13:54:56 UTC,https://bazaar.abuse.ch/export/txt/sha256/recent/,Zərərli fayl hash-i (SHA256)
sha256,34757b0ca985cdc0dc7f4921fa9d79a0465d4182d218c4785560b9b3b78b33a5,66,medium,MalwareBazaar,1,10,2026-10-01T02:05:25+00:00,2026-10-02T14:17:54+00:00,,,,2026-10-02 13:54:56 UTC,https://bazaar.abuse.ch/export/txt/sha256/recent/,Zərərli fayl hash-i (SHA256)
sha256,55827024ff97d70413b6701428b38cfd2b77ff442ec1979c572f133a7d8fcb0e,66,medium,MalwareBazaar,1,10,2026-10-01T02:05:25+00:00,2026-10-02T14:17:54+00:00,,,,2026-10-02 13:54:56 UTC,https://bazaar.abuse.ch/export/txt/sha256/recent/,Zərərli fayl hash-i (SHA256)
sha256,de488697dc33b5245d3e0b02147faf9dc487d36e39a4ff129df3570b62f70c05,66,medium,MalwareBazaar,1,10,2026-10-01T02:05:25+00:00,2026-10-02T14:17:54+00:00,,,,2026-10-02 13:54:56 UTC,https://bazaar.abuse.ch/export/txt/sha256/recent/,Zərərli fayl hash-i (SHA256)
sha256,276d6c6bc5322f0831119fa2ab132fdd5fe52bbdf9c73b2bdd18be18084eb701,66,medium,MalwareBazaar,1,10,2026-10-01T02:05:25+00:00,2026-10-02T14:17:54+00:00,,,,2026-10-02 13:54:56 UTC,https://bazaar.abuse.ch/export/txt/sha256/recent/,Zərərli fayl hash-i (SHA256)
sha256,f500c7b2ba2993f46b3d92cd19c9ed808f25fed371f77eddb6b427aa7a66b6d8,66,medium,MalwareBazaar,1,10,2026-10-01T02:05:25+00:00,2026-10-02T14:17:54+00:00,,,,2026-10-02 13:54:56 UTC,https://bazaar.abuse.ch/export/txt/sha256/recent/,Zərərli fayl hash-i (SHA256)
sha256,33f5a29f55386ab769f5e0bbb7eb36de31f8d1a00a2682b3de2058c857d71a06,66,medium,MalwareBazaar,1,10,2026-10-01T02:05:25+00:00,2026-10-02T14:17:54+00:00,,,,2026-10-02 13:54:56 UTC,https://bazaar.abuse.ch/export/txt/sha256/recent/,Zərərli fayl hash-i (SHA256)
sha256,3e6e19bda95a0fafde62a3d86bba63b475a6ff75ae200c9ae3fa369aa327d899,66,medium,MalwareBazaar,1,10,2026-10-01T02:05:25+00:00,2026-10-02T14:17:54+00:00,,,,2026-10-02 13:54:56 UTC,https://bazaar.abuse.ch/export/txt/sha256/recent/,Zərərli fayl hash-i (SHA256)
sha256,3e17966ceded8ddf805a8e5b99dc0e72cc84efc0bda6f28dd90a1ede8c92698e,66,medium,MalwareBazaar,1,10,2026-10-01T02:05:25+00:00,2026-10-02T14:17:54+00:00,,,,2026-10-02 13:54:56 UTC,https://bazaar.abuse.ch/export/txt/sha256/recent/,Zərərli fayl hash-i (SHA256)
sha256,0a7c9731c7680d5b5748ce10ac7bebfa388aa6ef5c67a065d6f1a5ee42925b33,66,medium,MalwareBazaar,1,10,2026-10-01T02:05:25+00:00,2026-10-02T14:17:54+00:00,,,,2026-10-02 13:54:56 UTC,https://bazaar.abuse.ch/export/txt/sha256/recent/,Zərərli fayl hash-i (SHA256)
sha256,2fc938e20bc9388fa57c3c173915a8f1603488377e0d62f2a2d0e9ad4b17acb7,66,medium,MalwareBazaar,1,10,2026-10-01T02:05:25+00:00,2026-10-02T14:17:54+00:00,,,,2026-10-02 13:54:56 UTC,https://bazaar.abuse.ch/export/txt/sha256/recent/,Zərərli fayl hash-i (SHA256)
sha256,c87ba9453ac885f0c86a25bd51cf6bd147b7980a483568fe78f018af996e2b65,66,medium,MalwareBazaar,1,10,2026-10-01T02:05:25+00:00,2026-10-02T14:17:54+00:00,,,,2026-10-02 13:54:56 UTC,https://bazaar.abuse.ch/export/txt/sha256/recent/,Zərərli fayl hash-i (SHA256)
sha256,b0a095016f829f6268d61c85855334ed1f8037876d1014a50af4bba7e96b4f3b,66,medium,MalwareBazaar,1,10,2026-10-01T02:05:25+00:00,2026-10-02T14:17:54+00:00,,,,2026-10-02 13:54:56 UTC,https://bazaar.abuse.ch/export/txt/sha256/recent/,Zərərli fayl hash-i (SHA256)
sha256,54d6ed312f9fb65fb6fc95d99ac5c65297017356b184a2ed8677c166ec172625,66,medium,MalwareBazaar,1,10,2026-10-01T02:05:25+00:00,2026-10-02T14:17:54+00:00,,,,2026-10-02 13:54:56 UTC,https://bazaar.abuse.ch/export/txt/sha256/recent/,Zərərli fayl hash-i (SHA256)
sha256,0307e6000144077d429f477fbf400e043a64cb0ae9808603074178af39fa1e0f,66,medium,MalwareBazaar,1,10,2026-10-01T02:05:25+00:00,2026-10-02T14:17:54+00:00,,,,2026-10-02 13:54:56 UTC,https://bazaar.abuse.ch/export/txt/sha256/recent/,Zərərli fayl hash-i (SHA256)
sha256,238d40692d9360822588494813887c56c3db25b954224afb428c291f385e2101,66,medium,MalwareBazaar,1,10,2026-10-01T02:05:25+00:00,2026-10-02T14:17:54+00:00,,,,2026-10-02 13:54:56 UTC,https://bazaar.abuse.ch/export/txt/sha256/recent/,Zərərli fayl hash-i (SHA256)
sha256,8919d4baa298e7b1b9b4161c720c75608280497b9a7b51da36fed754964fdcef,66,medium,MalwareBazaar,1,10,2026-10-01T02:05:25+00:00,2026-10-02T14:17:54+00:00,,,,2026-10-02 13:54:56 UTC,https://bazaar.abuse.ch/export/txt/sha256/recent/,Zərərli fayl hash-i (SHA256)
sha256,30f84f378656c7025317fc996e1455d6d083c2364b99f371ae2022c0b115fb50,66,medium,MalwareBazaar,1,10,2026-10-01T02:05:25+00:00,2026-10-02T14:17:54+00:00,,,,2026-10-02 13:54:56 UTC,https://bazaar.abuse.ch/export/txt/sha256/recent/,Zərərli fayl hash-i (SHA256)
sha256,1a808a110a1c5a142074304464b7bcf1afe8f73a5640b60f5ea1ed373daa0557,66,medium,MalwareBazaar,1,10,2026-10-01T02:05:25+00:00,2026-10-02T14:17:54+00:00,,,,2026-10-02 13:54:56 UTC,https://bazaar.abuse.ch/export/txt/sha256/recent/,Zərərli fayl hash-i (SHA256)
sha256,8774fb4798d8469739a0a836ec1d97e0264b7eda68c710a94ed5ec65ed8d0bb6,66,medium,MalwareBazaar,1,10,2026-10-01T02:05:25+00:00,2026-10-02T14:17:54+00:00,,,,2026-10-02 13:54:56 UTC,https://bazaar.abuse.ch/export/txt/sha256/recent/,Zərərli fayl hash-i (SHA256)
sha256,4752f7194ef5c48769886d188177101fa60cee8759d40905cbb7312db71236a6,66,medium,MalwareBazaar,1,10,2026-10-01T02:05:25+00:00,2026-10-02T14:17:54+00:00,,,,2026-10-02 13:54:56 UTC,https://bazaar.abuse.ch/export/txt/sha256/recent/,Zərərli fayl hash-i (SHA256)
sha256,8c9f14dc15baf3201c8db0aa2778576072b7d35124d95ddd6365486332fafdeb,66,medium,MalwareBazaar,1,10,2026-10-01T02:05:25+00:00,2026-10-02T14:17:54+00:00,,,,2026-10-02 13:54:56 UTC,https://bazaar.abuse.ch/export/txt/sha256/recent/,Zərərli fayl hash-i (SHA256)
sha256,e655829f7c6cbff1e30399812843ef996b1f37f25bd3c290ecfe7b1e01d74e21,66,medium,MalwareBazaar,1,10,2026-10-01T02:05:25+00:00,2026-10-02T14:17:54+00:00,,,,2026-10-02 13:54:56 UTC,https://bazaar.abuse.ch/export/txt/sha256/recent/,Zərərli fayl hash-i (SHA256)
sha256,2ffbcaaf3414d18c9762f9a00a2908514a0b24ea8f5bf2b7fb74cf4f3af3ddc7,66,medium,MalwareBazaar,1,10,2026-10-01T02:05:25+00:00,2026-10-02T14:17:54+00:00,,,,2026-10-02 13:54:56 UTC,https://bazaar.abuse.ch/export/txt/sha256/recent/,Zərərli fayl hash-i (SHA256)
sha256,3765c8055288c27d472a90982055683608162a357b56d16728bda6d6e09d856b,66,medium,MalwareBazaar,1,10,2026-10-01T02:05:25+00:00,2026-10-02T14:17:54+00:00,,,,2026-10-02 13:54:56 UTC,https://bazaar.abuse.ch/export/txt/sha256/recent/,Zərərli fayl hash-i (SHA256)
sha256,03ca119f208a901505caf62de0f67a8a67e12f14f155751289cdc116ea0745b6,66,medium,MalwareBazaar,1,10,2026-10-01T02:05:25+00:00,2026-10-02T14:17:54+00:00,,,,2026-10-02 13:54:56 UTC,https://bazaar.abuse.ch/export/txt/sha256/recent/,Zərərli fayl hash-i (SHA256)
sha256,102b255c6c47348d43a5173aac1447975c15b9fafd32e2d07b22b4d5d4fc8e41,66,medium,MalwareBazaar,1,10,2026-10-01T02:05:25+00:00,2026-10-02T14:17:54+00:00,,,,2026-10-02 13:54:56 UTC,https://bazaar.abuse.ch/export/txt/sha256/recent/,Zərərli fayl hash-i (SHA256)
sha256,1098b044e7eed6f5de476964c420a96dcab2dd2b5d1db6ab498c3c92e855d666,66,medium,MalwareBazaar,1,10,2026-10-01T02:05:25+00:00,2026-10-02T14:17:54+00:00,,,,2026-10-02 13:54:56 UTC,https://bazaar.abuse.ch/export/txt/sha256/recent/,Zərərli fayl hash-i (SHA256)
sha256,969fb3a94c1af65a94d808c911499f6c58ba2736c8c9eb71ddcd11a51e0a8d6f,66,medium,MalwareBazaar,1,10,2026-10-01T02:05:25+00:00,2026-10-02T14:17:54+00:00,,,,2026-10-02 13:54:56 UTC,https://bazaar.abuse.ch/export/txt/sha256/recent/,Zərərli fayl hash-i (SHA256)
sha256,85ffaa14f3a0a50f86d775660b4158389504ee3f64e62b13f1f526cc6d3b3e7f,66,medium,MalwareBazaar,1,10,2026-10-01T02:05:25+00:00,2026-10-02T14:17:54+00:00,,,,2026-10-02 13:54:56 UTC,https://bazaar.abuse.ch/export/txt/sha256/recent/,Zərərli fayl hash-i (SHA256)
sha256,59f9450e02f41834a482298f9d1bd40f7b212ac51d35aede1fb128691e1d1f6c,66,medium,MalwareBazaar,1,10,2026-10-01T02:05:25+00:00,2026-10-02T14:17:54+00:00,,,,2026-10-02 13:54:56 UTC,https://bazaar.abuse.ch/export/txt/sha256/recent/,Zərərli fayl hash-i (SHA256)
sha256,b66c2df52700c26cfea28b19b6b6c59b0897917ba21aa842a52e7408ee6eeed7,66,medium,MalwareBazaar,1,10,2026-10-01T02:05:25+00:00,2026-10-02T14:17:54+00:00,,,,2026-10-02 13:54:56 UTC,https://bazaar.abuse.ch/export/txt/sha256/recent/,Zərərli fayl hash-i (SHA256)
sha256,9f0df64cc8a15b2c96e639a975acb9f54ff26721dc60a8035d4bbc65476485e7,66,medium,MalwareBazaar,1,10,2026-10-01T02:05:25+00:00,2026-10-02T14:17:54+00:00,,,,2026-10-02 13:54:56 UTC,https://bazaar.abuse.ch/export/txt/sha256/recent/,Zərərli fayl hash-i (SHA256)
sha256,08347e4debb51bc5933356d8288afed66568c3ccf8303955418e9ebc3011d25b,66,medium,MalwareBazaar,1,10,2026-10-01T02:05:25+00:00,2026-10-02T14:17:54+00:00,,,,2026-10-02 13:54:56 UTC,https://bazaar.abuse.ch/export/txt/sha256/recent/,Zərərli fayl hash-i (SHA256)
sha256,8887c1210e6b94759152da10f16d96bed30579915155d3f9d9fa5fa6f05e90d1,66,medium,MalwareBazaar,1,10,2026-10-01T02:05:25+00:00,2026-10-02T14:17:54+00:00,,,,2026-10-02 13:54:56 UTC,https://bazaar.abuse.ch/export/txt/sha256/recent/,Zərərli fayl hash-i (SHA256)
sha256,72f0da5dd5d02b9c7feb0055edbf242592c0ee8eff2337ab2a7831db880e8c98,66,medium,MalwareBazaar,1,10,2026-10-01T02:05:25+00:00,2026-10-02T14:17:54+00:00,,,,2026-10-02 13:54:56 UTC,https://bazaar.abuse.ch/export/txt/sha256/recent/,Zərərli fayl hash-i (SHA256)
sha256,03a6d4a376ec5d591bfc2b33065604beaa2918d3ed90f5acf0501e842d56784c,66,medium,MalwareBazaar,1,10,2026-10-01T02:05:25+00:00,2026-10-02T14:17:54+00:00,,,,2026-10-02 13:54:56 UTC,https://bazaar.abuse.ch/export/txt/sha256/recent/,Zərərli fayl hash-i (SHA256)
sha256,e63cf3ce1a71ea69d596056cb212337c38ee4740b22f73b5bd64ffd47cbc0d7a,66,medium,MalwareBazaar,1,10,2026-10-01T02:05:25+00:00,2026-10-02T14:17:54+00:00,,,,2026-10-02 13:54:56 UTC,https://bazaar.abuse.ch/export/txt/sha256/recent/,Zərərli fayl hash-i (SHA256)
sha256,96707f44df308cd81ae0af1cf7381e486c24982cc43af32acb3c02c16bcea77a,66,medium,MalwareBazaar,1,10,2026-10-01T02:05:25+00:00,2026-10-02T14:17:54+00:00,,,,2026-10-02 13:54:56 UTC,https://bazaar.abuse.ch/export/txt/sha256/recent/,Zərərli fayl hash-i (SHA256)
sha256,4cbe69952f8dd01ce01fdb9c0675cc352733c41d02d86ef5d43bce4fe26561f3,66,medium,MalwareBazaar,1,10,2026-10-01T02:05:25+00:00,2026-10-02T14:17:54+00:00,,,,2026-10-02 13:54:56 UTC,https://bazaar.abuse.ch/export/txt/sha256/recent/,Zərərli fayl hash-i (SHA256)
sha256,b1ac46bf1cfdbd8ada2cb883b3564900fba7b420db4241d477984fe9470c5d3b,66,medium,MalwareBazaar,1,10,2026-10-01T02:05:25+00:00,2026-10-02T14:17:54+00:00,,,,2026-10-02 13:54:56 UTC,https://bazaar.abuse.ch/export/txt/sha256/recent/,Zərərli fayl hash-i (SHA256)
sha256,bc25fad622b654cbdf2306624ce754873fb12607aca89a08960bb5ebcbaaecb7,66,medium,MalwareBazaar,1,10,2026-10-01T02:05:25+00:00,2026-10-02T14:17:54+00:00,,,,2026-10-02 13:54:56 UTC,https://bazaar.abuse.ch/export/txt/sha256/recent/,Zərərli fayl hash-i (SHA256)
sha256,dbb0dffd00810afd5629a935820a9a2d6f6525f88080bd1e3d45da727177426c,66,medium,MalwareBazaar,1,10,2026-10-01T02:05:25+00:00,2026-10-02T14:17:54+00:00,,,,2026-10-02 13:54:56 UTC,https://bazaar.abuse.ch/export/txt/sha256/recent/,Zərərli fayl hash-i (SHA256)
sha256,c44dffc074ef6e0f7cada728769981cce25a9711cc8c9f185bf4f61c1907d741,66,medium,MalwareBazaar,1,10,2026-10-01T02:05:25+00:00,2026-10-02T14:17:54+00:00,,,,2026-10-02 13:54:56 UTC,https://bazaar.abuse.ch/export/txt/sha256/recent/,Zərərli fayl hash-i (SHA256)
sha256,38545e8c5d9f98af07de3dc037e2a50ada7a57d3ef43281f946e3087ffd357b2,66,medium,MalwareBazaar,1,10,2026-10-01T02:05:25+00:00,2026-10-02T14:17:54+00:00,,,,2026-10-02 13:54:56 UTC,https://bazaar.abuse.ch/export/txt/sha256/recent/,Zərərli fayl hash-i (SHA256)
sha256,236f273850b2659153a3a0ba6cd7bc13df8647e04bca5ef228a5f42d71a963ac,66,medium,MalwareBazaar,1,10,2026-10-01T02:05:25+00:00,2026-10-02T14:17:54+00:00,,,,2026-10-02 13:54:56 UTC,https://bazaar.abuse.ch/export/txt/sha256/recent/,Zərərli fayl hash-i (SHA256)
sha256,ee610b0c78983cf0c67f8fc1bf52185d78af3e201ec06f9d070c81c005fbd1a1,66,medium,MalwareBazaar,1,10,2026-10-01T02:05:25+00:00,2026-10-02T14:17:54+00:00,,,,2026-10-02 13:54:56 UTC,https://bazaar.abuse.ch/export/txt/sha256/recent/,Zərərli fayl hash-i (SHA256)
sha256,2eed7668091e52ef42e4df7e4c4847861426b7896fc36ddda43c20bdea107ede,66,medium,MalwareBazaar,1,10,2026-10-01T02:05:25+00:00,2026-10-02T14:17:54+00:00,,,,2026-10-02 13:54:56 UTC,https://bazaar.abuse.ch/export/txt/sha256/recent/,Zərərli fayl hash-i (SHA256)
sha256,1539a493742b5f0038bb7823805edb64515ce6305197e268fbb75ca0ec340424,66,medium,MalwareBazaar,1,10,2026-10-01T02:05:25+00:00,2026-10-02T14:17:54+00:00,,,,2026-10-02 13:54:56 UTC,https://bazaar.abuse.ch/export/txt/sha256/recent/,Zərərli fayl hash-i (SHA256)
sha256,ef5a032ba5b84575f800c9836e13d3a8f0ed39e3363408709ebb0c5455720d24,66,medium,MalwareBazaar,1,10,2026-10-01T02:05:25+00:00,2026-10-02T14:17:54+00:00,,,,2026-10-02 13:54:56 UTC,https://bazaar.abuse.ch/export/txt/sha256/recent/,Zərərli fayl hash-i (SHA256)
sha256,b96f8cd6149f95feb16c5e62e267405876536ab531ce815879c54f082d8a992b,66,medium,MalwareBazaar,1,10,2026-10-01T02:05:25+00:00,2026-10-02T14:17:54+00:00,,,,2026-10-02 13:54:56 UTC,https://bazaar.abuse.ch/export/txt/sha256/recent/,Zərərli fayl hash-i (SHA256)
sha256,4382e2168c959a8ed82812e84d34cfede3a2b1e30fd870a62eaaa8577ea73884,66,medium,MalwareBazaar,1,10,2026-10-01T02:05:25+00:00,2026-10-02T14:17:54+00:00,,,,2026-10-02 13:54:56 UTC,https://bazaar.abuse.ch/export/txt/sha256/recent/,Zərərli fayl hash-i (SHA256)
sha256,5a9be662613e40e6cae3a6a422ccc3bd9029f027b594fca6e5131317e2456492,66,medium,MalwareBazaar,1,10,2026-10-01T02:05:25+00:00,2026-10-02T14:17:54+00:00,,,,2026-10-02 13:54:56 UTC,https://bazaar.abuse.ch/export/txt/sha256/recent/,Zərərli fayl hash-i (SHA256)
sha256,a3b611ed6cd0b43015d75ad7abaa4f71a5e31d314b06ebf72590bf8a1a2cf83d,66,medium,MalwareBazaar,1,10,2026-10-01T02:05:25+00:00,2026-10-02T14:17:54+00:00,,,,2026-10-02 13:54:56 UTC,https://bazaar.abuse.ch/export/txt/sha256/recent/,Zərərli fayl hash-i (SHA256)
sha256,d22beb1fb48d117d45ccb1d45738f8546f701ff84a09b6111bb0bc7cb475814b,66,medium,MalwareBazaar,1,10,2026-10-01T02:05:25+00:00,2026-10-02T14:17:54+00:00,,,,2026-10-02 13:54:56 UTC,https://bazaar.abuse.ch/export/txt/sha256/recent/,Zərərli fayl hash-i (SHA256)
sha256,660c8f129f967bfc79fed76da4e65e9cf32bec93867f324d7817ede1d5d208b3,66,medium,MalwareBazaar,1,10,2026-10-01T02:05:25+00:00,2026-10-02T14:17:54+00:00,,,,2026-10-02 13:54:56 UTC,https://bazaar.abuse.ch/export/txt/sha256/recent/,Zərərli fayl hash-i (SHA256)
sha256,1c33731b124a6506eb97df3005f8fdc6ed637e5fd6975745d8f2871d1e1e1b9a,66,medium,MalwareBazaar,1,10,2026-10-01T02:05:25+00:00,2026-10-02T14:17:54+00:00,,,,2026-10-02 13:54:56 UTC,https://bazaar.abuse.ch/export/txt/sha256/recent/,Zərərli fayl hash-i (SHA256)
sha256,721e6cc6e842fcb92e93e7a7ab39cf93b939ffab0a61ad7c5869da5c6cfafc90,66,medium,MalwareBazaar,1,10,2026-10-01T02:05:25+00:00,2026-10-02T14:17:54+00:00,,,,2026-10-02 13:54:56 UTC,https://bazaar.abuse.ch/export/txt/sha256/recent/,Zərərli fayl hash-i (SHA256)
sha256,c14bc41d98e048082954b11f3fdfad3f76d51010cb5026fc85a8f8bf0c0f7ad6,66,medium,MalwareBazaar,1,10,2026-10-01T02:05:25+00:00,2026-10-02T14:17:54+00:00,,,,2026-10-02 13:54:56 UTC,https://bazaar.abuse.ch/export/txt/sha256/recent/,Zərərli fayl hash-i (SHA256)
sha256,dee20b174e5f6d11ae4ac78fc7b5939e114464879edbc45a3ae962dc4b72832e,66,medium,MalwareBazaar,1,10,2026-10-01T02:05:25+00:00,2026-10-02T14:17:54+00:00,,,,2026-10-02 13:54:56 UTC,https://bazaar.abuse.ch/export/txt/sha256/recent/,Zərərli fayl hash-i (SHA256)
sha256,80c037e588151489795c5b5f6d17e20a07b9fa49295effc521ec331116854079,66,medium,MalwareBazaar,1,10,2026-10-01T02:05:25+00:00,2026-10-02T14:17:54+00:00,,,,2026-10-02 13:54:56 UTC,https://bazaar.abuse.ch/export/txt/sha256/recent/,Zərərli fayl hash-i (SHA256)
sha256,d138a416cb7844173677eb4ec9e318edf3997c547137cb5d2144364183e18b29,66,medium,MalwareBazaar,1,10,2026-10-01T02:05:25+00:00,2026-10-02T14:17:54+00:00,,,,2026-10-02 13:54:56 UTC,https://bazaar.abuse.ch/export/txt/sha256/recent/,Zərərli fayl hash-i (SHA256)
sha256,d1ae2a2434f2364e5ba1fad42eafb52b2073ede8677c73665c6ec9f83bc7da99,66,medium,MalwareBazaar,1,10,2026-10-01T02:05:25+00:00,2026-10-02T14:17:54+00:00,,,,2026-10-02 13:54:56 UTC,https://bazaar.abuse.ch/export/txt/sha256/recent/,Zərərli fayl hash-i (SHA256)
sha256,292f4b636012c6443345e7746148ac8e4975668685df962f813b077150137628,66,medium,MalwareBazaar,1,10,2026-10-01T02:05:25+00:00,2026-10-02T14:17:54+00:00,,,,2026-10-02 13:54:56 UTC,https://bazaar.abuse.ch/export/txt/sha256/recent/,Zərərli fayl hash-i (SHA256)
sha256,e1bc3d4b49edb3dc3d7d65518647bb56090ec3df4abc02174bca94e7468ba9cc,66,medium,MalwareBazaar,1,10,2026-10-01T02:05:25+00:00,2026-10-02T14:17:54+00:00,,,,2026-10-02 13:54:56 UTC,https://bazaar.abuse.ch/export/txt/sha256/recent/,Zərərli fayl hash-i (SHA256)
sha256,c8b7cc6f04298726e713250a1a30b836778a2990b2b8b4eff0c74f3dd54eeaf7,66,medium,MalwareBazaar,1,10,2026-10-01T02:05:25+00:00,2026-10-02T14:17:54+00:00,,,,2026-10-02 13:54:56 UTC,https://bazaar.abuse.ch/export/txt/sha256/recent/,Zərərli fayl hash-i (SHA256)
sha256,169064926db1db0f0cec2245c9a6ab385c50f48ad6fe6a9202c4e4a554289d30,66,medium,MalwareBazaar,1,10,2026-10-01T02:05:25+00:00,2026-10-02T14:17:54+00:00,,,,2026-10-02 13:54:56 UTC,https://bazaar.abuse.ch/export/txt/sha256/recent/,Zərərli fayl hash-i (SHA256)
sha256,5401b5072072b0d8a3469f3dbc7fc62ad67f22519d029c981ed6230af40fab8a,66,medium,MalwareBazaar,1,10,2026-10-01T02:05:25+00:00,2026-10-02T14:17:54+00:00,,,,2026-10-02 13:54:56 UTC,https://bazaar.abuse.ch/export/txt/sha256/recent/,Zərərli fayl hash-i (SHA256)
sha256,ba23c9b2724c1a176424b21bc71360e601c59e644f865b008a3300e066630c85,66,medium,MalwareBazaar,1,10,2026-10-01T02:05:25+00:00,2026-10-02T14:17:54+00:00,,,,2026-10-02 13:54:56 UTC,https://bazaar.abuse.ch/export/txt/sha256/recent/,Zərərli fayl hash-i (SHA256)
sha256,cc9cc54495ecd04859c14b69dae5cb732782593e0ff34299bd0a9e677939b895,66,medium,MalwareBazaar,1,10,2026-10-01T02:05:25+00:00,2026-10-02T14:17:54+00:00,,,,2026-10-02 13:54:56 UTC,https://bazaar.abuse.ch/export/txt/sha256/recent/,Zərərli fayl hash-i (SHA256)
sha256,6a7b51632fb5ad76ccfaaa3303aaba86be80f905979b0cb2efebfbff8ce74ea7,66,medium,MalwareBazaar,1,10,2026-10-01T02:05:25+00:00,2026-10-02T14:17:54+00:00,,,,2026-10-02 13:54:56 UTC,https://bazaar.abuse.ch/export/txt/sha256/recent/,Zərərli fayl hash-i (SHA256)
sha256,445cec7e299283f94e6ca5ae825ffcd43f4078d08c7bcb9a51e3cbafa2c597c0,66,medium,MalwareBazaar,1,10,2026-10-01T02:05:25+00:00,2026-10-02T14:17:54+00:00,,,,2026-10-02 13:54:56 UTC,https://bazaar.abuse.ch/export/txt/sha256/recent/,Zərərli fayl hash-i (SHA256)
sha256,3cb83781894685092256cdd28b11632a00d4a6db01103f4fa041e2371b193a53,66,medium,MalwareBazaar,1,10,2026-10-01T02:05:25+00:00,2026-10-02T14:17:54+00:00,,,,2026-10-02 13:54:56 UTC,https://bazaar.abuse.ch/export/txt/sha256/recent/,Zərərli fayl hash-i (SHA256)
sha256,470142a3fffd89fbd5bc3ffe5d6a831ddd9c4de0b07483014f500382cd217343,66,medium,MalwareBazaar,1,10,2026-10-01T02:05:25+00:00,2026-10-02T14:17:54+00:00,,,,2026-10-02 13:54:56 UTC,https://bazaar.abuse.ch/export/txt/sha256/recent/,Zərərli fayl hash-i (SHA256)
sha256,3cc0ee50f6a755e9d977dbfad75ff6eea2c77c7ef6102b3601cb330f7bb75328,66,medium,MalwareBazaar,1,10,2026-10-01T02:05:25+00:00,2026-10-02T14:17:54+00:00,,,,2026-10-02 13:54:56 UTC,https://bazaar.abuse.ch/export/txt/sha256/recent/,Zərərli fayl hash-i (SHA256)
sha256,b3dbae44369975b6711b4a73be8b3995c19b4c7d5f228e641c0bac883ab10721,66,medium,MalwareBazaar,1,10,2026-10-01T02:05:25+00:00,2026-10-02T14:17:54+00:00,,,,2026-10-02 13:54:56 UTC,https://bazaar.abuse.ch/export/txt/sha256/recent/,Zərərli fayl hash-i (SHA256)
sha256,8a3f65175fb4317c9d050c07e4b8bb82d8007c9a1e1573647e7925a9e303533f,66,medium,MalwareBazaar,1,10,2026-10-01T02:05:25+00:00,2026-10-02T14:17:54+00:00,,,,2026-10-02 13:54:56 UTC,https://bazaar.abuse.ch/export/txt/sha256/recent/,Zərərli fayl hash-i (SHA256)
sha256,0e167b5df8098eb17ba0f013e195137d588d5195d4d4448c8ad61d7dbafa6102,66,medium,MalwareBazaar,1,10,2026-10-01T02:05:25+00:00,2026-10-02T14:17:54+00:00,,,,2026-10-02 13:54:56 UTC,https://bazaar.abuse.ch/export/txt/sha256/recent/,Zərərli fayl hash-i (SHA256)
sha256,fc66357fbc7ce27d3e8141ee841e84f7cc9f6e5b2b48e9bc98fd041eb93326a0,66,medium,MalwareBazaar,1,10,2026-10-01T02:05:25+00:00,2026-10-02T14:17:54+00:00,,,,2026-10-02 13:54:56 UTC,https://bazaar.abuse.ch/export/txt/sha256/recent/,Zərərli fayl hash-i (SHA256)
sha256,453353554abcf97cd28fceead0361cd5ea265162df4cc22bc6e1744fe8dcb812,66,medium,MalwareBazaar,1,10,2026-10-01T02:05:25+00:00,2026-10-02T14:17:54+00:00,,,,2026-10-02 13:54:56 UTC,https://bazaar.abuse.ch/export/txt/sha256/recent/,Zərərli fayl hash-i (SHA256)
sha256,d9d9edf5f4c2afb61b7d59fb245a8e6bc0e4e0061e7082977159b407f69e65a2,66,medium,MalwareBazaar,1,10,2026-10-01T02:05:25+00:00,2026-10-02T14:17:54+00:00,,,,2026-10-02 13:54:56 UTC,https://bazaar.abuse.ch/export/txt/sha256/recent/,Zərərli fayl hash-i (SHA256)
sha256,24c797521db54d452c62e145af47b40edb6d71badb54df64eb6e291d64ad8a03,66,medium,MalwareBazaar,1,10,2026-10-01T02:05:25+00:00,2026-10-02T14:17:54+00:00,,,,2026-10-02 13:54:56 UTC,https://bazaar.abuse.ch/export/txt/sha256/recent/,Zərərli fayl hash-i (SHA256)
sha256,34f86ec0a8db25c19512624b84257010ba0544eaada6b1b73eab4d742b94003b,66,medium,MalwareBazaar,1,10,2026-10-01T02:05:25+00:00,2026-10-02T14:17:54+00:00,,,,2026-10-02 13:54:56 UTC,https://bazaar.abuse.ch/export/txt/sha256/recent/,Zərərli fayl hash-i (SHA256)
sha256,7249645e4a67c27fdfc0bafc578738317a32f77dde58db036bf74188b51a4623,66,medium,MalwareBazaar,1,10,2026-10-01T02:05:25+00:00,2026-10-02T14:17:54+00:00,,,,2026-10-02 13:54:56 UTC,https://bazaar.abuse.ch/export/txt/sha256/recent/,Zərərli fayl hash-i (SHA256)
sha256,30673ccac6677171a044a102c248a6cb5d78ffb2f5ebbb877ed189f4d06f5466,66,medium,MalwareBazaar,1,10,2026-10-01T02:05:25+00:00,2026-10-02T14:17:54+00:00,,,,2026-10-02 13:54:56 UTC,https://bazaar.abuse.ch/export/txt/sha256/recent/,Zərərli fayl hash-i (SHA256)
sha256,ec542e5844af47c855a13f8a69e8fdb21dfaa187aeba3447246fac967253353c,66,medium,MalwareBazaar,1,10,2026-10-01T02:05:25+00:00,2026-10-02T14:17:54+00:00,,,,2026-10-02 13:54:56 UTC,https://bazaar.abuse.ch/export/txt/sha256/recent/,Zərərli fayl hash-i (SHA256)
sha256,6a2b6d9730b69f82e54ebd964a2be6ebcfafc3954079dcfd5b8a980f44f2cba9,66,medium,MalwareBazaar,1,10,2026-10-01T02:05:25+00:00,2026-10-02T14:17:54+00:00,,,,2026-10-02 13:54:56 UTC,https://bazaar.abuse.ch/export/txt/sha256/recent/,Zərərli fayl hash-i (SHA256)
sha256,b5651950e650267884e0797d2871ff52c44fa5a965ab134f6815cfaeb2981a6d,66,medium,MalwareBazaar,1,10,2026-10-01T02:05:25+00:00,2026-10-02T14:17:54+00:00,,,,2026-10-02 13:54:56 UTC,https://bazaar.abuse.ch/export/txt/sha256/recent/,Zərərli fayl hash-i (SHA256)
sha256,56471299d179bde112926ddc944dea5dcde694e676f204c93405a212dea3200f,66,medium,MalwareBazaar,1,10,2026-10-01T02:05:25+00:00,2026-10-02T14:17:54+00:00,,,,2026-10-02 13:54:56 UTC,https://bazaar.abuse.ch/export/txt/sha256/recent/,Zərərli fayl hash-i (SHA256)
sha256,bb39866f5148a58eb55efc7a54d87a859900f85fb5cc42213fa5a94fd4c76a1e,66,medium,MalwareBazaar,1,10,2026-10-01T02:05:25+00:00,2026-10-02T14:17:54+00:00,,,,2026-10-02 13:54:56 UTC,https://bazaar.abuse.ch/export/txt/sha256/recent/,Zərərli fayl hash-i (SHA256)
sha256,c499f1b8d8331ed263586d4aae5f0b63e9e2de454ceb3ee1b4e5430e4d75450b,66,medium,MalwareBazaar,1,10,2026-10-01T02:05:25+00:00,2026-10-02T14:17:54+00:00,,,,2026-10-02 13:54:56 UTC,https://bazaar.abuse.ch/export/txt/sha256/recent/,Zərərli fayl hash-i (SHA256)
sha256,4329c417bca989233a6dc980de0b217efdbe3e5e97368e0767d94233d817d8ec,66,medium,MalwareBazaar,1,10,2026-10-01T02:05:25+00:00,2026-10-02T14:17:54+00:00,,,,2026-10-02 13:54:56 UTC,https://bazaar.abuse.ch/export/txt/sha256/recent/,Zərərli fayl hash-i (SHA256)
sha256,f9ae6854c7031f82b75ab269d4f8e8304509d245f017cb70ec9b6b31faca3bb2,66,medium,MalwareBazaar,1,10,2026-10-01T02:05:25+00:00,2026-10-02T14:17:54+00:00,,,,2026-10-02 13:54:56 UTC,https://bazaar.abuse.ch/export/txt/sha256/recent/,Zərərli fayl hash-i (SHA256)
sha256,432201b64bbacd813e939e81943e9e4d92a606840c2099a0bdcc50698558ffde,66,medium,MalwareBazaar,1,10,2026-10-01T02:05:25+00:00,2026-10-02T14:17:54+00:00,,,,2026-10-02 13:54:56 UTC,https://bazaar.abuse.ch/export/txt/sha256/recent/,Zərərli fayl hash-i (SHA256)
sha256,55e07dc4271f3ba8faba60e1134c6eae9e70f93bc38498379130169f70228b0c,66,medium,MalwareBazaar,1,10,2026-10-01T02:05:25+00:00,2026-10-02T14:17:54+00:00,,,,2026-10-02 13:54:56 UTC,https://bazaar.abuse.ch/export/txt/sha256/recent/,Zərərli fayl hash-i (SHA256)
sha256,daa46d67bbda3f1bfd17f5237f98f80b79098e622967a2ee2ab7e97f8f10373f,66,medium,MalwareBazaar,1,10,2026-10-01T02:05:25+00:00,2026-10-02T14:17:54+00:00,,,,2026-10-02 13:54:56 UTC,https://bazaar.abuse.ch/export/txt/sha256/recent/,Zərərli fayl hash-i (SHA256)
sha256,551eba74a2873e63c70935655c80695cae03db0c30927f1c238c932a11e742f9,66,medium,MalwareBazaar,1,10,2026-10-01T02:05:25+00:00,2026-10-02T14:17:54+00:00,,,,2026-10-02 13:54:56 UTC,https://bazaar.abuse.ch/export/txt/sha256/recent/,Zərərli fayl hash-i (SHA256)
sha256,e91a4c16a3c1ad5dae5547c2fe266f8f55cd8de87e8fd31082babb8f24d01156,66,medium,MalwareBazaar,1,10,2026-10-01T02:05:25+00:00,2026-10-02T14:17:54+00:00,,,,2026-10-02 13:54:56 UTC,https://bazaar.abuse.ch/export/txt/sha256/recent/,Zərərli fayl hash-i (SHA256)
sha256,b2a4e3f3c4ee656fed9f7a245c7142e851a4a969287582004616c2ed8f5f299d,66,medium,MalwareBazaar,1,10,2026-10-01T02:05:25+00:00,2026-10-02T14:17:54+00:00,,,,2026-10-02 13:54:56 UTC,https://bazaar.abuse.ch/export/txt/sha256/recent/,Zərərli fayl hash-i (SHA256)
sha256,ed47c3d8dd75f8fa84df92ebfe20c0b2a0b90ac9cd6ae2da7c2efc0481804e17,66,medium,MalwareBazaar,1,10,2026-10-01T02:05:25+00:00,2026-10-02T14:17:54+00:00,,,,2026-10-02 13:54:56 UTC,https://bazaar.abuse.ch/export/txt/sha256/recent/,Zərərli fayl hash-i (SHA256)
sha256,34620d0e65f927a821a77c772b7bfeb5baa1edc6b6f20a614d47fe466cb850dd,66,medium,MalwareBazaar,1,10,2026-10-01T02:05:25+00:00,2026-10-02T14:17:54+00:00,,,,2026-10-02 13:54:56 UTC,https://bazaar.abuse.ch/export/txt/sha256/recent/,Zərərli fayl hash-i (SHA256)
sha256,af48c44eb176e9f865a53f11d9c8603182b90603d0e09f6757e838264f1c9fd4,66,medium,MalwareBazaar,1,10,2026-10-01T02:05:25+00:00,2026-10-02T14:17:54+00:00,,,,2026-10-02 13:54:56 UTC,https://bazaar.abuse.ch/export/txt/sha256/recent/,Zərərli fayl hash-i (SHA256)
sha256,f5d754554edc1f6fd6e05df45dba0bff26fb9549ce399da54d5d2fddd8446142,66,medium,MalwareBazaar,1,10,2026-10-01T02:05:25+00:00,2026-10-02T14:17:54+00:00,,,,2026-10-02 13:54:56 UTC,https://bazaar.abuse.ch/export/txt/sha256/recent/,Zərərli fayl hash-i (SHA256)
sha256,16c05d5c513fc88743dd3e28ff0d0a9ca1c8748c5d581adf4bb8e83b85d64c1f,66,medium,MalwareBazaar,1,10,2026-10-01T02:05:25+00:00,2026-10-02T14:17:54+00:00,,,,2026-10-02 13:54:56 UTC,https://bazaar.abuse.ch/export/txt/sha256/recent/,Zərərli fayl hash-i (SHA256)
sha256,3941e3f0037c1c5dffbbc2079456c8aadb10710271a64f7ef0395877c983e3a7,66,medium,MalwareBazaar,1,10,2026-10-01T02:05:25+00:00,2026-10-02T14:17:54+00:00,,,,2026-10-02 13:54:56 UTC,https://bazaar.abuse.ch/export/txt/sha256/recent/,Zərərli fayl hash-i (SHA256)
sha256,2debeb696ed96e13d480eaa7519175d43c9582eef567ad9b61a32d8acf21d560,66,medium,MalwareBazaar,1,10,2026-10-01T02:05:25+00:00,2026-10-02T14:17:54+00:00,,,,2026-10-02 13:54:56 UTC,https://bazaar.abuse.ch/export/txt/sha256/recent/,Zərərli fayl hash-i (SHA256)
sha256,e8685f24993c14ad4b270a4098b2e6c9d7b549a94ef775ee760c65d85c03943f,66,medium,MalwareBazaar,1,10,2026-10-01T02:05:25+00:00,2026-10-02T14:17:54+00:00,,,,2026-10-02 13:54:56 UTC,https://bazaar.abuse.ch/export/txt/sha256/recent/,Zərərli fayl hash-i (SHA256)
sha256,d0a1e3876b2bffd212abcfe60b580ad2521d489def5f7f433c8aac8d9e33c809,66,medium,MalwareBazaar,1,10,2026-10-01T02:05:25+00:00,2026-10-02T14:17:54+00:00,,,,2026-10-02 13:54:56 UTC,https://bazaar.abuse.ch/export/txt/sha256/recent/,Zərərli fayl hash-i (SHA256)
sha256,2ea66bf2303053b22e05be4043f763cee866b8f1fb1a4fa2c8667bf5a5ae3c77,66,medium,MalwareBazaar,1,10,2026-10-01T02:05:25+00:00,2026-10-02T14:17:54+00:00,,,,2026-10-02 13:54:56 UTC,https://bazaar.abuse.ch/export/txt/sha256/recent/,Zərərli fayl hash-i (SHA256)
sha256,0de94215d0099f32d11a710fd47461d76598553d842fb159fdf1fc86aed5a7f7,66,medium,MalwareBazaar,1,10,2026-10-01T02:05:25+00:00,2026-10-02T14:17:54+00:00,,,,2026-10-02 13:54:56 UTC,https://bazaar.abuse.ch/export/txt/sha256/recent/,Zərərli fayl hash-i (SHA256)
sha256,25c6b7cdf25df5f77eed151a2c6083e0a4df157318fccb335e8bb3d2d69b21a5,66,medium,MalwareBazaar,1,10,2026-10-01T02:05:25+00:00,2026-10-02T14:17:54+00:00,,,,2026-10-02 13:54:56 UTC,https://bazaar.abuse.ch/export/txt/sha256/recent/,Zərərli fayl hash-i (SHA256)
sha256,3029e5befffa6b0f6c08b6147205858c7a444ef7eec355e59c540ee07c4d573a,66,medium,MalwareBazaar,1,10,2026-10-01T02:05:25+00:00,2026-10-02T14:17:54+00:00,,,,2026-10-02 13:54:56 UTC,https://bazaar.abuse.ch/export/txt/sha256/recent/,Zərərli fayl hash-i (SHA256)
sha256,4211e3a961604d7a4c2889ece1e634ffa6d877731601ca53f2a57751634633df,66,medium,MalwareBazaar,1,10,2026-10-01T02:05:25+00:00,2026-10-02T14:17:54+00:00,,,,2026-10-02 13:54:56 UTC,https://bazaar.abuse.ch/export/txt/sha256/recent/,Zərərli fayl hash-i (SHA256)
sha256,853281182329f0166d9af3c37103c219087e43a2abc2e177f4892861386c31b2,66,medium,MalwareBazaar,1,10,2026-10-01T02:05:25+00:00,2026-10-02T14:17:54+00:00,,,,2026-10-02 13:54:56 UTC,https://bazaar.abuse.ch/export/txt/sha256/recent/,Zərərli fayl hash-i (SHA256)
sha256,6fc464b5483a0dde4f74ac8092b61acd6d81900a2cbb796f52b9bc5d78cb82fb,66,medium,MalwareBazaar,1,10,2026-10-01T02:05:25+00:00,2026-10-02T14:17:54+00:00,,,,2026-10-02 13:54:56 UTC,https://bazaar.abuse.ch/export/txt/sha256/recent/,Zərərli fayl hash-i (SHA256)
sha256,96bed7f389070781fe420b0367f75f4702a27e8d0b2d705c554c71c85874ccf6,66,medium,MalwareBazaar,1,10,2026-10-01T02:05:25+00:00,2026-10-02T14:17:54+00:00,,,,2026-10-02 13:54:56 UTC,https://bazaar.abuse.ch/export/txt/sha256/recent/,Zərərli fayl hash-i (SHA256)
sha256,8f18903464b4b125d8281cb0ed9c9785155e704c178215ec8e423dd891199fbc,66,medium,MalwareBazaar,1,10,2026-10-01T02:05:25+00:00,2026-10-02T14:17:54+00:00,,,,2026-10-02 13:54:56 UTC,https://bazaar.abuse.ch/export/txt/sha256/recent/,Zərərli fayl hash-i (SHA256)
sha256,a4a24d9f15a9998be9ee3515e800090bef248d830c4bbbd97eb5ecf1cd41629c,66,medium,MalwareBazaar,1,10,2026-10-01T02:05:25+00:00,2026-10-02T14:17:54+00:00,,,,2026-10-02 13:54:56 UTC,https://bazaar.abuse.ch/export/txt/sha256/recent/,Zərərli fayl hash-i (SHA256)
sha256,26fdb0624a5cfd6e4103db61880caacce2b4e4d9459f63f608283d2925688aa8,66,medium,MalwareBazaar,1,10,2026-10-01T02:05:25+00:00,2026-10-02T14:17:54+00:00,,,,2026-10-02 13:54:56 UTC,https://bazaar.abuse.ch/export/txt/sha256/recent/,Zərərli fayl hash-i (SHA256)
sha256,e64175bf7c1db091e667e2a6d336d6a197d7734ff82e419f7d88d6cadd78bcaf,66,medium,MalwareBazaar,1,10,2026-10-01T02:05:25+00:00,2026-10-02T14:17:54+00:00,,,,2026-10-02 13:54:56 UTC,https://bazaar.abuse.ch/export/txt/sha256/recent/,Zərərli fayl hash-i (SHA256)
sha256,0a7df033ae915190d6de0d09e16e4ee16e481b1d686b6b1da3052240a5b20eb6,66,medium,MalwareBazaar,1,10,2026-10-01T02:05:25+00:00,2026-10-02T14:17:54+00:00,,,,2026-10-02 13:54:56 UTC,https://bazaar.abuse.ch/export/txt/sha256/recent/,Zərərli fayl hash-i (SHA256)
sha256,3649c5977d4116a8573220c2f7077abf53b951583d6f66154b48c2ce6f97c8a3,66,medium,MalwareBazaar,1,10,2026-10-01T02:05:25+00:00,2026-10-02T14:17:54+00:00,,,,2026-10-02 13:54:56 UTC,https://bazaar.abuse.ch/export/txt/sha256/recent/,Zərərli fayl hash-i (SHA256)
sha256,9522e6bf4b6291f15acfff7b7340434309e0e4ae3855f717d7a0ffce5a126c24,66,medium,MalwareBazaar,1,10,2026-10-01T02:05:25+00:00,2026-10-02T14:17:54+00:00,,,,2026-10-02 13:54:56 UTC,https://bazaar.abuse.ch/export/txt/sha256/recent/,Zərərli fayl hash-i (SHA256)
sha256,09192b6e580fbad5ddbf4fec15fd90eca678ac060f232bdc1da67c029842c35a,66,medium,MalwareBazaar,1,10,2026-10-01T02:05:25+00:00,2026-10-02T14:17:54+00:00,,,,2026-10-02 13:54:56 UTC,https://bazaar.abuse.ch/export/txt/sha256/recent/,Zərərli fayl hash-i (SHA256)
sha256,6497f4d0c65e56b12ea4dfd170bfac891cf8b4612fa4e8fa4825cb59a8b96ea8,66,medium,MalwareBazaar,1,10,2026-10-01T02:05:25+00:00,2026-10-02T14:17:54+00:00,,,,2026-10-02 13:54:56 UTC,https://bazaar.abuse.ch/export/txt/sha256/recent/,Zərərli fayl hash-i (SHA256)
sha256,47c0d92b76fc8399a217da9e169042ee66639bb84da848e6db259736f30320b0,66,medium,MalwareBazaar,1,10,2026-10-01T02:05:25+00:00,2026-10-02T14:17:54+00:00,,,,2026-10-02 13:54:56 UTC,https://bazaar.abuse.ch/export/txt/sha256/recent/,Zərərli fayl hash-i (SHA256)
sha256,055c299bc45467b10f65131c8f3118e42844565022e4cac3f22f531884c7f9ee,66,medium,MalwareBazaar,1,10,2026-10-01T02:05:25+00:00,2026-10-02T14:17:54+00:00,,,,2026-10-02 13:54:56 UTC,https://bazaar.abuse.ch/export/txt/sha256/recent/,Zərərli fayl hash-i (SHA256)
sha256,3635ee889c55579c417141237e13b5014b7296f2926d310a67c5e4a61046bd81,66,medium,MalwareBazaar,1,10,2026-10-01T02:05:25+00:00,2026-10-02T14:17:54+00:00,,,,2026-10-02 13:54:56 UTC,https://bazaar.abuse.ch/export/txt/sha256/recent/,Zərərli fayl hash-i (SHA256)
sha256,9a7c336c943bc92bf20bc698417653eb12a039f2a5b56bd1a12396ca99209b5b,66,medium,MalwareBazaar,1,10,2026-10-01T02:05:25+00:00,2026-10-02T14:17:54+00:00,,,,2026-10-02 13:54:56 UTC,https://bazaar.abuse.ch/export/txt/sha256/recent/,Zərərli fayl hash-i (SHA256)
sha256,0594a8fa1011b37c72578a572ae982fe26e587e83c31767e9ad24758e0eaaad6,66,medium,MalwareBazaar,1,10,2026-10-01T02:05:25+00:00,2026-10-02T14:17:54+00:00,,,,2026-10-02 13:54:56 UTC,https://bazaar.abuse.ch/export/txt/sha256/recent/,Zərərli fayl hash-i (SHA256)
sha256,734bba95e8a5f940b985a5ac6a571d1ed024b56fda8dd0ec07541c4a3b215dbd,66,medium,MalwareBazaar,1,10,2026-10-01T02:05:25+00:00,2026-10-02T14:17:54+00:00,,,,2026-10-02 13:54:56 UTC,https://bazaar.abuse.ch/export/txt/sha256/recent/,Zərərli fayl hash-i (SHA256)
sha256,22f3e424856911ac7442bffdeef07318d93e08801698382934020c87ccd2147b,66,medium,MalwareBazaar,1,10,2026-10-01T02:05:25+00:00,2026-10-02T14:17:54+00:00,,,,2026-10-02 13:54:56 UTC,https://bazaar.abuse.ch/export/txt/sha256/recent/,Zərərli fayl hash-i (SHA256)
sha256,1eb51e82267b2ea1d3216919dbac9d5297ca8565baf8e39ccfc07323136b1849,66,medium,MalwareBazaar,1,10,2026-10-01T02:05:25+00:00,2026-10-02T14:17:54+00:00,,,,2026-10-02 13:54:56 UTC,https://bazaar.abuse.ch/export/txt/sha256/recent/,Zərərli fayl hash-i (SHA256)
sha256,ec950e86b959036af5146e5d39a83af61ba1e52e1ab3e604b1c3865bc11b6281,66,medium,MalwareBazaar,1,10,2026-10-01T02:05:25+00:00,2026-10-02T14:17:54+00:00,,,,2026-10-02 13:54:56 UTC,https://bazaar.abuse.ch/export/txt/sha256/recent/,Zərərli fayl hash-i (SHA256)
sha256,035bbcffaa29bd733937e735100e915a1640fd259d24387f9a577d6572fb1694,66,medium,MalwareBazaar,1,10,2026-10-01T02:05:25+00:00,2026-10-02T14:17:54+00:00,,,,2026-10-02 13:54:56 UTC,https://bazaar.abuse.ch/export/txt/sha256/recent/,Zərərli fayl hash-i (SHA256)
sha256,a8ed949b21b7319d39204965112d61b9f695d9cf1f9fb17e1394e54a08dfdd16,66,medium,MalwareBazaar,1,10,2026-10-01T02:05:25+00:00,2026-10-02T14:17:54+00:00,,,,2026-10-02 13:54:56 UTC,https://bazaar.abuse.ch/export/txt/sha256/recent/,Zərərli fayl hash-i (SHA256)
sha256,d0d0392e200afc92a617a44dc81c10976aec1a81045225d8186597eb47f5bc07,66,medium,MalwareBazaar,1,10,2026-10-01T02:05:25+00:00,2026-10-02T14:17:54+00:00,,,,2026-10-02 13:54:56 UTC,https://bazaar.abuse.ch/export/txt/sha256/recent/,Zərərli fayl hash-i (SHA256)
sha256,1a28663d0e7b7e29d47fb3a77c100b4225bce827275a8d54458f0e504f678467,66,medium,MalwareBazaar,1,10,2026-10-01T02:05:25+00:00,2026-10-02T14:17:54+00:00,,,,2026-10-02 13:54:56 UTC,https://bazaar.abuse.ch/export/txt/sha256/recent/,Zərərli fayl hash-i (SHA256)
sha256,0bcfe23086c43e9ee6e61942583c9db5fc8a40c64ba39e8199b730e7cfd2b8c6,66,medium,MalwareBazaar,1,10,2026-10-01T02:05:25+00:00,2026-10-02T14:17:54+00:00,,,,2026-10-02 13:54:56 UTC,https://bazaar.abuse.ch/export/txt/sha256/recent/,Zərərli fayl hash-i (SHA256)
sha256,c65081a6f97c0b087a7a2076d222745fd62fdce1eb0bfb0c628f07cb25cfae8a,66,medium,MalwareBazaar,1,10,2026-10-01T02:05:25+00:00,2026-10-02T14:17:54+00:00,,,,2026-10-02 13:54:56 UTC,https://bazaar.abuse.ch/export/txt/sha256/recent/,Zərərli fayl hash-i (SHA256)
sha256,aefee4d54340a1ddbd2ff570b03063c24419b8b9277dcebbe1e6a39a545a66cf,66,medium,MalwareBazaar,1,10,2026-10-01T02:05:25+00:00,2026-10-02T14:17:54+00:00,,,,2026-10-02 13:54:56 UTC,https://bazaar.abuse.ch/export/txt/sha256/recent/,Zərərli fayl hash-i (SHA256)
sha256,f6b2648f4506ddc4ae02ac21cfb8cc3ec2ac0b2ce2a5a6987e5e88b757725b2a,66,medium,MalwareBazaar,1,10,2026-10-01T02:05:25+00:00,2026-10-02T14:17:54+00:00,,,,2026-10-02 13:54:56 UTC,https://bazaar.abuse.ch/export/txt/sha256/recent/,Zərərli fayl hash-i (SHA256)
sha256,808bcc3c992bef1389498f1bd70495d41d6c01a7eec0b4562aa5d4effc367d78,66,medium,MalwareBazaar,1,10,2026-10-01T02:05:25+00:00,2026-10-02T14:17:54+00:00,,,,2026-10-02 13:54:56 UTC,https://bazaar.abuse.ch/export/txt/sha256/recent/,Zərərli fayl hash-i (SHA256)
sha256,c0f77032194525c2c5646064aa58e5147736aab1700326bcf593a87d692ad51a,66,medium,MalwareBazaar,1,10,2026-10-01T02:05:25+00:00,2026-10-02T14:17:54+00:00,,,,2026-10-02 13:54:56 UTC,https://bazaar.abuse.ch/export/txt/sha256/recent/,Zərərli fayl hash-i (SHA256)
sha256,dc7127c57cd21e4b1c73a3378da2c279440c9130b5fe0f3b5ecca1c2dd044f91,66,medium,MalwareBazaar,1,10,2026-10-01T02:05:25+00:00,2026-10-02T14:17:54+00:00,,,,2026-10-02 13:54:56 UTC,https://bazaar.abuse.ch/export/txt/sha256/recent/,Zərərli fayl hash-i (SHA256)
sha256,870d8065347e60122d782496b9ba1880ea7826ad86febcc3b19e056f1da894c3,66,medium,MalwareBazaar,1,10,2026-10-01T02:05:25+00:00,2026-10-02T14:17:54+00:00,,,,2026-10-02 13:54:56 UTC,https://bazaar.abuse.ch/export/txt/sha256/recent/,Zərərli fayl hash-i (SHA256)
sha256,e417ba1cf0820012cb021e0379e03eb86214af14d73da2211028a1a2e946499f,66,medium,MalwareBazaar,1,10,2026-10-01T02:05:25+00:00,2026-10-02T14:17:54+00:00,,,,2026-10-02 13:54:56 UTC,https://bazaar.abuse.ch/export/txt/sha256/recent/,Zərərli fayl hash-i (SHA256)
sha256,a6b34e06883a9062a02792a74ffbdbb45be117c57c31cc01930a17b68c5ce65c,66,medium,MalwareBazaar,1,9,2026-10-01T02:05:25+00:00,2026-10-02T07:43:14+00:00,,,,2026-10-02 06:48:59 UTC,https://bazaar.abuse.ch/export/txt/sha256/recent/,Zərərli fayl hash-i (SHA256)
sha256,6422f5468473875d3b241c0a68090c83f3d6e398fb53b83853bc95ece0c3de31,66,medium,MalwareBazaar,1,9,2026-10-01T02:05:25+00:00,2026-10-02T07:43:14+00:00,,,,2026-10-02 06:48:59 UTC,https://bazaar.abuse.ch/export/txt/sha256/recent/,Zərərli fayl hash-i (SHA256)
sha256,84499bf8af22cde94ee1c254d184df10bfcbf12fdaad7860950e8ba4face0e6b,66,medium,MalwareBazaar,1,9,2026-10-01T02:05:25+00:00,2026-10-02T07:43:14+00:00,,,,2026-10-02 06:48:59 UTC,https://bazaar.abuse.ch/export/txt/sha256/recent/,Zərərli fayl hash-i (SHA256)
sha256,d285e850768951f5837339bbcbba1ed22d41f8e9a42ab9c2ad7cd31c03fcdf5b,66,medium,MalwareBazaar,1,9,2026-10-01T02:05:25+00:00,2026-10-02T07:43:14+00:00,,,,2026-10-02 06:48:59 UTC,https://bazaar.abuse.ch/export/txt/sha256/recent/,Zərərli fayl hash-i (SHA256)
sha256,30cd9a7ab6c64811b2816d89b28627e70348c7eb2cb488571f70c242221cbd25,66,medium,MalwareBazaar,1,9,2026-10-01T02:05:25+00:00,2026-10-02T07:43:14+00:00,,,,2026-10-02 06:48:59 UTC,https://bazaar.abuse.ch/export/txt/sha256/recent/,Zərərli fayl hash-i (SHA256)
sha256,0ed5f89495d323094e05eb354a5822dd0c37a17488fccacff5c0280b3b461c62,66,medium,MalwareBazaar,1,9,2026-10-01T02:05:25+00:00,2026-10-02T07:43:14+00:00,,,,2026-10-02 06:48:59 UTC,https://bazaar.abuse.ch/export/txt/sha256/recent/,Zərərli fayl hash-i (SHA256)
sha256,8b9c7147b7a4e4cfa31028792536bad9ae4df1c216de52d9e366628a92e4895e,66,medium,MalwareBazaar,1,9,2026-10-01T02:05:25+00:00,2026-10-02T07:43:14+00:00,,,,2026-10-02 06:48:59 UTC,https://bazaar.abuse.ch/export/txt/sha256/recent/,Zərərli fayl hash-i (SHA256)
sha256,07c3154b067a7c255e45b7fb50505cd6a02d3a979b7706121e8e654560ab1c11,66,medium,MalwareBazaar,1,9,2026-10-01T02:05:25+00:00,2026-10-02T07:43:14+00:00,,,,2026-10-02 06:48:59 UTC,https://bazaar.abuse.ch/export/txt/sha256/recent/,Zərərli fayl hash-i (SHA256)
sha256,bd254b5c2e1c8bfad3d50eec914fa52839d5faa63232dc3c2af8b87178f3585f,66,medium,MalwareBazaar,1,9,2026-10-01T02:05:25+00:00,2026-10-02T07:43:14+00:00,,,,2026-10-02 06:48:59 UTC,https://bazaar.abuse.ch/export/txt/sha256/recent/,Zərərli fayl hash-i (SHA256)
sha256,b26e2de94d0d0172c26471264a75f93f9bbc6da67085b01fd20c40187eb7c986,66,medium,MalwareBazaar,1,9,2026-10-01T02:05:25+00:00,2026-10-02T07:43:14+00:00,,,,2026-10-02 06:48:59 UTC,https://bazaar.abuse.ch/export/txt/sha256/recent/,Zərərli fayl hash-i (SHA256)
sha256,73e382b8ea71abca8a31754cceab6de733d337b67f12b979db45e566eebc4eca,66,medium,MalwareBazaar,1,9,2026-10-01T02:05:25+00:00,2026-10-02T07:43:14+00:00,,,,2026-10-02 06:48:59 UTC,https://bazaar.abuse.ch/export/txt/sha256/recent/,Zərərli fayl hash-i (SHA256)
sha256,d7eb3126bcd96dba6f4ea3b8c0b2946418eb9b984b88ca9edde0cae983974a76,66,medium,MalwareBazaar,1,9,2026-10-01T02:05:25+00:00,2026-10-02T07:43:14+00:00,,,,2026-10-02 06:48:59 UTC,https://bazaar.abuse.ch/export/txt/sha256/recent/,Zərərli fayl hash-i (SHA256)
sha256,5c0eac330991bc97bded4021d75100846d2003bc9a1e94db4b174eae52dc816b,66,medium,MalwareBazaar,1,9,2026-10-01T02:05:25+00:00,2026-10-02T07:43:14+00:00,,,,2026-10-02 06:48:59 UTC,https://bazaar.abuse.ch/export/txt/sha256/recent/,Zərərli fayl hash-i (SHA256)
sha256,57eed34bd2d5de4d4efedd1bf4487ca21987775130c0aefba1fc9cba04c8f780,66,medium,MalwareBazaar,1,9,2026-10-01T02:05:25+00:00,2026-10-02T07:43:14+00:00,,,,2026-10-02 06:48:59 UTC,https://bazaar.abuse.ch/export/txt/sha256/recent/,Zərərli fayl hash-i (SHA256)
sha256,98e6f3546e0c03f42f915866e87aaa19be11fbb0d43e532284aed8ec1c946649,66,medium,MalwareBazaar,1,9,2026-10-01T02:05:25+00:00,2026-10-02T07:43:14+00:00,,,,2026-10-02 06:48:59 UTC,https://bazaar.abuse.ch/export/txt/sha256/recent/,Zərərli fayl hash-i (SHA256)
sha256,817f3a6a1be406628484ec59f5aa9626cf68081a9bb36528dd1d388d0d9a91ff,66,medium,MalwareBazaar,1,9,2026-10-01T02:05:25+00:00,2026-10-02T07:43:14+00:00,,,,2026-10-02 06:48:59 UTC,https://bazaar.abuse.ch/export/txt/sha256/recent/,Zərərli fayl hash-i (SHA256)
sha256,217e00b0678a790d5cea561e302d14be50dfe2a3ac8b69db6bef2af4236d8afb,66,medium,MalwareBazaar,1,9,2026-10-01T02:05:25+00:00,2026-10-02T07:43:14+00:00,,,,2026-10-02 06:48:59 UTC,https://bazaar.abuse.ch/export/txt/sha256/recent/,Zərərli fayl hash-i (SHA256)
sha256,d643c95fec1c3f0a0ab0b35c578badcb8b6266ff2c578b604fd519b36fcb84c1,66,medium,MalwareBazaar,1,9,2026-10-01T02:05:25+00:00,2026-10-02T07:43:14+00:00,,,,2026-10-02 06:48:59 UTC,https://bazaar.abuse.ch/export/txt/sha256/recent/,Zərərli fayl hash-i (SHA256)
sha256,ba9c9d9d361d7df77a94b04aa66b7ae34c9d92b38e620ceeccc95058ea1c08a9,66,medium,MalwareBazaar,1,9,2026-10-01T02:05:25+00:00,2026-10-02T07:43:14+00:00,,,,2026-10-02 06:48:59 UTC,https://bazaar.abuse.ch/export/txt/sha256/recent/,Zərərli fayl hash-i (SHA256)
sha256,a9bbab8c4da1cd6f267c018bdb739192d1cfc6c1fd0fcae34e9de36367d11b9b,66,medium,MalwareBazaar,1,9,2026-10-01T02:05:25+00:00,2026-10-02T07:43:14+00:00,,,,2026-10-02 06:48:59 UTC,https://bazaar.abuse.ch/export/txt/sha256/recent/,Zərərli fayl hash-i (SHA256)
sha256,1e4485182558a65d80775f716ef9e32e9ce01f8a4d0a45fdb7310dc67b8d644c,66,medium,MalwareBazaar,1,9,2026-10-01T02:05:25+00:00,2026-10-02T07:43:14+00:00,,,,2026-10-02 06:48:59 UTC,https://bazaar.abuse.ch/export/txt/sha256/recent/,Zərərli fayl hash-i (SHA256)
sha256,f82f5687bc4ed17276ac9c173028b96cb13837a339db639ddd1509fc89c86216,66,medium,MalwareBazaar,1,9,2026-10-01T02:05:25+00:00,2026-10-02T07:43:14+00:00,,,,2026-10-02 06:48:59 UTC,https://bazaar.abuse.ch/export/txt/sha256/recent/,Zərərli fayl hash-i (SHA256)
sha256,c39f84f7dd7bb0b0cc066c0892c826ca2aae486306617cf18b9e45feb204d6a8,66,medium,MalwareBazaar,1,9,2026-10-01T02:05:25+00:00,2026-10-02T07:43:14+00:00,,,,2026-10-02 06:48:59 UTC,https://bazaar.abuse.ch/export/txt/sha256/recent/,Zərərli fayl hash-i (SHA256)
sha256,5eebc6bb602b8abc7ed5e54a5025c3f0e2b07f9bb9978aeff4d09a08ad1c0b83,66,medium,MalwareBazaar,1,9,2026-10-01T02:05:25+00:00,2026-10-02T07:43:14+00:00,,,,2026-10-02 06:48:59 UTC,https://bazaar.abuse.ch/export/txt/sha256/recent/,Zərərli fayl hash-i (SHA256)
sha256,7a9e0fd2d007077930083a2baf2473263a1794f9b32f5df89df57128c2f8861c,66,medium,MalwareBazaar,1,9,2026-10-01T02:05:25+00:00,2026-10-02T07:43:14+00:00,,,,2026-10-02 06:48:59 UTC,https://bazaar.abuse.ch/export/txt/sha256/recent/,Zərərli fayl hash-i (SHA256)
sha256,fe73e4e2c93695854d049343e180c9775470c1a77e1006a22f690deaf3eff498,66,medium,MalwareBazaar,1,9,2026-10-01T02:05:25+00:00,2026-10-02T07:43:14+00:00,,,,2026-10-02 06:48:59 UTC,https://bazaar.abuse.ch/export/txt/sha256/recent/,Zərərli fayl hash-i (SHA256)
sha256,9515f94a81f72bd96fe220d2717b0efd0533128e66552aff0f0810cf12f01b6c,66,medium,MalwareBazaar,1,9,2026-10-01T02:05:25+00:00,2026-10-02T07:43:14+00:00,,,,2026-10-02 06:48:59 UTC,https://bazaar.abuse.ch/export/txt/sha256/recent/,Zərərli fayl hash-i (SHA256)
sha256,ec113f00b411c519099338baf554148bb6239f26856885bc8fd1a141554d3d5b,66,medium,MalwareBazaar,1,9,2026-10-01T02:05:25+00:00,2026-10-02T07:43:14+00:00,,,,2026-10-02 06:48:59 UTC,https://bazaar.abuse.ch/export/txt/sha256/recent/,Zərərli fayl hash-i (SHA256)
sha256,2b9434c7259c147977de103258084b375cbd8e13e02d0f25dd5876e1cc840a0a,66,medium,MalwareBazaar,1,9,2026-10-01T02:05:25+00:00,2026-10-02T07:43:14+00:00,,,,2026-10-02 06:48:59 UTC,https://bazaar.abuse.ch/export/txt/sha256/recent/,Zərərli fayl hash-i (SHA256)
sha256,fe0bc62c1859de201d59817578cc79ce2bcb5afdcc25682230e9e5e61c65a5ae,66,medium,MalwareBazaar,1,9,2026-10-01T02:05:25+00:00,2026-10-02T07:43:14+00:00,,,,2026-10-02 06:48:59 UTC,https://bazaar.abuse.ch/export/txt/sha256/recent/,Zərərli fayl hash-i (SHA256)
sha256,2ffc3572a4f5beeb5a2e9f8431db1f335335fab59566cccb3c0dc99991dfa908,66,medium,MalwareBazaar,1,9,2026-10-01T02:05:25+00:00,2026-10-02T07:43:14+00:00,,,,2026-10-02 06:48:59 UTC,https://bazaar.abuse.ch/export/txt/sha256/recent/,Zərərli fayl hash-i (SHA256)
sha256,1aaf44d350c37535c7bc8b3345f1c626c847ebfb50e74ee6781cab848fad70c1,66,medium,MalwareBazaar,1,9,2026-10-01T02:05:25+00:00,2026-10-02T07:43:14+00:00,,,,2026-10-02 06:48:59 UTC,https://bazaar.abuse.ch/export/txt/sha256/recent/,Zərərli fayl hash-i (SHA256)
sha256,cac69561dbd3ef68e15c80be25b754f8a19e3f0849ffaf99af64de4d8118e63c,66,medium,MalwareBazaar,1,9,2026-10-01T02:05:25+00:00,2026-10-02T07:43:14+00:00,,,,2026-10-02 06:48:59 UTC,https://bazaar.abuse.ch/export/txt/sha256/recent/,Zərərli fayl hash-i (SHA256)
sha256,7a8b1398697fccca66cc2f3f25805c5af5d21e846b35a8537cb5c5103f11a366,66,medium,MalwareBazaar,1,9,2026-10-01T02:05:25+00:00,2026-10-02T07:43:14+00:00,,,,2026-10-02 06:48:59 UTC,https://bazaar.abuse.ch/export/txt/sha256/recent/,Zərərli fayl hash-i (SHA256)
sha256,209550933e806972c5ce2bd60233c4ff9b3d893daefaee82a920a8061c09e59f,66,medium,MalwareBazaar,1,9,2026-10-01T02:05:25+00:00,2026-10-02T07:43:14+00:00,,,,2026-10-02 06:48:59 UTC,https://bazaar.abuse.ch/export/txt/sha256/recent/,Zərərli fayl hash-i (SHA256)
sha256,7a44f649a5540fb058a59a70f7d502409239ea42988f80f69ffc38ec1a7357ec,66,medium,MalwareBazaar,1,9,2026-10-01T02:05:25+00:00,2026-10-02T07:43:14+00:00,,,,2026-10-02 06:48:59 UTC,https://bazaar.abuse.ch/export/txt/sha256/recent/,Zərərli fayl hash-i (SHA256)
sha256,c1ac769ec9cf447b6f4b5ab9bfd64fb931a73ab2e9ea6dd5408d22b161ff15bb,66,medium,MalwareBazaar,1,9,2026-10-01T02:05:25+00:00,2026-10-02T07:43:14+00:00,,,,2026-10-02 06:48:59 UTC,https://bazaar.abuse.ch/export/txt/sha256/recent/,Zərərli fayl hash-i (SHA256)
sha256,ace240c21c6b871239bc62b9f9824c49e192d15e2230c589682d93e989edd234,66,medium,MalwareBazaar,1,9,2026-10-01T02:05:25+00:00,2026-10-02T07:43:14+00:00,,,,2026-10-02 06:48:59 UTC,https://bazaar.abuse.ch/export/txt/sha256/recent/,Zərərli fayl hash-i (SHA256)
sha256,de7688117e221d92d7a48fc6c669bc4433dcb0340da9029678abf22e3e37ffc4,66,medium,MalwareBazaar,1,9,2026-10-01T02:05:25+00:00,2026-10-02T07:43:14+00:00,,,,2026-10-02 06:48:59 UTC,https://bazaar.abuse.ch/export/txt/sha256/recent/,Zərərli fayl hash-i (SHA256)
sha256,4e56f25f85c6c72ef03efe82a789895feb19990710ca2f7b39b1afa0f6b7e42f,66,medium,MalwareBazaar,1,9,2026-10-01T02:05:25+00:00,2026-10-02T07:43:14+00:00,,,,2026-10-02 06:48:59 UTC,https://bazaar.abuse.ch/export/txt/sha256/recent/,Zərərli fayl hash-i (SHA256)
sha256,516d6b7a4f5eab1161236eb86edc66b9c676cbf4294fca47545c8480477a8b38,66,medium,MalwareBazaar,1,9,2026-10-01T02:05:25+00:00,2026-10-02T07:43:14+00:00,,,,2026-10-02 06:48:59 UTC,https://bazaar.abuse.ch/export/txt/sha256/recent/,Zərərli fayl hash-i (SHA256)
sha256,b3217ca3543005ea9d318cda4abdc79af8079d9e1cd60c38e9c042bd8c0b6469,66,medium,MalwareBazaar,1,9,2026-10-01T02:05:25+00:00,2026-10-02T07:43:14+00:00,,,,2026-10-02 06:48:59 UTC,https://bazaar.abuse.ch/export/txt/sha256/recent/,Zərərli fayl hash-i (SHA256)
sha256,d645d6c6fc5f7831c71f7e85cea581c5ea7222b4d7a952af29c69f01ebf05ad4,66,medium,MalwareBazaar,1,9,2026-10-01T02:05:25+00:00,2026-10-02T07:43:14+00:00,,,,2026-10-02 06:48:59 UTC,https://bazaar.abuse.ch/export/txt/sha256/recent/,Zərərli fayl hash-i (SHA256)
sha256,6af8b380ede4ff99f4054d4dcbdc720d0b77ea05df78fc99754be19fb96def48,66,medium,MalwareBazaar,1,9,2026-10-01T02:05:25+00:00,2026-10-02T07:43:14+00:00,,,,2026-10-02 06:48:59 UTC,https://bazaar.abuse.ch/export/txt/sha256/recent/,Zərərli fayl hash-i (SHA256)
sha256,4d403644d7520429283d7e1e4477971fe0b5a418d5e1341f9f12f8f1e84480ee,66,medium,MalwareBazaar,1,9,2026-10-01T02:05:25+00:00,2026-10-02T07:43:14+00:00,,,,2026-10-02 06:48:59 UTC,https://bazaar.abuse.ch/export/txt/sha256/recent/,Zərərli fayl hash-i (SHA256)
sha256,6b2a6e800df9303ce53a9480c7eeeeabd17a16bed29e6a45bdb782cb627c0bd6,66,medium,MalwareBazaar,1,9,2026-10-01T02:05:25+00:00,2026-10-02T07:43:14+00:00,,,,2026-10-02 06:48:59 UTC,https://bazaar.abuse.ch/export/txt/sha256/recent/,Zərərli fayl hash-i (SHA256)
sha256,3fe727bd44765a017bc9ed5032d139ea3073d5886ab2e48bf3e8a1b9a3be8753,66,medium,MalwareBazaar,1,9,2026-10-01T02:05:25+00:00,2026-10-02T07:43:14+00:00,,,,2026-10-02 06:48:59 UTC,https://bazaar.abuse.ch/export/txt/sha256/recent/,Zərərli fayl hash-i (SHA256)
sha256,1c8b03161f31aa387853ae0f5c2a74fe68bc8b096a985a927d7acb5c340cff7a,66,medium,MalwareBazaar,1,9,2026-10-01T02:05:25+00:00,2026-10-02T07:43:14+00:00,,,,2026-10-02 06:48:59 UTC,https://bazaar.abuse.ch/export/txt/sha256/recent/,Zərərli fayl hash-i (SHA256)
sha256,6e6d4084c6c2f3035c2fbda4daf4b705a06938d73bf91f402552b6d4ab522d9b,66,medium,MalwareBazaar,1,9,2026-10-01T02:05:25+00:00,2026-10-02T07:43:14+00:00,,,,2026-10-02 06:48:59 UTC,https://bazaar.abuse.ch/export/txt/sha256/recent/,Zərərli fayl hash-i (SHA256)
sha256,be5ba9de52af8ecd2fd7f6a97eeb8f05e8587bdcb01722bf26487dcc87489ac1,66,medium,MalwareBazaar,1,9,2026-10-01T02:05:25+00:00,2026-10-02T07:43:14+00:00,,,,2026-10-02 06:48:59 UTC,https://bazaar.abuse.ch/export/txt/sha256/recent/,Zərərli fayl hash-i (SHA256)
sha256,167557f5a7769c028691cd7bd106a3ef5ae537fe04c4c68201ff39a0ef1f0ec8,66,medium,MalwareBazaar,1,9,2026-10-01T02:05:25+00:00,2026-10-02T07:43:14+00:00,,,,2026-10-02 06:48:59 UTC,https://bazaar.abuse.ch/export/txt/sha256/recent/,Zərərli fayl hash-i (SHA256)
sha256,523d6d2479a05d5a3c854fe6a76af1156afc05c9a46e1e8f74bea5c8b8d87aa0,66,medium,MalwareBazaar,1,9,2026-10-01T02:05:25+00:00,2026-10-02T07:43:14+00:00,,,,2026-10-02 06:48:59 UTC,https://bazaar.abuse.ch/export/txt/sha256/recent/,Zərərli fayl hash-i (SHA256)
sha256,1bc02d93c736945c91c62bcc1b985ca6ea05b290f67677f0a79570aa4b7ce7f4,66,medium,MalwareBazaar,1,9,2026-10-01T02:05:25+00:00,2026-10-02T07:43:14+00:00,,,,2026-10-02 06:48:59 UTC,https://bazaar.abuse.ch/export/txt/sha256/recent/,Zərərli fayl hash-i (SHA256)
sha256,f9b3f6e243495001fbaea282aaae7e9d4e7902530741cc4ca289ccedddb7a29f,66,medium,MalwareBazaar,1,9,2026-10-01T02:05:25+00:00,2026-10-02T07:43:14+00:00,,,,2026-10-02 06:48:59 UTC,https://bazaar.abuse.ch/export/txt/sha256/recent/,Zərərli fayl hash-i (SHA256)
sha256,ac37d77e88ecbbfe22c91395148bb8b3180854b3f5208c2034585c27d11ce149,66,medium,MalwareBazaar,1,9,2026-10-01T02:05:25+00:00,2026-10-02T07:43:14+00:00,,,,2026-10-02 06:48:59 UTC,https://bazaar.abuse.ch/export/txt/sha256/recent/,Zərərli fayl hash-i (SHA256)
sha256,f184151bbaa3e82589b289f789cf843e22b169bc86818fd0666fa21d0f3ea0fa,66,medium,MalwareBazaar,1,9,2026-10-01T02:05:25+00:00,2026-10-02T07:43:14+00:00,,,,2026-10-02 06:48:59 UTC,https://bazaar.abuse.ch/export/txt/sha256/recent/,Zərərli fayl hash-i (SHA256)
sha256,179674548ffb392b2165e1e4cfbd4f288f7a283418ff9a908b73ae63e3c5cacc,66,medium,MalwareBazaar,1,9,2026-10-01T02:05:25+00:00,2026-10-02T07:43:14+00:00,,,,2026-10-02 06:48:59 UTC,https://bazaar.abuse.ch/export/txt/sha256/recent/,Zərərli fayl hash-i (SHA256)
sha256,7012844f5b9fbad847713eef6ed71f4e0dbc599baa007de9b665e6f641212769,66,medium,MalwareBazaar,1,9,2026-10-01T02:05:25+00:00,2026-10-02T07:43:14+00:00,,,,2026-10-02 06:48:59 UTC,https://bazaar.abuse.ch/export/txt/sha256/recent/,Zərərli fayl hash-i (SHA256)
sha256,de363b807eb0e109ebedb7a1fee54020c8c6dd2f6e8febec9726b7505cecd502,66,medium,MalwareBazaar,1,9,2026-10-01T02:05:25+00:00,2026-10-02T07:43:14+00:00,,,,2026-10-02 06:48:59 UTC,https://bazaar.abuse.ch/export/txt/sha256/recent/,Zərərli fayl hash-i (SHA256)
sha256,b751262481492cfa9adf8efe7f7c82c5a4730a63f089b0ac1174470b33589786,66,medium,MalwareBazaar,1,9,2026-10-01T02:05:25+00:00,2026-10-02T07:43:14+00:00,,,,2026-10-02 06:48:59 UTC,https://bazaar.abuse.ch/export/txt/sha256/recent/,Zərərli fayl hash-i (SHA256)
sha256,0095985a94e548460bbce544470c9721c6469db4ba08500296078e7f73c6dce1,66,medium,MalwareBazaar,1,9,2026-10-01T02:05:25+00:00,2026-10-02T07:43:14+00:00,,,,2026-10-02 06:48:59 UTC,https://bazaar.abuse.ch/export/txt/sha256/recent/,Zərərli fayl hash-i (SHA256)
sha256,748dd824e0dc716e94e68434d0fb4b3811208349521513c8ad0c5eb46b369694,66,medium,MalwareBazaar,1,9,2026-10-01T02:05:25+00:00,2026-10-02T07:43:14+00:00,,,,2026-10-02 06:48:59 UTC,https://bazaar.abuse.ch/export/txt/sha256/recent/,Zərərli fayl hash-i (SHA256)
sha256,43c06e6dfa33b3925589f4eae58df7f66a5b4482bbbeb9e7c50618ad8ae32c08,66,medium,MalwareBazaar,1,9,2026-10-01T02:05:25+00:00,2026-10-02T07:43:14+00:00,,,,2026-10-02 06:48:59 UTC,https://bazaar.abuse.ch/export/txt/sha256/recent/,Zərərli fayl hash-i (SHA256)
sha256,391cb28f1589928e06531ec14d00468537c72b8236ea95427009c52519454c13,66,medium,MalwareBazaar,1,9,2026-10-01T02:05:25+00:00,2026-10-02T07:43:14+00:00,,,,2026-10-02 06:48:59 UTC,https://bazaar.abuse.ch/export/txt/sha256/recent/,Zərərli fayl hash-i (SHA256)
sha256,d6c7eeec84407a34b51a019d7ef5f44bb6b8d665d1175534071e50ee40cf2258,66,medium,MalwareBazaar,1,9,2026-10-01T02:05:25+00:00,2026-10-02T07:43:14+00:00,,,,2026-10-02 06:48:59 UTC,https://bazaar.abuse.ch/export/txt/sha256/recent/,Zərərli fayl hash-i (SHA256)
sha256,e9e9361c1902598ef66516012c466c43e610f7c6563e31c87565832106f2dd9e,66,medium,MalwareBazaar,1,9,2026-10-01T02:05:25+00:00,2026-10-02T07:43:14+00:00,,,,2026-10-02 06:48:59 UTC,https://bazaar.abuse.ch/export/txt/sha256/recent/,Zərərli fayl hash-i (SHA256)
sha256,7b2a40d5a916e5c0948bdb02774000ee9fec4e5bf345872ced0ad847de6fca25,66,medium,MalwareBazaar,1,9,2026-10-01T02:05:25+00:00,2026-10-02T07:43:14+00:00,,,,2026-10-02 06:48:59 UTC,https://bazaar.abuse.ch/export/txt/sha256/recent/,Zərərli fayl hash-i (SHA256)
sha256,ca9d3d85b31f567b771cd886ea7f5ff7b67953d1fe3083241a3f3de554f9b5ca,66,medium,MalwareBazaar,1,9,2026-10-01T02:05:25+00:00,2026-10-02T07:43:14+00:00,,,,2026-10-02 06:48:59 UTC,https://bazaar.abuse.ch/export/txt/sha256/recent/,Zərərli fayl hash-i (SHA256)
sha256,b4ae5cc857a8f519208b25ac7b029710a17267db7dfff6309e122ebcb2d5c164,66,medium,MalwareBazaar,1,9,2026-10-01T02:05:25+00:00,2026-10-02T07:43:14+00:00,,,,2026-10-02 06:48:59 UTC,https://bazaar.abuse.ch/export/txt/sha256/recent/,Zərərli fayl hash-i (SHA256)
sha256,49308c3534268b0f2b44bcd7d11938f2df9457f1fab60cab3fe1c7ce826cac47,66,medium,MalwareBazaar,1,9,2026-10-01T02:05:25+00:00,2026-10-02T07:43:14+00:00,,,,2026-10-02 06:48:59 UTC,https://bazaar.abuse.ch/export/txt/sha256/recent/,Zərərli fayl hash-i (SHA256)
sha256,bc7b9389c7485fec0f9e0d33d575522fcab3461e4db0e7a11764e9569ba73077,66,medium,MalwareBazaar,1,9,2026-10-01T02:05:25+00:00,2026-10-02T07:43:14+00:00,,,,2026-10-02 06:48:59 UTC,https://bazaar.abuse.ch/export/txt/sha256/recent/,Zərərli fayl hash-i (SHA256)
sha256,9eee9bc5ec4f3aedafe01e8f80a18908dcdce4216ee06ca6af57d2b7c9e56a6b,66,medium,MalwareBazaar,1,9,2026-10-01T02:05:25+00:00,2026-10-02T07:43:14+00:00,,,,2026-10-02 06:48:59 UTC,https://bazaar.abuse.ch/export/txt/sha256/recent/,Zərərli fayl hash-i (SHA256)
sha256,ab558a52d2936e83d16e36fc27cdb0432626c3a1341feb3eb5f9c04cf553eed2,66,medium,MalwareBazaar,1,9,2026-10-01T02:05:25+00:00,2026-10-02T07:43:14+00:00,,,,2026-10-02 06:48:59 UTC,https://bazaar.abuse.ch/export/txt/sha256/recent/,Zərərli fayl hash-i (SHA256)
sha256,a43fb2264968464f1c8ab4b24be366411e1302718ff79f7545a6909f2571a16c,66,medium,MalwareBazaar,1,9,2026-10-01T02:05:25+00:00,2026-10-02T07:43:14+00:00,,,,2026-10-02 06:48:59 UTC,https://bazaar.abuse.ch/export/txt/sha256/recent/,Zərərli fayl hash-i (SHA256)
sha256,4b32d9290024c86381561bbd9ca44dc0d9f81914bf23d38ef7488e4a666ce175,66,medium,MalwareBazaar,1,9,2026-10-01T02:05:25+00:00,2026-10-02T07:43:14+00:00,,,,2026-10-02 06:48:59 UTC,https://bazaar.abuse.ch/export/txt/sha256/recent/,Zərərli fayl hash-i (SHA256)
sha256,26dcda4f247d0e3a5029afe00c8a6bc6386841d74334567440e33f16c2aab6f5,66,medium,MalwareBazaar,1,9,2026-10-01T02:05:25+00:00,2026-10-02T07:43:14+00:00,,,,2026-10-02 06:48:59 UTC,https://bazaar.abuse.ch/export/txt/sha256/recent/,Zərərli fayl hash-i (SHA256)
sha256,4bcb28009c43cbbbcd17096f8363d7f756e5843bc36cb03f92f540f306a1fcf6,66,medium,MalwareBazaar,1,9,2026-10-01T02:05:25+00:00,2026-10-02T07:43:14+00:00,,,,2026-10-02 06:48:59 UTC,https://bazaar.abuse.ch/export/txt/sha256/recent/,Zərərli fayl hash-i (SHA256)
sha256,81992cf6e81b55492d6b409d98042559484e0d7572e4b73a4565db86a65d4f25,66,medium,MalwareBazaar,1,9,2026-10-01T02:05:25+00:00,2026-10-02T07:43:14+00:00,,,,2026-10-02 06:48:59 UTC,https://bazaar.abuse.ch/export/txt/sha256/recent/,Zərərli fayl hash-i (SHA256)
sha256,42f0e94c6a4e1d4b05ae29ecb3b67ff7ae3cbcc6002e959b7882a96d49cc2913,66,medium,MalwareBazaar,1,9,2026-10-01T02:05:25+00:00,2026-10-02T07:43:14+00:00,,,,2026-10-02 06:48:59 UTC,https://bazaar.abuse.ch/export/txt/sha256/recent/,Zərərli fayl hash-i (SHA256)
sha256,7bdadf37d76e6ef6294c232818216e491790851b98c2e4c0167b50e809d86e41,66,medium,MalwareBazaar,1,9,2026-10-01T02:05:25+00:00,2026-10-02T07:43:14+00:00,,,,2026-10-02 06:48:59 UTC,https://bazaar.abuse.ch/export/txt/sha256/recent/,Zərərli fayl hash-i (SHA256)
sha256,a34cbf303f2b2df21ed42eb7b64d04efd712aef07e3c003d41382d02f4a64202,66,medium,MalwareBazaar,1,9,2026-10-01T02:05:25+00:00,2026-10-02T07:43:14+00:00,,,,2026-10-02 06:48:59 UTC,https://bazaar.abuse.ch/export/txt/sha256/recent/,Zərərli fayl hash-i (SHA256)
sha256,bb2ed89e5a8f794ac6187f791ff6404489de9a652b4a033b6b626843e735be7f,66,medium,MalwareBazaar,1,9,2026-10-01T02:05:25+00:00,2026-10-02T07:43:14+00:00,,,,2026-10-02 06:48:59 UTC,https://bazaar.abuse.ch/export/txt/sha256/recent/,Zərərli fayl hash-i (SHA256)
sha256,a95daf49b0fa4e3437bdecfbc6efad40b0215010e0cf8860f95ac7fdc925ba66,66,medium,MalwareBazaar,1,9,2026-10-01T02:05:25+00:00,2026-10-02T07:43:14+00:00,,,,2026-10-02 06:48:59 UTC,https://bazaar.abuse.ch/export/txt/sha256/recent/,Zərərli fayl hash-i (SHA256)
sha256,c6b16c284eed6dd5793bd15ac1febf86131a8c4e40ecc40077cae7a6d22b8ce1,66,medium,MalwareBazaar,1,9,2026-10-01T02:05:25+00:00,2026-10-02T07:43:14+00:00,,,,2026-10-02 06:48:59 UTC,https://bazaar.abuse.ch/export/txt/sha256/recent/,Zərərli fayl hash-i (SHA256)
sha256,d82a5ada925fd980afb04e7902b9bfb8e23824736eb51256894b3da3a485d942,66,medium,MalwareBazaar,1,9,2026-10-01T02:05:25+00:00,2026-10-02T07:43:14+00:00,,,,2026-10-02 06:48:59 UTC,https://bazaar.abuse.ch/export/txt/sha256/recent/,Zərərli fayl hash-i (SHA256)
sha256,c30320dc2e8dbe9f076ab6542c66d50217beb2c05b29f520e8e2cb91036a3e17,66,medium,MalwareBazaar,1,9,2026-10-01T02:05:25+00:00,2026-10-02T07:43:14+00:00,,,,2026-10-02 06:48:59 UTC,https://bazaar.abuse.ch/export/txt/sha256/recent/,Zərərli fayl hash-i (SHA256)
sha256,36cb0eb0fad4a118cd0b3231622a0d1b8f7a003a546c4270378246454a4f8d5e,66,medium,MalwareBazaar,1,9,2026-10-01T02:05:25+00:00,2026-10-02T07:43:14+00:00,,,,2026-10-02 06:48:59 UTC,https://bazaar.abuse.ch/export/txt/sha256/recent/,Zərərli fayl hash-i (SHA256)
sha256,4d665de1809e75f846d415f10f6ea5dfee9a387d86490b22c91fa8cae3d00b27,66,medium,MalwareBazaar,1,9,2026-10-01T02:05:25+00:00,2026-10-02T07:43:14+00:00,,,,2026-10-02 06:48:59 UTC,https://bazaar.abuse.ch/export/txt/sha256/recent/,Zərərli fayl hash-i (SHA256)
sha256,f1610df683fc2543d951f5f83ffc425963a4cc71562a47637987adbf2788d3d1,66,medium,MalwareBazaar,1,9,2026-10-01T02:05:25+00:00,2026-10-02T07:43:14+00:00,,,,2026-10-02 06:48:59 UTC,https://bazaar.abuse.ch/export/txt/sha256/recent/,Zərərli fayl hash-i (SHA256)
sha256,99d04ede6a3588c26904b0fa4ce3d4a825634f9bbe14a6dd656eaa1534ab29c2,66,medium,MalwareBazaar,1,9,2026-10-01T02:05:25+00:00,2026-10-02T07:43:14+00:00,,,,2026-10-02 06:48:59 UTC,https://bazaar.abuse.ch/export/txt/sha256/recent/,Zərərli fayl hash-i (SHA256)
sha256,7ac3ee7407e452f00b71d19ded814b9c27ec691a02bc1a51923d73d1939d9a73,66,medium,MalwareBazaar,1,9,2026-10-01T02:05:25+00:00,2026-10-02T07:43:14+00:00,,,,2026-10-02 06:48:59 UTC,https://bazaar.abuse.ch/export/txt/sha256/recent/,Zərərli fayl hash-i (SHA256)
sha256,62165ab180dc2a8278bb60785308b08d997328046d6c843d761ec6d9ace3c15e,66,medium,MalwareBazaar,1,9,2026-10-01T02:05:25+00:00,2026-10-02T07:43:14+00:00,,,,2026-10-02 06:48:59 UTC,https://bazaar.abuse.ch/export/txt/sha256/recent/,Zərərli fayl hash-i (SHA256)
sha256,477f0cb821df28828cf96c798b3b7dc713cc5f982ccd085e1c372d4c08e52491,66,medium,MalwareBazaar,1,9,2026-10-01T02:05:25+00:00,2026-10-02T07:43:14+00:00,,,,2026-10-02 06:48:59 UTC,https://bazaar.abuse.ch/export/txt/sha256/recent/,Zərərli fayl hash-i (SHA256)
sha256,935336441e5aa15e107d320faf279be7588a45e35947035a4d647045966c5520,66,medium,MalwareBazaar,1,9,2026-10-01T02:05:25+00:00,2026-10-02T07:43:14+00:00,,,,2026-10-02 06:48:59 UTC,https://bazaar.abuse.ch/export/txt/sha256/recent/,Zərərli fayl hash-i (SHA256)
sha256,6c3c5907e6ba8ab44e70374b9f53357df2e50aef7abae0b84c814285f20d6ea5,66,medium,MalwareBazaar,1,9,2026-10-01T02:05:25+00:00,2026-10-02T07:43:14+00:00,,,,2026-10-02 06:48:59 UTC,https://bazaar.abuse.ch/export/txt/sha256/recent/,Zərərli fayl hash-i (SHA256)
sha256,f06cb320794d6ba8d2501c854c18675903e0f26923d52fe4a7403d887ac3dd88,66,medium,MalwareBazaar,1,9,2026-10-01T02:05:25+00:00,2026-10-02T07:43:14+00:00,,,,2026-10-02 06:48:59 UTC,https://bazaar.abuse.ch/export/txt/sha256/recent/,Zərərli fayl hash-i (SHA256)
sha256,dbaa9ab27c21211a6112a019cddc5dc569cb7e8495ce5f882d165cee83f04033,66,medium,MalwareBazaar,1,9,2026-10-01T02:05:25+00:00,2026-10-02T07:43:14+00:00,,,,2026-10-02 06:48:59 UTC,https://bazaar.abuse.ch/export/txt/sha256/recent/,Zərərli fayl hash-i (SHA256)
sha256,7373f6b7dbe3324f1c03d055630383740fa0eeb303008e3a9b590c73b1c7a90e,66,medium,MalwareBazaar,1,9,2026-10-01T02:05:25+00:00,2026-10-02T07:43:14+00:00,,,,2026-10-02 06:48:59 UTC,https://bazaar.abuse.ch/export/txt/sha256/recent/,Zərərli fayl hash-i (SHA256)
sha256,39b1e49d0e441253c070c8d5777a7221067daca57e94fa0b57a57ba194d3ca5b,66,medium,MalwareBazaar,1,9,2026-10-01T02:05:25+00:00,2026-10-02T07:43:14+00:00,,,,2026-10-02 06:48:59 UTC,https://bazaar.abuse.ch/export/txt/sha256/recent/,Zərərli fayl hash-i (SHA256)
sha256,1b4301527d7483884ff7650990dbfa988a5e1596dc30a84cb6cb90576d0a7344,66,medium,MalwareBazaar,1,9,2026-10-01T02:05:25+00:00,2026-10-02T07:43:14+00:00,,,,2026-10-02 06:48:59 UTC,https://bazaar.abuse.ch/export/txt/sha256/recent/,Zərərli fayl hash-i (SHA256)
sha256,fa35ebddd896a6afa8f39ab44c68abdfb0c9e9f282992cb453cad4d1e47e22da,66,medium,MalwareBazaar,1,9,2026-10-01T02:05:25+00:00,2026-10-02T07:43:14+00:00,,,,2026-10-02 06:48:59 UTC,https://bazaar.abuse.ch/export/txt/sha256/recent/,Zərərli fayl hash-i (SHA256)
sha256,e0b49707dbaee5f28289d879925518d9e721518424960b95f03cea8a9db4cffe,66,medium,MalwareBazaar,1,9,2026-10-01T02:05:25+00:00,2026-10-02T07:43:14+00:00,,,,2026-10-02 06:48:59 UTC,https://bazaar.abuse.ch/export/txt/sha256/recent/,Zərərli fayl hash-i (SHA256)
sha256,d5cb53bcccb914476b5928c57e04a67213876bc00b8332b557d5972dcefaca33,66,medium,MalwareBazaar,1,9,2026-10-01T02:05:25+00:00,2026-10-02T07:43:14+00:00,,,,2026-10-02 06:48:59 UTC,https://bazaar.abuse.ch/export/txt/sha256/recent/,Zərərli fayl hash-i (SHA256)
sha256,884b343d88a044fbcab9a2a7f3f7b627632ebc6b94b21a99d74795a655a9e599,66,medium,MalwareBazaar,1,9,2026-10-01T02:05:25+00:00,2026-10-02T07:43:14+00:00,,,,2026-10-02 06:48:59 UTC,https://bazaar.abuse.ch/export/txt/sha256/recent/,Zərərli fayl hash-i (SHA256)
sha256,42c94c2c132e6b425f5df001f59d7323d8bdb0bd7bafc354ea412f44daf430f6,66,medium,MalwareBazaar,1,9,2026-10-01T02:05:25+00:00,2026-10-02T07:43:14+00:00,,,,2026-10-02 06:48:59 UTC,https://bazaar.abuse.ch/export/txt/sha256/recent/,Zərərli fayl hash-i (SHA256)
sha256,7f3ee0a4f9fbbbf7bf916021e4b189e22e28b7ca66ccfbac8ad297ff3e8e840d,66,medium,MalwareBazaar,1,9,2026-10-01T02:05:25+00:00,2026-10-02T07:43:14+00:00,,,,2026-10-02 06:48:59 UTC,https://bazaar.abuse.ch/export/txt/sha256/recent/,Zərərli fayl hash-i (SHA256)
sha256,5c8f690e459743b93d4e1bf5e983a910987183e249f43953f9c69e68cf395a8b,66,medium,MalwareBazaar,1,9,2026-10-01T02:05:25+00:00,2026-10-02T07:43:14+00:00,,,,2026-10-02 06:48:59 UTC,https://bazaar.abuse.ch/export/txt/sha256/recent/,Zərərli fayl hash-i (SHA256)
sha256,e1724e0fe5ff7272bb6a986236a142488f393ed79cdf157188093c33244fef10,66,medium,MalwareBazaar,1,9,2026-10-01T02:05:25+00:00,2026-10-02T07:43:14+00:00,,,,2026-10-02 06:48:59 UTC,https://bazaar.abuse.ch/export/txt/sha256/recent/,Zərərli fayl hash-i (SHA256)
sha256,6d0dfa5f615eebb72e30c06fce44b0597a212a91fc55a4bed216bfe71bc00b99,66,medium,MalwareBazaar,1,9,2026-10-01T02:05:25+00:00,2026-10-02T07:43:14+00:00,,,,2026-10-02 06:48:59 UTC,https://bazaar.abuse.ch/export/txt/sha256/recent/,Zərərli fayl hash-i (SHA256)
sha256,441a5a269b7efc3440f84a87b25ec1f25285d00a60b8933cca5e64483c381826,66,medium,MalwareBazaar,1,9,2026-10-01T02:05:25+00:00,2026-10-02T07:43:14+00:00,,,,2026-10-02 06:48:59 UTC,https://bazaar.abuse.ch/export/txt/sha256/recent/,Zərərli fayl hash-i (SHA256)
sha256,f250a7d1b3f6b1aef196135b684b7dad1bd4c65ae6cf2b80b98d99addd524a93,66,medium,MalwareBazaar,1,9,2026-10-01T02:05:25+00:00,2026-10-02T07:43:14+00:00,,,,2026-10-02 06:48:59 UTC,https://bazaar.abuse.ch/export/txt/sha256/recent/,Zərərli fayl hash-i (SHA256)
sha256,56947850ed462581d31d7d23c017141834e2939b88983c1d55184efb588cb958,66,medium,MalwareBazaar,1,9,2026-10-01T02:05:25+00:00,2026-10-02T07:43:14+00:00,,,,2026-10-02 06:48:59 UTC,https://bazaar.abuse.ch/export/txt/sha256/recent/,Zərərli fayl hash-i (SHA256)
sha256,95d08288a2c448d82aa1217320bfe79c69a6dfb0e6aed9f64a855c81d85fe139,66,medium,MalwareBazaar,1,9,2026-10-01T02:05:25+00:00,2026-10-02T07:43:14+00:00,,,,2026-10-02 06:48:59 UTC,https://bazaar.abuse.ch/export/txt/sha256/recent/,Zərərli fayl hash-i (SHA256)
sha256,8b1026559e18bb99de8465dec539a19799c19f1897edd5e60a18a574baa43f98,66,medium,MalwareBazaar,1,9,2026-10-01T02:05:25+00:00,2026-10-02T07:43:14+00:00,,,,2026-10-02 06:48:59 UTC,https://bazaar.abuse.ch/export/txt/sha256/recent/,Zərərli fayl hash-i (SHA256)
sha256,004dffe919dd01d7871449f9fbe829b6ae63f4e5d3a9e107766deadec7dcc7f8,66,medium,MalwareBazaar,1,9,2026-10-01T02:05:25+00:00,2026-10-02T07:43:14+00:00,,,,2026-10-02 06:48:59 UTC,https://bazaar.abuse.ch/export/txt/sha256/recent/,Zərərli fayl hash-i (SHA256)
sha256,a9624ad50037e49f5d2e9ba37d079ba4c71341745649e43841ea9612fc21c089,66,medium,MalwareBazaar,1,9,2026-10-01T02:05:25+00:00,2026-10-02T07:43:14+00:00,,,,2026-10-02 06:48:59 UTC,https://bazaar.abuse.ch/export/txt/sha256/recent/,Zərərli fayl hash-i (SHA256)
sha256,a822227f2722e9fedd3ef522e13a328cde19b4dca39c1f4c3963f1ed2aa430bf,66,medium,MalwareBazaar,1,9,2026-10-01T02:05:25+00:00,2026-10-02T07:43:14+00:00,,,,2026-10-02 06:48:59 UTC,https://bazaar.abuse.ch/export/txt/sha256/recent/,Zərərli fayl hash-i (SHA256)
sha256,df0a308fe08e7c9d461f0983c8ab022a68105e1f40a12eb8fc0f40f747d63591,66,medium,MalwareBazaar,1,9,2026-10-01T02:05:25+00:00,2026-10-02T07:43:14+00:00,,,,2026-10-02 06:48:59 UTC,https://bazaar.abuse.ch/export/txt/sha256/recent/,Zərərli fayl hash-i (SHA256)
sha256,bb683292dc1d404c7fdcbd7b4d1dafd9e7981280580f0ae374f7620114452db5,66,medium,MalwareBazaar,1,9,2026-10-01T02:05:25+00:00,2026-10-02T07:43:14+00:00,,,,2026-10-02 06:48:59 UTC,https://bazaar.abuse.ch/export/txt/sha256/recent/,Zərərli fayl hash-i (SHA256)
sha256,ed7c64b489f4a79c7be217ae6bed6f2f4aa5f03dc74e20c546f5caa9c680bfdf,66,medium,MalwareBazaar,1,9,2026-10-01T02:05:25+00:00,2026-10-02T07:43:14+00:00,,,,2026-10-02 06:48:59 UTC,https://bazaar.abuse.ch/export/txt/sha256/recent/,Zərərli fayl hash-i (SHA256)
sha256,82de6fd1c04c38120096829a23bfe9ed67089b60f46bfa73c88464b5e32210c8,66,medium,MalwareBazaar,1,9,2026-10-01T02:05:25+00:00,2026-10-02T07:43:14+00:00,,,,2026-10-02 06:48:59 UTC,https://bazaar.abuse.ch/export/txt/sha256/recent/,Zərərli fayl hash-i (SHA256)
sha256,48a7637f5cbd82ba0b7334abe034609de5186d62cd5a8fd486cc565c3dde68ab,66,medium,MalwareBazaar,1,9,2026-10-01T02:05:25+00:00,2026-10-02T07:43:14+00:00,,,,2026-10-02 06:48:59 UTC,https://bazaar.abuse.ch/export/txt/sha256/recent/,Zərərli fayl hash-i (SHA256)
sha256,a9fcf450d7a2549a1f7311385824cc17a639bf6a4c107789900e4cc51d1eac4c,66,medium,MalwareBazaar,1,9,2026-10-01T02:05:25+00:00,2026-10-02T07:43:14+00:00,,,,2026-10-02 06:48:59 UTC,https://bazaar.abuse.ch/export/txt/sha256/recent/,Zərərli fayl hash-i (SHA256)
sha256,5cbf61da4919171ab33141d6faa0903f7a1b93cf99425c8fc8cf75333f86d5cb,66,medium,MalwareBazaar,1,9,2026-10-01T02:05:25+00:00,2026-10-02T07:43:14+00:00,,,,2026-10-02 06:48:59 UTC,https://bazaar.abuse.ch/export/txt/sha256/recent/,Zərərli fayl hash-i (SHA256)
sha256,864f4303aaa1c6f53880eadd3a6de114656f3bde631a55602516344beb58c1bb,66,medium,MalwareBazaar,1,9,2026-10-01T02:05:25+00:00,2026-10-02T07:43:14+00:00,,,,2026-10-02 06:48:59 UTC,https://bazaar.abuse.ch/export/txt/sha256/recent/,Zərərli fayl hash-i (SHA256)
sha256,886000c5445ebeae6860cd90cc01483466afa1d56ffa009aeafe1d0d06ce37f5,66,medium,MalwareBazaar,1,9,2026-10-01T02:05:25+00:00,2026-10-02T07:43:14+00:00,,,,2026-10-02 06:48:59 UTC,https://bazaar.abuse.ch/export/txt/sha256/recent/,Zərərli fayl hash-i (SHA256)
sha256,ef357400d4de806ae0846af0f31472693e5cfe3424fce8c6619460ad0260c629,66,medium,MalwareBazaar,1,9,2026-10-01T02:05:25+00:00,2026-10-02T07:43:14+00:00,,,,2026-10-02 06:48:59 UTC,https://bazaar.abuse.ch/export/txt/sha256/recent/,Zərərli fayl hash-i (SHA256)
sha256,6ebea0c9f84366804b12aac357cb7639d7ac2e90dba28de2861ac9d0b8aea59e,66,medium,MalwareBazaar,1,9,2026-10-01T02:05:25+00:00,2026-10-02T07:43:14+00:00,,,,2026-10-02 06:48:59 UTC,https://bazaar.abuse.ch/export/txt/sha256/recent/,Zərərli fayl hash-i (SHA256)
sha256,b620dd86f5854c7f4f9d6a220f186db44d536380322241f0933717090c3f1fe2,66,medium,MalwareBazaar,1,9,2026-10-01T02:05:25+00:00,2026-10-02T07:43:14+00:00,,,,2026-10-02 06:48:59 UTC,https://bazaar.abuse.ch/export/txt/sha256/recent/,Zərərli fayl hash-i (SHA256)
sha256,de5f289075662bcb56de3edd448fd99af8c78716acdeb7053340987e14e2422b,66,medium,MalwareBazaar,1,9,2026-10-01T02:05:25+00:00,2026-10-02T07:43:14+00:00,,,,2026-10-02 06:48:59 UTC,https://bazaar.abuse.ch/export/txt/sha256/recent/,Zərərli fayl hash-i (SHA256)
sha256,8a2cdca7583b8f607aaa943339eb7d49cced7583f8d52b02c3694d4392b7c5b0,66,medium,MalwareBazaar,1,9,2026-10-01T02:05:25+00:00,2026-10-02T07:43:14+00:00,,,,2026-10-02 06:48:59 UTC,https://bazaar.abuse.ch/export/txt/sha256/recent/,Zərərli fayl hash-i (SHA256)
sha256,e48501205a47d1699c8199bbdb531eb48519cc111859ba0294fe07c912651bb3,66,medium,MalwareBazaar,1,9,2026-10-01T02:05:25+00:00,2026-10-02T07:43:14+00:00,,,,2026-10-02 06:48:59 UTC,https://bazaar.abuse.ch/export/txt/sha256/recent/,Zərərli fayl hash-i (SHA256)
sha256,04199ba182873c62ab2f01e5dd0c5c48f3f69776732123763bc0a5f846d548d1,66,medium,MalwareBazaar,1,9,2026-10-01T02:05:25+00:00,2026-10-02T07:43:14+00:00,,,,2026-10-02 06:48:59 UTC,https://bazaar.abuse.ch/export/txt/sha256/recent/,Zərərli fayl hash-i (SHA256)
sha256,d135fd8610833b6961936ba31f8feb2fd97efd1a0f5b6d4e333301e94531a3ba,66,medium,MalwareBazaar,1,9,2026-10-01T02:05:25+00:00,2026-10-02T07:43:14+00:00,,,,2026-10-02 06:48:59 UTC,https://bazaar.abuse.ch/export/txt/sha256/recent/,Zərərli fayl hash-i (SHA256)
sha256,3797d5082f3612a2493ce6430ed09a61922573f6871401f95b0d2e735a12ada1,66,medium,MalwareBazaar,1,9,2026-10-01T02:05:25+00:00,2026-10-02T07:43:14+00:00,,,,2026-10-02 06:48:59 UTC,https://bazaar.abuse.ch/export/txt/sha256/recent/,Zərərli fayl hash-i (SHA256)
sha256,51a371c23d6bb298259d5cd10f8bd86b16e992a9d80c107a69eaa60e2bc793a3,66,medium,MalwareBazaar,1,9,2026-10-01T02:05:25+00:00,2026-10-02T07:43:14+00:00,,,,2026-10-02 06:48:59 UTC,https://bazaar.abuse.ch/export/txt/sha256/recent/,Zərərli fayl hash-i (SHA256)
sha256,e642783e0cf4a0903373f689871de22d8bb6913e9fd331c8c8674a9857cd5e60,66,medium,MalwareBazaar,1,9,2026-10-01T02:05:25+00:00,2026-10-02T07:43:14+00:00,,,,2026-10-02 06:48:59 UTC,https://bazaar.abuse.ch/export/txt/sha256/recent/,Zərərli fayl hash-i (SHA256)
sha256,655c055da119031d5095408258589fb2a4d9e5c3f92d605e11a2b7f2458a1ad8,66,medium,MalwareBazaar,1,9,2026-10-01T02:05:25+00:00,2026-10-02T07:43:14+00:00,,,,2026-10-02 06:48:59 UTC,https://bazaar.abuse.ch/export/txt/sha256/recent/,Zərərli fayl hash-i (SHA256)
sha256,7ffe24cc796245146faa20d156dc77c868e11ef23d329be481f78e07d9ec4260,66,medium,MalwareBazaar,1,9,2026-10-01T02:05:25+00:00,2026-10-02T07:43:14+00:00,,,,2026-10-02 06:48:59 UTC,https://bazaar.abuse.ch/export/txt/sha256/recent/,Zərərli fayl hash-i (SHA256)
sha256,65f0a95b24e30305146346cbc2452cfabadab9e1ca35053e1134b67c38919577,66,medium,MalwareBazaar,1,9,2026-10-01T02:05:25+00:00,2026-10-02T07:43:14+00:00,,,,2026-10-02 06:48:59 UTC,https://bazaar.abuse.ch/export/txt/sha256/recent/,Zərərli fayl hash-i (SHA256)
sha256,65aa7f8b19935b7b6857546c52deb60d1d63d9d81132123ca43527f8f1cd552d,66,medium,MalwareBazaar,1,9,2026-10-01T02:05:25+00:00,2026-10-02T07:43:14+00:00,,,,2026-10-02 06:48:59 UTC,https://bazaar.abuse.ch/export/txt/sha256/recent/,Zərərli fayl hash-i (SHA256)
sha256,74ddd5c2721a552a76c86e81331d3fb682f1696734726939ab86419f1c50e037,66,medium,MalwareBazaar,1,9,2026-10-01T02:05:25+00:00,2026-10-02T07:43:14+00:00,,,,2026-10-02 06:48:59 UTC,https://bazaar.abuse.ch/export/txt/sha256/recent/,Zərərli fayl hash-i (SHA256)
sha256,fd913897ed1eb3ddb88bcb6af3e1ee61310059cc93f8fe25218260ac301b1001,66,medium,MalwareBazaar,1,9,2026-10-01T02:05:25+00:00,2026-10-02T07:43:14+00:00,,,,2026-10-02 06:48:59 UTC,https://bazaar.abuse.ch/export/txt/sha256/recent/,Zərərli fayl hash-i (SHA256)
sha256,f7fd41c720418bf2ebc03337484047206e3f13af71686aa1bb7bfe7938c6ec69,66,medium,MalwareBazaar,1,9,2026-10-01T02:05:25+00:00,2026-10-02T07:43:14+00:00,,,,2026-10-02 06:48:59 UTC,https://bazaar.abuse.ch/export/txt/sha256/recent/,Zərərli fayl hash-i (SHA256)
sha256,a9ab6f15c54914cb00839e440f77cb7102f0aeb94cfdf36ae29f931d67b7f7f0,66,medium,MalwareBazaar,1,9,2026-10-01T02:05:25+00:00,2026-10-02T07:43:14+00:00,,,,2026-10-02 06:48:59 UTC,https://bazaar.abuse.ch/export/txt/sha256/recent/,Zərərli fayl hash-i (SHA256)
sha256,5a4f724cf8b55781c8ec92cf642a42f438a6d0ee2bb875c66c4fa33725e91e6d,66,medium,MalwareBazaar,1,9,2026-10-01T02:05:25+00:00,2026-10-02T07:43:14+00:00,,,,2026-10-02 06:48:59 UTC,https://bazaar.abuse.ch/export/txt/sha256/recent/,Zərərli fayl hash-i (SHA256)
sha256,524a7bcc8edcadc6f4381459f79769e1ec534aa78f66e5c38a6678bd55cf2572,66,medium,MalwareBazaar,1,9,2026-10-01T02:05:25+00:00,2026-10-02T07:43:14+00:00,,,,2026-10-02 06:48:59 UTC,https://bazaar.abuse.ch/export/txt/sha256/recent/,Zərərli fayl hash-i (SHA256)
sha256,cc54d90920a73cc5e176664f61c6f601c95d693e431e79ae1148cb91e83c9235,66,medium,MalwareBazaar,1,9,2026-10-01T02:05:25+00:00,2026-10-02T07:43:14+00:00,,,,2026-10-02 06:48:59 UTC,https://bazaar.abuse.ch/export/txt/sha256/recent/,Zərərli fayl hash-i (SHA256)
sha256,613f251b310dcebbda6671ee2d55d1d358366758fcb234fce97c7c9ddec8eb7f,66,medium,MalwareBazaar,1,9,2026-10-01T02:05:25+00:00,2026-10-02T07:43:14+00:00,,,,2026-10-02 06:48:59 UTC,https://bazaar.abuse.ch/export/txt/sha256/recent/,Zərərli fayl hash-i (SHA256)
sha256,351c596476cd860d1a98bf05a012739a9f70fa3d1f4c629e93aff43055cbdb58,66,medium,MalwareBazaar,1,9,2026-10-01T02:05:25+00:00,2026-10-02T07:43:14+00:00,,,,2026-10-02 06:48:59 UTC,https://bazaar.abuse.ch/export/txt/sha256/recent/,Zərərli fayl hash-i (SHA256)
sha256,d26f44aca69f343055132139fb3bff074ea8b2bd0e01722dde7536fe02a38858,66,medium,MalwareBazaar,1,9,2026-10-01T02:05:25+00:00,2026-10-02T07:43:14+00:00,,,,2026-10-02 06:48:59 UTC,https://bazaar.abuse.ch/export/txt/sha256/recent/,Zərərli fayl hash-i (SHA256)
sha256,df38bb0caf407425f0bf32244e11a67f8e67022638a90f702390aefefee31de7,66,medium,MalwareBazaar,1,9,2026-10-01T02:05:25+00:00,2026-10-02T07:43:14+00:00,,,,2026-10-02 06:48:59 UTC,https://bazaar.abuse.ch/export/txt/sha256/recent/,Zərərli fayl hash-i (SHA256)
sha256,8d825c32216249da05881a1c4a06c2cbd0f8caf3bd86bd2b1b8342c68a1c1f9e,66,medium,MalwareBazaar,1,9,2026-10-01T02:05:25+00:00,2026-10-02T07:43:14+00:00,,,,2026-10-02 06:48:59 UTC,https://bazaar.abuse.ch/export/txt/sha256/recent/,Zərərli fayl hash-i (SHA256)
sha256,db312697c3885a904f1ca4993543d34ca4b3cb7e3ae0209eec367dd031e06fbd,66,medium,MalwareBazaar,1,9,2026-10-01T02:05:25+00:00,2026-10-02T07:43:14+00:00,,,,2026-10-02 06:48:59 UTC,https://bazaar.abuse.ch/export/txt/sha256/recent/,Zərərli fayl hash-i (SHA256)
sha256,fb7ca568e1d630e616a8706307a570d37e1a7a5ea80900cde8d1b4513924a886,66,medium,MalwareBazaar,1,9,2026-10-01T02:05:25+00:00,2026-10-02T07:43:14+00:00,,,,2026-10-02 06:48:59 UTC,https://bazaar.abuse.ch/export/txt/sha256/recent/,Zərərli fayl hash-i (SHA256)
sha256,08ff12e06497e17b6fde5e9e9f9eefabe6b50d42b45307f0ce69a160bd9e63d0,66,medium,MalwareBazaar,1,9,2026-10-01T02:05:25+00:00,2026-10-02T07:43:14+00:00,,,,2026-10-02 06:48:59 UTC,https://bazaar.abuse.ch/export/txt/sha256/recent/,Zərərli fayl hash-i (SHA256)
sha256,8f6d843cdec4d3477867225cf0804850e4901a541e095c01feab5634c3f3de99,66,medium,MalwareBazaar,1,9,2026-10-01T02:05:25+00:00,2026-10-02T07:43:14+00:00,,,,2026-10-02 06:48:59 UTC,https://bazaar.abuse.ch/export/txt/sha256/recent/,Zərərli fayl hash-i (SHA256)
sha256,b22492242fc1846a189f5c1ab8f3472aebe638e8171c806889e0116095f52b96,66,medium,MalwareBazaar,1,9,2026-10-01T02:05:25+00:00,2026-10-02T07:43:14+00:00,,,,2026-10-02 06:48:59 UTC,https://bazaar.abuse.ch/export/txt/sha256/recent/,Zərərli fayl hash-i (SHA256)
sha256,ad8c9506764985d986b36fdbbc7e6712a074813b990dbc4cbeaf271d30415205,66,medium,MalwareBazaar,1,9,2026-10-01T02:05:25+00:00,2026-10-02T07:43:14+00:00,,,,2026-10-02 06:48:59 UTC,https://bazaar.abuse.ch/export/txt/sha256/recent/,Zərərli fayl hash-i (SHA256)
sha256,85f3ba9c0931811d89c8589ad58a49642cbd384c82eccdb5faf9c9b31c474f74,66,medium,MalwareBazaar,1,9,2026-10-01T02:05:25+00:00,2026-10-02T07:43:14+00:00,,,,2026-10-02 06:48:59 UTC,https://bazaar.abuse.ch/export/txt/sha256/recent/,Zərərli fayl hash-i (SHA256)
sha256,e354068188608425847d02f73d61825695aaafb785e80a1fd1ca5b5902c3a9ee,66,medium,MalwareBazaar,1,9,2026-10-01T02:05:25+00:00,2026-10-02T07:43:14+00:00,,,,2026-10-02 06:48:59 UTC,https://bazaar.abuse.ch/export/txt/sha256/recent/,Zərərli fayl hash-i (SHA256)
sha256,f5952ed2689230c25a7cace8ac6762dea2b639e879277b2cf11e3bd30e874882,66,medium,MalwareBazaar,1,9,2026-10-01T02:05:25+00:00,2026-10-02T07:43:14+00:00,,,,2026-10-02 06:48:59 UTC,https://bazaar.abuse.ch/export/txt/sha256/recent/,Zərərli fayl hash-i (SHA256)
sha256,0154c4cf5bc01bcab5a8b1f0d8d0d2c527b1a602c170c5a6cd08ed8332479bb9,66,medium,MalwareBazaar,1,9,2026-10-01T02:05:25+00:00,2026-10-02T07:43:14+00:00,,,,2026-10-02 06:48:59 UTC,https://bazaar.abuse.ch/export/txt/sha256/recent/,Zərərli fayl hash-i (SHA256)
sha256,a4309336f98c08079516176b9adef2134e9d08f8f5023a6d606536e72bce44d0,66,medium,MalwareBazaar,1,9,2026-10-01T02:05:25+00:00,2026-10-02T07:43:14+00:00,,,,2026-10-02 06:48:59 UTC,https://bazaar.abuse.ch/export/txt/sha256/recent/,Zərərli fayl hash-i (SHA256)
sha256,1a089a1de03846ee8042479878ac50f80388f7787a09f335dfbb9bfeca1e1124,66,medium,MalwareBazaar,1,9,2026-10-01T02:05:25+00:00,2026-10-02T07:43:14+00:00,,,,2026-10-02 06:48:59 UTC,https://bazaar.abuse.ch/export/txt/sha256/recent/,Zərərli fayl hash-i (SHA256)
sha256,874754f39eb9adbcfeabe8bd8ed2f0e65dd44c61c3a0232a327b5cbaeb36671a,66,medium,MalwareBazaar,1,9,2026-10-01T02:05:25+00:00,2026-10-02T07:43:14+00:00,,,,2026-10-02 06:48:59 UTC,https://bazaar.abuse.ch/export/txt/sha256/recent/,Zərərli fayl hash-i (SHA256)
sha256,dc327c877e5ddd3e1e14a6a16621858f8fb7b7d112f023020404ccb26f0fb750,66,medium,MalwareBazaar,1,9,2026-10-01T02:05:25+00:00,2026-10-02T07:43:14+00:00,,,,2026-10-02 06:48:59 UTC,https://bazaar.abuse.ch/export/txt/sha256/recent/,Zərərli fayl hash-i (SHA256)
sha256,bcbbb122489c63f93d09bfdaef5ef057caee23b876e3cb180a09d982df1d072a,66,medium,MalwareBazaar,1,9,2026-10-01T02:05:25+00:00,2026-10-02T07:43:14+00:00,,,,2026-10-02 06:48:59 UTC,https://bazaar.abuse.ch/export/txt/sha256/recent/,Zərərli fayl hash-i (SHA256)
sha256,23bd527f5aa2501cb842ac908f113bed89b40ad90c6c37febf1e278d72c363a8,66,medium,MalwareBazaar,1,9,2026-10-01T02:05:25+00:00,2026-10-02T07:43:14+00:00,,,,2026-10-02 06:48:59 UTC,https://bazaar.abuse.ch/export/txt/sha256/recent/,Zərərli fayl hash-i (SHA256)
sha256,8b27f5319c4d7728bb2f7bb3c57b210c6fb55233572a8b8961683e05bca8781d,66,medium,MalwareBazaar,1,9,2026-10-01T02:05:25+00:00,2026-10-02T07:43:14+00:00,,,,2026-10-02 06:48:59 UTC,https://bazaar.abuse.ch/export/txt/sha256/recent/,Zərərli fayl hash-i (SHA256)
sha256,805a41fd7a6cd7ec475a3d10780113e4ebfb21a6b17c80d8f19e7a69b6fa577f,66,medium,MalwareBazaar,1,9,2026-10-01T02:05:25+00:00,2026-10-02T07:43:14+00:00,,,,2026-10-02 06:48:59 UTC,https://bazaar.abuse.ch/export/txt/sha256/recent/,Zərərli fayl hash-i (SHA256)
sha256,517f506763c80943bfa3a02bbf996a72afb99ad312bbf7b49c142151f5ca4b1f,66,medium,MalwareBazaar,1,9,2026-10-01T02:05:25+00:00,2026-10-02T07:43:14+00:00,,,,2026-10-02 06:48:59 UTC,https://bazaar.abuse.ch/export/txt/sha256/recent/,Zərərli fayl hash-i (SHA256)
sha256,6d141a726940c558ec458857db356d2d9a88020a6e6f51568c19087119df297e,66,medium,MalwareBazaar,1,9,2026-10-01T02:05:25+00:00,2026-10-02T07:43:14+00:00,,,,2026-10-02 06:48:59 UTC,https://bazaar.abuse.ch/export/txt/sha256/recent/,Zərərli fayl hash-i (SHA256)
sha256,0f4f26d4e4b73735e19f147751fb0cc3678aa74b2113f8f1405f3ab0145238fd,66,medium,MalwareBazaar,1,9,2026-10-01T02:05:25+00:00,2026-10-02T07:43:14+00:00,,,,2026-10-02 06:48:59 UTC,https://bazaar.abuse.ch/export/txt/sha256/recent/,Zərərli fayl hash-i (SHA256)
sha256,93c957fd0a6a39529a53f79a3351d955799879c736cae662feca307c268110d9,66,medium,MalwareBazaar,1,9,2026-10-01T02:05:25+00:00,2026-10-02T07:43:14+00:00,,,,2026-10-02 06:48:59 UTC,https://bazaar.abuse.ch/export/txt/sha256/recent/,Zərərli fayl hash-i (SHA256)
sha256,7947470c9803e003ea73d75bfbd21146ceed034d2398463c097729ad2fb60fb1,66,medium,MalwareBazaar,1,9,2026-10-01T02:05:25+00:00,2026-10-02T07:43:14+00:00,,,,2026-10-02 06:48:59 UTC,https://bazaar.abuse.ch/export/txt/sha256/recent/,Zərərli fayl hash-i (SHA256)
sha256,e0571224ad2060be495c08f6d46b1b1a145c4be66fb608300f04f0c72c2b5035,66,medium,MalwareBazaar,1,9,2026-10-01T02:05:25+00:00,2026-10-02T07:43:14+00:00,,,,2026-10-02 06:48:59 UTC,https://bazaar.abuse.ch/export/txt/sha256/recent/,Zərərli fayl hash-i (SHA256)
sha256,faadc180d148cf48233b61384aab09f11ac8567606ac35011fc668b2c765de8f,66,medium,MalwareBazaar,1,9,2026-10-01T02:05:25+00:00,2026-10-02T07:43:14+00:00,,,,2026-10-02 06:48:59 UTC,https://bazaar.abuse.ch/export/txt/sha256/recent/,Zərərli fayl hash-i (SHA256)
sha256,27576bde98b8dfc1656468ebfd6302a0fb7600a097eb93472f864d98ffa70bd2,66,medium,MalwareBazaar,1,9,2026-10-01T02:05:25+00:00,2026-10-02T07:43:14+00:00,,,,2026-10-02 06:48:59 UTC,https://bazaar.abuse.ch/export/txt/sha256/recent/,Zərərli fayl hash-i (SHA256)
sha256,41aa01d4002d0a0d46d46fa7953fd2b676fe68de3b0734818329d94d2b24ad53,66,medium,MalwareBazaar,1,9,2026-10-01T02:05:25+00:00,2026-10-02T07:43:14+00:00,,,,2026-10-02 06:48:59 UTC,https://bazaar.abuse.ch/export/txt/sha256/recent/,Zərərli fayl hash-i (SHA256)
sha256,f1fa87fe174e4ba490f362e59bc31db785484f85a8254644a85e359418803b1f,66,medium,MalwareBazaar,1,9,2026-10-01T02:05:25+00:00,2026-10-02T07:43:14+00:00,,,,2026-10-02 06:48:59 UTC,https://bazaar.abuse.ch/export/txt/sha256/recent/,Zərərli fayl hash-i (SHA256)
sha256,bb0b0c66b0b3bf5d85e090e54eab69609837c030ef6b571c0c6d44c9d4400557,66,medium,MalwareBazaar,1,9,2026-10-01T02:05:25+00:00,2026-10-02T07:43:14+00:00,,,,2026-10-02 06:48:59 UTC,https://bazaar.abuse.ch/export/txt/sha256/recent/,Zərərli fayl hash-i (SHA256)
sha256,c9ba50e567a52f57b49b0c1db09c595a0122a143156dde326c766630637c2373,66,medium,MalwareBazaar,1,9,2026-10-01T02:05:25+00:00,2026-10-02T07:43:14+00:00,,,,2026-10-02 06:48:59 UTC,https://bazaar.abuse.ch/export/txt/sha256/recent/,Zərərli fayl hash-i (SHA256)
sha256,c17f45491056042647f2eaae75efe90bbd81f24225a66f1ba0940a3d3bac2db4,66,medium,MalwareBazaar,1,9,2026-10-01T02:05:25+00:00,2026-10-02T07:43:14+00:00,,,,2026-10-02 06:48:59 UTC,https://bazaar.abuse.ch/export/txt/sha256/recent/,Zərərli fayl hash-i (SHA256)
sha256,15744b24a1732688794babf9f87330b61c86c5324418bcb42957b14c1bb8d6ff,66,medium,MalwareBazaar,1,9,2026-10-01T02:05:25+00:00,2026-10-02T07:43:14+00:00,,,,2026-10-02 06:48:59 UTC,https://bazaar.abuse.ch/export/txt/sha256/recent/,Zərərli fayl hash-i (SHA256)
sha256,6ed7941552d1047b2db2ce6221835615e29571c07e83d7f626354f325cd7d788,66,medium,MalwareBazaar,1,9,2026-10-01T02:05:25+00:00,2026-10-02T07:43:14+00:00,,,,2026-10-02 06:48:59 UTC,https://bazaar.abuse.ch/export/txt/sha256/recent/,Zərərli fayl hash-i (SHA256)
sha256,465bf4a1f4ef1b951f03ee3947421ab479d00c74a80145265c6b668bd17ed9b5,66,medium,MalwareBazaar,1,9,2026-10-01T02:05:25+00:00,2026-10-02T07:43:14+00:00,,,,2026-10-02 06:48:59 UTC,https://bazaar.abuse.ch/export/txt/sha256/recent/,Zərərli fayl hash-i (SHA256)
sha256,f3c368cd63e97286c010725b1defc1fe60ca7b31229d2b62ba6535c89d789737,66,medium,MalwareBazaar,1,9,2026-10-01T02:05:25+00:00,2026-10-02T07:43:14+00:00,,,,2026-10-02 06:48:59 UTC,https://bazaar.abuse.ch/export/txt/sha256/recent/,Zərərli fayl hash-i (SHA256)
sha256,2f0286ce9a8fe833c9f8eea32bafa6eb5fcdd5c0d50379818edf35caadf34a82,66,medium,MalwareBazaar,1,9,2026-10-01T02:05:25+00:00,2026-10-02T07:43:14+00:00,,,,2026-10-02 06:48:59 UTC,https://bazaar.abuse.ch/export/txt/sha256/recent/,Zərərli fayl hash-i (SHA256)
sha256,b4dadb59f771c3efc41a8a99093dd0f338448d5d6eafdacd786782342e8e791b,66,medium,MalwareBazaar,1,9,2026-10-01T02:05:25+00:00,2026-10-02T07:43:14+00:00,,,,2026-10-02 06:48:59 UTC,https://bazaar.abuse.ch/export/txt/sha256/recent/,Zərərli fayl hash-i (SHA256)
sha256,f502f8ce0f6525198dc2dd2c85f2ed3d24d7ff9111d38b0a04931b060d342cdb,66,medium,MalwareBazaar,1,9,2026-10-01T02:05:25+00:00,2026-10-02T07:43:14+00:00,,,,2026-10-02 06:48:59 UTC,https://bazaar.abuse.ch/export/txt/sha256/recent/,Zərərli fayl hash-i (SHA256)
sha256,48100ddb70b147760604c7fa766252d7b3f97fdb96b3a6b7fb1fd1074ee47edd,66,medium,MalwareBazaar,1,9,2026-10-01T02:05:25+00:00,2026-10-02T07:43:14+00:00,,,,2026-10-02 06:48:59 UTC,https://bazaar.abuse.ch/export/txt/sha256/recent/,Zərərli fayl hash-i (SHA256)
sha256,2b010a2351c9e8ee7e767abbba02dcdcc15032b20c178a3c0b00e1806e67db84,66,medium,MalwareBazaar,1,9,2026-10-01T02:05:25+00:00,2026-10-02T07:43:14+00:00,,,,2026-10-02 06:48:59 UTC,https://bazaar.abuse.ch/export/txt/sha256/recent/,Zərərli fayl hash-i (SHA256)
sha256,d4df59d0ddc302f5b9488591dd1813e3e9b8859ce3d04bac5e0dde458c4784f1,66,medium,MalwareBazaar,1,9,2026-10-01T02:05:25+00:00,2026-10-02T07:43:14+00:00,,,,2026-10-02 06:48:59 UTC,https://bazaar.abuse.ch/export/txt/sha256/recent/,Zərərli fayl hash-i (SHA256)
sha256,e51477f53f7f45d840acc56caf1ddb786cdc8d8482da52a02559160f5348c74e,66,medium,MalwareBazaar,1,9,2026-10-01T02:05:25+00:00,2026-10-02T07:43:14+00:00,,,,2026-10-02 06:48:59 UTC,https://bazaar.abuse.ch/export/txt/sha256/recent/,Zərərli fayl hash-i (SHA256)
sha256,c3fb83409cda7845436048aea960d3a6958357c8bcac948989f0694430ada3cc,66,medium,MalwareBazaar,1,9,2026-10-01T02:05:25+00:00,2026-10-02T07:43:14+00:00,,,,2026-10-02 06:48:59 UTC,https://bazaar.abuse.ch/export/txt/sha256/recent/,Zərərli fayl hash-i (SHA256)
sha256,47628bf5d571084ccd174e03c02efb2e2211b69d88a12445829344b1cdeea945,66,medium,MalwareBazaar,1,9,2026-10-01T02:05:25+00:00,2026-10-02T07:43:14+00:00,,,,2026-10-02 06:48:59 UTC,https://bazaar.abuse.ch/export/txt/sha256/recent/,Zərərli fayl hash-i (SHA256)
sha256,598ef9cfc32d5099b9059a63c56aa0d1aff0cbb4046ba48f8e5033efa52cb2c7,66,medium,MalwareBazaar,1,9,2026-10-01T02:05:25+00:00,2026-10-02T07:43:14+00:00,,,,2026-10-02 06:48:59 UTC,https://bazaar.abuse.ch/export/txt/sha256/recent/,Zərərli fayl hash-i (SHA256)
sha256,3a9ec40aa9fdc8454a88236d553604165e98e4ad12ae7c860acf507ba9a314ce,66,medium,MalwareBazaar,1,9,2026-10-01T02:05:25+00:00,2026-10-02T07:43:14+00:00,,,,2026-10-02 06:48:59 UTC,https://bazaar.abuse.ch/export/txt/sha256/recent/,Zərərli fayl hash-i (SHA256)
sha256,665ac0f366f9c212b792be7c69a77b8fd407dfe45509b299d2b37a98ef407cfd,66,medium,MalwareBazaar,1,9,2026-10-01T02:05:25+00:00,2026-10-02T07:43:14+00:00,,,,2026-10-02 06:48:59 UTC,https://bazaar.abuse.ch/export/txt/sha256/recent/,Zərərli fayl hash-i (SHA256)
sha256,ce8c5b4683505bdb606e41cbe7399df839c68c12992f9a1ab0965e0026ae668f,66,medium,MalwareBazaar,1,9,2026-10-01T02:05:25+00:00,2026-10-02T07:43:14+00:00,,,,2026-10-02 06:48:59 UTC,https://bazaar.abuse.ch/export/txt/sha256/recent/,Zərərli fayl hash-i (SHA256)
sha256,23378df598afcac9fc2ba035f5f766eb9dc89e1adde2b032c14a9d995301bb31,66,medium,MalwareBazaar,1,9,2026-10-01T02:05:25+00:00,2026-10-02T07:43:14+00:00,,,,2026-10-02 06:48:59 UTC,https://bazaar.abuse.ch/export/txt/sha256/recent/,Zərərli fayl hash-i (SHA256)
sha256,4286e0e127b5f4d51c826fd7acd931fbfe61353ced2517e0bdb023c3a866b01c,66,medium,MalwareBazaar,1,9,2026-10-01T02:05:25+00:00,2026-10-02T07:43:14+00:00,,,,2026-10-02 06:48:59 UTC,https://bazaar.abuse.ch/export/txt/sha256/recent/,Zərərli fayl hash-i (SHA256)
sha256,3f5182a1b29057ed82ff5350bfc01e0fa0dc016f118ad841e7716eaa87fa8def,66,medium,MalwareBazaar,1,9,2026-10-01T02:05:25+00:00,2026-10-02T07:43:14+00:00,,,,2026-10-02 06:48:59 UTC,https://bazaar.abuse.ch/export/txt/sha256/recent/,Zərərli fayl hash-i (SHA256)
sha256,01885be17a1a4f795b5b60beb4b351da2479835132e8dcb0403712cd49f0b507,66,medium,MalwareBazaar,1,9,2026-10-01T02:05:25+00:00,2026-10-02T07:43:14+00:00,,,,2026-10-02 06:48:59 UTC,https://bazaar.abuse.ch/export/txt/sha256/recent/,Zərərli fayl hash-i (SHA256)
sha256,836043d6864109bd9aacd56b4c06e096dbf3c2d03c9aa870148d8e032f9068ff,66,medium,MalwareBazaar,1,9,2026-10-01T02:05:25+00:00,2026-10-02T07:43:14+00:00,,,,2026-10-02 06:48:59 UTC,https://bazaar.abuse.ch/export/txt/sha256/recent/,Zərərli fayl hash-i (SHA256)
sha256,5276cf264ff47a3c84b8d10c1fd308c8178c3e58c5e59eabbefb8e89a2cebb53,66,medium,MalwareBazaar,1,9,2026-10-01T02:05:25+00:00,2026-10-02T07:43:14+00:00,,,,2026-10-02 06:48:59 UTC,https://bazaar.abuse.ch/export/txt/sha256/recent/,Zərərli fayl hash-i (SHA256)
sha256,e52cb39ad9a9b46b57532d2fb415e6c8aa0c160030a0aa6dbdf2d2b2532712a2,66,medium,MalwareBazaar,1,9,2026-10-01T02:05:25+00:00,2026-10-02T07:43:14+00:00,,,,2026-10-02 06:48:59 UTC,https://bazaar.abuse.ch/export/txt/sha256/recent/,Zərərli fayl hash-i (SHA256)
sha256,c100f4f7ef38a8c5de6da8ab284bd7fc0baac9653d4212c498cbd2966d64e2db,66,medium,MalwareBazaar,1,9,2026-10-01T02:05:25+00:00,2026-10-02T07:43:14+00:00,,,,2026-10-02 06:48:59 UTC,https://bazaar.abuse.ch/export/txt/sha256/recent/,Zərərli fayl hash-i (SHA256)
sha256,f66ce08d7fc79340e4c8acb554caacde8321232612a871d7e1dda0616930a5ef,66,medium,MalwareBazaar,1,9,2026-10-01T02:05:25+00:00,2026-10-02T07:43:14+00:00,,,,2026-10-02 06:48:59 UTC,https://bazaar.abuse.ch/export/txt/sha256/recent/,Zərərli fayl hash-i (SHA256)
sha256,2ae63d678945c19ef35d6982517727421a7d551a36f3aa3329f80539b15e1108,66,medium,MalwareBazaar,1,9,2026-10-01T02:05:25+00:00,2026-10-02T07:43:14+00:00,,,,2026-10-02 06:48:59 UTC,https://bazaar.abuse.ch/export/txt/sha256/recent/,Zərərli fayl hash-i (SHA256)
sha256,6302d52e1d868f605a678482225260cdd1c313201c6a89ba11bcc947487defca,66,medium,MalwareBazaar,1,9,2026-10-01T02:05:25+00:00,2026-10-02T07:43:14+00:00,,,,2026-10-02 06:48:59 UTC,https://bazaar.abuse.ch/export/txt/sha256/recent/,Zərərli fayl hash-i (SHA256)
sha256,1d21aa20800f37c6d521d023d2d57f430dd11cfcbcb796269fbeffb73ed64806,66,medium,MalwareBazaar,1,9,2026-10-01T02:05:25+00:00,2026-10-02T07:43:14+00:00,,,,2026-10-02 06:48:59 UTC,https://bazaar.abuse.ch/export/txt/sha256/recent/,Zərərli fayl hash-i (SHA256)
sha256,8b845d9ff26438f8b9d5aac21fd6de2cd8f8db0fe504e2e64a82cb1ee755e721,66,medium,MalwareBazaar,1,9,2026-10-01T02:05:25+00:00,2026-10-02T07:43:14+00:00,,,,2026-10-02 06:48:59 UTC,https://bazaar.abuse.ch/export/txt/sha256/recent/,Zərərli fayl hash-i (SHA256)
sha256,d43e918d3ca2313f5b97b18c54434632ff54b6094e0c1d62af646324d11b956a,66,medium,MalwareBazaar,1,9,2026-10-01T02:05:25+00:00,2026-10-02T07:43:14+00:00,,,,2026-10-02 06:48:59 UTC,https://bazaar.abuse.ch/export/txt/sha256/recent/,Zərərli fayl hash-i (SHA256)
sha256,61e37f0bc48504ca6634042698187e8e6c7363c6be09e3b4fe03343b62acc92c,66,medium,MalwareBazaar,1,9,2026-10-01T02:05:25+00:00,2026-10-02T07:43:14+00:00,,,,2026-10-02 06:48:59 UTC,https://bazaar.abuse.ch/export/txt/sha256/recent/,Zərərli fayl hash-i (SHA256)
sha256,bcb2e3ce358bc9dc01bd20215f2db4d830bb9b53ab5dd85b24b18bd79553aca6,66,medium,MalwareBazaar,1,9,2026-10-01T02:05:25+00:00,2026-10-02T07:43:14+00:00,,,,2026-10-02 06:48:59 UTC,https://bazaar.abuse.ch/export/txt/sha256/recent/,Zərərli fayl hash-i (SHA256)
sha256,5efca2220ee28a5ed537bda884ed3bcbd7cd5ba0428133bf0e1498bef8283d5f,66,medium,MalwareBazaar,1,9,2026-10-01T02:05:25+00:00,2026-10-02T07:43:14+00:00,,,,2026-10-02 06:48:59 UTC,https://bazaar.abuse.ch/export/txt/sha256/recent/,Zərərli fayl hash-i (SHA256)
sha256,3ee43008910250c9c9243c1ec31f14743d567cfc237b1439477cb69953b9ae53,66,medium,MalwareBazaar,1,9,2026-10-01T02:05:25+00:00,2026-10-02T07:43:14+00:00,,,,2026-10-02 06:48:59 UTC,https://bazaar.abuse.ch/export/txt/sha256/recent/,Zərərli fayl hash-i (SHA256)
sha256,3ac5a939cc1f34b3206e01443645a42072351b20a0aa08da99490f20c3a95f05,66,medium,MalwareBazaar,1,9,2026-10-01T02:05:25+00:00,2026-10-02T07:43:14+00:00,,,,2026-10-02 06:48:59 UTC,https://bazaar.abuse.ch/export/txt/sha256/recent/,Zərərli fayl hash-i (SHA256)
sha256,4bd33dd7b4a67ffc6eccdefcced5e866ac76f676861f79c9105af7f26680352f,66,medium,MalwareBazaar,1,9,2026-10-01T02:05:25+00:00,2026-10-02T07:43:14+00:00,,,,2026-10-02 06:48:59 UTC,https://bazaar.abuse.ch/export/txt/sha256/recent/,Zərərli fayl hash-i (SHA256)
sha256,7cdfde28e457e8b8075fd5d685c77fee602896dff614b7f18b25048efcd9e1f1,66,medium,MalwareBazaar,1,9,2026-10-01T02:05:25+00:00,2026-10-02T07:43:14+00:00,,,,2026-10-02 06:48:59 UTC,https://bazaar.abuse.ch/export/txt/sha256/recent/,Zərərli fayl hash-i (SHA256)
sha256,173c1f2d15b31ee9fe09ce1a3b6ff7c17cf8ce0a9066dc49d0b014c9273927b9,66,medium,MalwareBazaar,1,9,2026-10-01T02:05:25+00:00,2026-10-02T07:43:14+00:00,,,,2026-10-02 06:48:59 UTC,https://bazaar.abuse.ch/export/txt/sha256/recent/,Zərərli fayl hash-i (SHA256)
sha256,fcf5dbce80dd904652d4746dd6b26e34763cb07090573967ff6aa6c084496c16,66,medium,MalwareBazaar,1,9,2026-10-01T02:05:25+00:00,2026-10-02T07:43:14+00:00,,,,2026-10-02 06:48:59 UTC,https://bazaar.abuse.ch/export/txt/sha256/recent/,Zərərli fayl hash-i (SHA256)
sha256,df74f2f8eb8d707411ffb8ee8f9c9fb1881fe1cc38978e8c743de393d4ce0b9d,66,medium,MalwareBazaar,1,9,2026-10-01T02:05:25+00:00,2026-10-02T07:43:14+00:00,,,,2026-10-02 06:48:59 UTC,https://bazaar.abuse.ch/export/txt/sha256/recent/,Zərərli fayl hash-i (SHA256)
sha256,72c9d4e51ed46c991e547547c786e854611bc6760100f6e0f0d78a228af116e3,66,medium,MalwareBazaar,1,9,2026-10-01T02:05:25+00:00,2026-10-02T07:43:14+00:00,,,,2026-10-02 06:48:59 UTC,https://bazaar.abuse.ch/export/txt/sha256/recent/,Zərərli fayl hash-i (SHA256)
sha256,c0b5067830a80947b59be5a061c753dde2adca1f06558ff12054542fe777194e,66,medium,MalwareBazaar,1,9,2026-10-01T02:05:25+00:00,2026-10-02T07:43:14+00:00,,,,2026-10-02 06:48:59 UTC,https://bazaar.abuse.ch/export/txt/sha256/recent/,Zərərli fayl hash-i (SHA256)
sha256,b934750358b6f8cf2814b972387f3463213ab8149c1fb66faec639c5d875c2df,66,medium,MalwareBazaar,1,9,2026-10-01T02:05:25+00:00,2026-10-02T07:43:14+00:00,,,,2026-10-02 06:48:59 UTC,https://bazaar.abuse.ch/export/txt/sha256/recent/,Zərərli fayl hash-i (SHA256)
sha256,da46979e366816e3d13c4af9368ea25c3abe2f847f322a153879ff87fdd13813,66,medium,MalwareBazaar,1,9,2026-10-01T02:05:25+00:00,2026-10-02T07:43:14+00:00,,,,2026-10-02 06:48:59 UTC,https://bazaar.abuse.ch/export/txt/sha256/recent/,Zərərli fayl hash-i (SHA256)
sha256,259669c71b188691d697b453c1bb793ec36922a22296248c95973ede2be474d7,66,medium,MalwareBazaar,1,9,2026-10-01T02:05:25+00:00,2026-10-02T07:43:14+00:00,,,,2026-10-02 06:48:59 UTC,https://bazaar.abuse.ch/export/txt/sha256/recent/,Zərərli fayl hash-i (SHA256)
sha256,a256a971b794804b6933f8eff4a3e34cbcc69775c5728b50efe093011600ea8c,66,medium,MalwareBazaar,1,9,2026-10-01T02:05:25+00:00,2026-10-02T07:43:14+00:00,,,,2026-10-02 06:48:59 UTC,https://bazaar.abuse.ch/export/txt/sha256/recent/,Zərərli fayl hash-i (SHA256)
sha256,a5ada65dd4534fe181f45f227ef28f9a86229ea3de5e2a693db652bb350f7a9c,66,medium,MalwareBazaar,1,9,2026-10-01T02:05:25+00:00,2026-10-02T07:43:14+00:00,,,,2026-10-02 06:48:59 UTC,https://bazaar.abuse.ch/export/txt/sha256/recent/,Zərərli fayl hash-i (SHA256)
sha256,5ebb38c858a0b0202708649408ef7b79d02472fd61fd00d7f071f505388087f3,66,medium,MalwareBazaar,1,9,2026-10-01T02:05:25+00:00,2026-10-02T07:43:14+00:00,,,,2026-10-02 06:48:59 UTC,https://bazaar.abuse.ch/export/txt/sha256/recent/,Zərərli fayl hash-i (SHA256)
sha256,389a013800d3201b17aa1ea01b30ec6919a3757b5d5af583c4cb210e45e6eb18,66,medium,MalwareBazaar,1,9,2026-10-01T02:05:25+00:00,2026-10-02T07:43:14+00:00,,,,2026-10-02 06:48:59 UTC,https://bazaar.abuse.ch/export/txt/sha256/recent/,Zərərli fayl hash-i (SHA256)
sha256,6a93861d9d3604a31a32485a317d5056b54b530588fdebe935b6e23d85272de7,66,medium,MalwareBazaar,1,9,2026-10-01T02:05:25+00:00,2026-10-02T07:43:14+00:00,,,,2026-10-02 06:48:59 UTC,https://bazaar.abuse.ch/export/txt/sha256/recent/,Zərərli fayl hash-i (SHA256)
sha256,8e3df94a5ee61add57686c5939b1173aefa8be5814b0e76aec69cbf133cbd53d,66,medium,MalwareBazaar,1,9,2026-10-01T02:05:25+00:00,2026-10-02T07:43:14+00:00,,,,2026-10-02 06:48:59 UTC,https://bazaar.abuse.ch/export/txt/sha256/recent/,Zərərli fayl hash-i (SHA256)
sha256,e0814b26359c1e8dacd53e16fd847afc9f1c2d9ec2ddd3606b219a7041357e66,66,medium,MalwareBazaar,1,9,2026-10-01T02:05:25+00:00,2026-10-02T07:43:14+00:00,,,,2026-10-02 06:48:59 UTC,https://bazaar.abuse.ch/export/txt/sha256/recent/,Zərərli fayl hash-i (SHA256)
sha256,b57ad2c4ff3696ad974acce3c3ba3e2727759a84a79f08ba459904420fc40e41,66,medium,MalwareBazaar,1,9,2026-10-01T02:05:25+00:00,2026-10-02T07:43:14+00:00,,,,2026-10-02 06:48:59 UTC,https://bazaar.abuse.ch/export/txt/sha256/recent/,Zərərli fayl hash-i (SHA256)
sha256,24415f8e6dac70373affcf8c368269e99fc187bdcf4f04b2479bcf0cf078f93d,66,medium,MalwareBazaar,1,8,2026-10-01T02:05:25+00:00,2026-10-02T01:11:51+00:00,,,,2026-10-02 00:45:34 UTC,https://bazaar.abuse.ch/export/txt/sha256/recent/,Zərərli fayl hash-i (SHA256)
sha256,7e9025314c3f3fbdaa2c2708f26f1c024c23d78d3384d2636b0ec842a23b3d2f,66,medium,MalwareBazaar,1,8,2026-10-01T02:05:25+00:00,2026-10-02T01:11:51+00:00,,,,2026-10-02 00:45:34 UTC,https://bazaar.abuse.ch/export/txt/sha256/recent/,Zərərli fayl hash-i (SHA256)
sha256,d6d71a6a9c0bd91d33af611e9e67a3ad1292bde81b2e6d81ed8466da7d620a7e,66,medium,MalwareBazaar,1,8,2026-10-01T02:05:25+00:00,2026-10-02T01:11:51+00:00,,,,2026-10-02 00:45:34 UTC,https://bazaar.abuse.ch/export/txt/sha256/recent/,Zərərli fayl hash-i (SHA256)
sha256,3c3547fdb39dc73d0715c77327b1294be7500c1867724a654419699c8a43dd24,66,medium,MalwareBazaar,1,8,2026-10-01T02:05:25+00:00,2026-10-02T01:11:51+00:00,,,,2026-10-02 00:45:34 UTC,https://bazaar.abuse.ch/export/txt/sha256/recent/,Zərərli fayl hash-i (SHA256)
sha256,ad683f7ae2c912ef502fd802f256094fceaa238260115caaefb1913a13abd5e2,66,medium,MalwareBazaar,1,8,2026-10-01T02:05:25+00:00,2026-10-02T01:11:51+00:00,,,,2026-10-02 00:45:34 UTC,https://bazaar.abuse.ch/export/txt/sha256/recent/,Zərərli fayl hash-i (SHA256)
sha256,c6ed5159a2977e28a201c906b475cedaff3532d2afe0dbee5d896733861f8508,66,medium,MalwareBazaar,1,8,2026-10-01T02:05:25+00:00,2026-10-02T01:11:51+00:00,,,,2026-10-02 00:45:34 UTC,https://bazaar.abuse.ch/export/txt/sha256/recent/,Zərərli fayl hash-i (SHA256)
sha256,36e21274de39c1ad1f0908d96a6b5ae2a0f437ea5c67df0322b524013bca76f2,66,medium,MalwareBazaar,1,8,2026-10-01T02:05:25+00:00,2026-10-02T01:11:51+00:00,,,,2026-10-02 00:45:34 UTC,https://bazaar.abuse.ch/export/txt/sha256/recent/,Zərərli fayl hash-i (SHA256)
sha256,b92dc85550bf0197eae94ef80539c3c096a23971388a2260a0d2405d616e0676,66,medium,MalwareBazaar,1,8,2026-10-01T02:05:25+00:00,2026-10-02T01:11:51+00:00,,,,2026-10-02 00:45:34 UTC,https://bazaar.abuse.ch/export/txt/sha256/recent/,Zərərli fayl hash-i (SHA256)
sha256,6ce9caa94f47fef87c97a48852036cfe078893d0ab9dfb934c74c916b2afc44c,66,medium,MalwareBazaar,1,8,2026-10-01T02:05:25+00:00,2026-10-02T01:11:51+00:00,,,,2026-10-02 00:45:34 UTC,https://bazaar.abuse.ch/export/txt/sha256/recent/,Zərərli fayl hash-i (SHA256)
sha256,9c50acdd28463b1c6352c71481b61f79bf2aeb8b84fd6d46ac8c19cc131f772f,66,medium,MalwareBazaar,1,8,2026-10-01T02:05:25+00:00,2026-10-02T01:11:51+00:00,,,,2026-10-02 00:45:34 UTC,https://bazaar.abuse.ch/export/txt/sha256/recent/,Zərərli fayl hash-i (SHA256)
sha256,59d0347273243ffab4755b6a87cd74a278d794f557094bba8f32931cc0fa8337,66,medium,MalwareBazaar,1,8,2026-10-01T02:05:25+00:00,2026-10-02T01:11:51+00:00,,,,2026-10-02 00:45:34 UTC,https://bazaar.abuse.ch/export/txt/sha256/recent/,Zərərli fayl hash-i (SHA256)
sha256,dd2bca08e208710f42009f553a5053e20560e54893c761e76851b416ae6cf15d,66,medium,MalwareBazaar,1,8,2026-10-01T02:05:25+00:00,2026-10-02T01:11:51+00:00,,,,2026-10-02 00:45:34 UTC,https://bazaar.abuse.ch/export/txt/sha256/recent/,Zərərli fayl hash-i (SHA256)
sha256,4e4bfdcfaf5008074ede4b1cda2028881dd68da3ee76b2cd99434fe8ecda895e,66,medium,MalwareBazaar,1,8,2026-10-01T02:05:25+00:00,2026-10-02T01:11:51+00:00,,,,2026-10-02 00:45:34 UTC,https://bazaar.abuse.ch/export/txt/sha256/recent/,Zərərli fayl hash-i (SHA256)
sha256,e829b9485cd264151b14344da97417ad3b852b2d48584a504968055a5ec73e7a,66,medium,MalwareBazaar,1,8,2026-10-01T02:05:25+00:00,2026-10-02T01:11:51+00:00,,,,2026-10-02 00:45:34 UTC,https://bazaar.abuse.ch/export/txt/sha256/recent/,Zərərli fayl hash-i (SHA256)
sha256,20dab8a35d9e8ece39443c974d3646685151779a561bc73b22119bef8a2d4c38,66,medium,MalwareBazaar,1,8,2026-10-01T02:05:25+00:00,2026-10-02T01:11:51+00:00,,,,2026-10-02 00:45:34 UTC,https://bazaar.abuse.ch/export/txt/sha256/recent/,Zərərli fayl hash-i (SHA256)
sha256,5dc64fa890e83385e3444a805853746ad8f765da618499ddc759a78f9b6e41dc,66,medium,MalwareBazaar,1,8,2026-10-01T02:05:25+00:00,2026-10-02T01:11:51+00:00,,,,2026-10-02 00:45:34 UTC,https://bazaar.abuse.ch/export/txt/sha256/recent/,Zərərli fayl hash-i (SHA256)
sha256,be6582a665d85184d764c46f8ea81f6b010735a3b41c293b59dc50a035707d28,66,medium,MalwareBazaar,1,8,2026-10-01T02:05:25+00:00,2026-10-02T01:11:51+00:00,,,,2026-10-02 00:45:34 UTC,https://bazaar.abuse.ch/export/txt/sha256/recent/,Zərərli fayl hash-i (SHA256)
sha256,96997d308331e6c5003f6f0ba0a8ff7f48c54aea930396daa9f5ddb452c7d20d,66,medium,MalwareBazaar,1,8,2026-10-01T02:05:25+00:00,2026-10-02T01:11:51+00:00,,,,2026-10-02 00:45:34 UTC,https://bazaar.abuse.ch/export/txt/sha256/recent/,Zərərli fayl hash-i (SHA256)
sha256,8d5d69739b6159eb93dbd396a92fe6dfb9639663d61a766b67be5c0bf7c8b248,66,medium,MalwareBazaar,1,8,2026-10-01T02:05:25+00:00,2026-10-02T01:11:51+00:00,,,,2026-10-02 00:45:34 UTC,https://bazaar.abuse.ch/export/txt/sha256/recent/,Zərərli fayl hash-i (SHA256)
sha256,ff18c5b918b2d2e33c072b93f0b3f94b7e38edb449f6331ecd35915254bd2f0c,66,medium,MalwareBazaar,1,8,2026-10-01T02:05:25+00:00,2026-10-02T01:11:51+00:00,,,,2026-10-02 00:45:34 UTC,https://bazaar.abuse.ch/export/txt/sha256/recent/,Zərərli fayl hash-i (SHA256)
sha256,4625bfede8751c78ba4d84d3c17cacfd94ccb785fa1dde94cbb407acbcafa617,66,medium,MalwareBazaar,1,8,2026-10-01T02:05:25+00:00,2026-10-02T01:11:51+00:00,,,,2026-10-02 00:45:34 UTC,https://bazaar.abuse.ch/export/txt/sha256/recent/,Zərərli fayl hash-i (SHA256)
sha256,fa5236960b5aeee81d04dfe73e5178801f11cf95ea6cab0f7244f57c843d3ee7,66,medium,MalwareBazaar,1,8,2026-10-01T02:05:25+00:00,2026-10-02T01:11:51+00:00,,,,2026-10-02 00:45:34 UTC,https://bazaar.abuse.ch/export/txt/sha256/recent/,Zərərli fayl hash-i (SHA256)
sha256,89a04f9fa426ed63437d676025959f61172434814d7615c1b1aa70291f2ef133,66,medium,MalwareBazaar,1,8,2026-10-01T02:05:25+00:00,2026-10-02T01:11:51+00:00,,,,2026-10-02 00:45:34 UTC,https://bazaar.abuse.ch/export/txt/sha256/recent/,Zərərli fayl hash-i (SHA256)
sha256,2f52b83ecc5a4c14afd95c1c8390e1b9230f75dc8ab1e4de2dd878038297fc87,66,medium,MalwareBazaar,1,8,2026-10-01T02:05:25+00:00,2026-10-02T01:11:51+00:00,,,,2026-10-02 00:45:34 UTC,https://bazaar.abuse.ch/export/txt/sha256/recent/,Zərərli fayl hash-i (SHA256)
sha256,ed45aa42467dacd2c74d69d6b14814dd4215cf0650879b2281edb205fa8c234b,66,medium,MalwareBazaar,1,8,2026-10-01T02:05:25+00:00,2026-10-02T01:11:51+00:00,,,,2026-10-02 00:45:34 UTC,https://bazaar.abuse.ch/export/txt/sha256/recent/,Zərərli fayl hash-i (SHA256)
sha256,46ba9a57ba7308e4a8e4197a0d3f73aa16af27b609d92fcc03e7079fa5231948,66,medium,MalwareBazaar,1,8,2026-10-01T02:05:25+00:00,2026-10-02T01:11:51+00:00,,,,2026-10-02 00:45:34 UTC,https://bazaar.abuse.ch/export/txt/sha256/recent/,Zərərli fayl hash-i (SHA256)
sha256,60c660cfb86fe605ac34c13e95f1b561bef79655814178cf8995793a6c264028,66,medium,MalwareBazaar,1,8,2026-10-01T02:05:25+00:00,2026-10-02T01:11:51+00:00,,,,2026-10-02 00:45:34 UTC,https://bazaar.abuse.ch/export/txt/sha256/recent/,Zərərli fayl hash-i (SHA256)
sha256,7429f4e61a614ea18564420d8c5e702fd9ea2889cdb518d2e368cc067e0a0cf6,66,medium,MalwareBazaar,1,8,2026-10-01T02:05:25+00:00,2026-10-02T01:11:51+00:00,,,,2026-10-02 00:45:34 UTC,https://bazaar.abuse.ch/export/txt/sha256/recent/,Zərərli fayl hash-i (SHA256)
sha256,8db0db09fbe1cc32c0774f8663e04be02aecc85ca375f090d822d1ff0e44d6cf,66,medium,MalwareBazaar,1,8,2026-10-01T02:05:25+00:00,2026-10-02T01:11:51+00:00,,,,2026-10-02 00:45:34 UTC,https://bazaar.abuse.ch/export/txt/sha256/recent/,Zərərli fayl hash-i (SHA256)
sha256,4e9a6325a9e7cfb4b9f6597439c13ec31a5051830b90784a2c712f152f6d221a,66,medium,MalwareBazaar,1,8,2026-10-01T02:05:25+00:00,2026-10-02T01:11:51+00:00,,,,2026-10-02 00:45:34 UTC,https://bazaar.abuse.ch/export/txt/sha256/recent/,Zərərli fayl hash-i (SHA256)
sha256,75c73edb8acbfb89c116399a3de90ed2331ecb7deb326d5daf543470471bc4e1,66,medium,MalwareBazaar,1,8,2026-10-01T02:05:25+00:00,2026-10-02T01:11:51+00:00,,,,2026-10-02 00:45:34 UTC,https://bazaar.abuse.ch/export/txt/sha256/recent/,Zərərli fayl hash-i (SHA256)
sha256,57d5a50ba25adb9655277317c163a2afbb95077386ecba245ecc8925220bf99e,66,medium,MalwareBazaar,1,8,2026-10-01T02:05:25+00:00,2026-10-02T01:11:51+00:00,,,,2026-10-02 00:45:34 UTC,https://bazaar.abuse.ch/export/txt/sha256/recent/,Zərərli fayl hash-i (SHA256)
sha256,c44ecbc9ff7f86662e60179a3942bf7fb9a07b8b2cbf1e77798ffeea6f898e37,66,medium,MalwareBazaar,1,8,2026-10-01T02:05:25+00:00,2026-10-02T01:11:51+00:00,,,,2026-10-02 00:45:34 UTC,https://bazaar.abuse.ch/export/txt/sha256/recent/,Zərərli fayl hash-i (SHA256)
sha256,47f6d3e47b1a56eb25eca9ba92dd6d7daedf3c7541f4555c517fffebc0db235b,66,medium,MalwareBazaar,1,8,2026-10-01T02:05:25+00:00,2026-10-02T01:11:51+00:00,,,,2026-10-02 00:45:34 UTC,https://bazaar.abuse.ch/export/txt/sha256/recent/,Zərərli fayl hash-i (SHA256)
sha256,32ac8608d00cbe88ff2d2f386bdb4b7f388ff4761a70f2681e952ac3965943ba,66,medium,MalwareBazaar,1,8,2026-10-01T02:05:25+00:00,2026-10-02T01:11:51+00:00,,,,2026-10-02 00:45:34 UTC,https://bazaar.abuse.ch/export/txt/sha256/recent/,Zərərli fayl hash-i (SHA256)
sha256,4a79e943eb94f1951759a9e8a7d61807b1eb0874c13e6b6a6760db4a403b7d36,66,medium,MalwareBazaar,1,8,2026-10-01T02:05:25+00:00,2026-10-02T01:11:51+00:00,,,,2026-10-02 00:45:34 UTC,https://bazaar.abuse.ch/export/txt/sha256/recent/,Zərərli fayl hash-i (SHA256)
sha256,462fc63b0aec41e4f0553ee1a37a55987aba0a54dd9ba2bccf02d1ad84a67a9d,66,medium,MalwareBazaar,1,8,2026-10-01T02:05:25+00:00,2026-10-02T01:11:51+00:00,,,,2026-10-02 00:45:34 UTC,https://bazaar.abuse.ch/export/txt/sha256/recent/,Zərərli fayl hash-i (SHA256)
sha256,9dfaf21a71e58bd2060eb86b627a0df058702652524941da0c28ebb83bc2412b,66,medium,MalwareBazaar,1,8,2026-10-01T02:05:25+00:00,2026-10-02T01:11:51+00:00,,,,2026-10-02 00:45:34 UTC,https://bazaar.abuse.ch/export/txt/sha256/recent/,Zərərli fayl hash-i (SHA256)
sha256,b57c40c8722d19162169ec22bd6249d82e372b29b87e4a8deaa3c6b09ee01b16,66,medium,MalwareBazaar,1,8,2026-10-01T02:05:25+00:00,2026-10-02T01:11:51+00:00,,,,2026-10-02 00:45:34 UTC,https://bazaar.abuse.ch/export/txt/sha256/recent/,Zərərli fayl hash-i (SHA256)
sha256,92f9d5ac6813ca77e92a511f584bbc2017dd8b92cebb60bfc20a83df33f2631e,66,medium,MalwareBazaar,1,8,2026-10-01T02:05:25+00:00,2026-10-02T01:11:51+00:00,,,,2026-10-02 00:45:34 UTC,https://bazaar.abuse.ch/export/txt/sha256/recent/,Zərərli fayl hash-i (SHA256)
sha256,df703fb731180cfc090c985d06a5d5b0ee764b9a970c0ed7a2205ad34af48400,66,medium,MalwareBazaar,1,8,2026-10-01T02:05:25+00:00,2026-10-02T01:11:51+00:00,,,,2026-10-02 00:45:34 UTC,https://bazaar.abuse.ch/export/txt/sha256/recent/,Zərərli fayl hash-i (SHA256)
sha256,a8e94547f655de34a6efdc4d77cdf857cef022cf9ad951d0de67cf25473fe58d,66,medium,MalwareBazaar,1,8,2026-10-01T02:05:25+00:00,2026-10-02T01:11:51+00:00,,,,2026-10-02 00:45:34 UTC,https://bazaar.abuse.ch/export/txt/sha256/recent/,Zərərli fayl hash-i (SHA256)
sha256,2731ec852d3fb2d6da239978f376ffc94c86ac484b4521dfaef944388fd3fcae,66,medium,MalwareBazaar,1,8,2026-10-01T02:05:25+00:00,2026-10-02T01:11:51+00:00,,,,2026-10-02 00:45:34 UTC,https://bazaar.abuse.ch/export/txt/sha256/recent/,Zərərli fayl hash-i (SHA256)
sha256,fa4f87cf4a160adaf1ae493a24ae003a72bbbf6b20c283dd8da80e17ed8d4f0c,66,medium,MalwareBazaar,1,8,2026-10-01T02:05:25+00:00,2026-10-02T01:11:51+00:00,,,,2026-10-02 00:45:34 UTC,https://bazaar.abuse.ch/export/txt/sha256/recent/,Zərərli fayl hash-i (SHA256)
sha256,25f4118ae989c009c26943b29ad08553509947a72ee2e4374b5f26a2ba0b0399,66,medium,MalwareBazaar,1,8,2026-10-01T02:05:25+00:00,2026-10-02T01:11:51+00:00,,,,2026-10-02 00:45:34 UTC,https://bazaar.abuse.ch/export/txt/sha256/recent/,Zərərli fayl hash-i (SHA256)
sha256,64462398556533215f30bebfe9c62a18baaf0ed882407106d646a4ac053f79b3,66,medium,MalwareBazaar,1,8,2026-10-01T02:05:25+00:00,2026-10-02T01:11:51+00:00,,,,2026-10-02 00:45:34 UTC,https://bazaar.abuse.ch/export/txt/sha256/recent/,Zərərli fayl hash-i (SHA256)
sha256,e5f9cf89459a82e09b351021a182b41463feed3439cf775e76a988970c98b937,66,medium,MalwareBazaar,1,8,2026-10-01T02:05:25+00:00,2026-10-02T01:11:51+00:00,,,,2026-10-02 00:45:34 UTC,https://bazaar.abuse.ch/export/txt/sha256/recent/,Zərərli fayl hash-i (SHA256)
sha256,900ef753fe18d8d86c8ef735983590c65b378d03ffe6f546925a6b1c928e134a,66,medium,MalwareBazaar,1,8,2026-10-01T02:05:25+00:00,2026-10-02T01:11:51+00:00,,,,2026-10-02 00:45:34 UTC,https://bazaar.abuse.ch/export/txt/sha256/recent/,Zərərli fayl hash-i (SHA256)
sha256,0c5f5128863d2941055e187b3e9346a072230bff005a5bbf924c2664d561e121,66,medium,MalwareBazaar,1,8,2026-10-01T02:05:25+00:00,2026-10-02T01:11:51+00:00,,,,2026-10-02 00:45:34 UTC,https://bazaar.abuse.ch/export/txt/sha256/recent/,Zərərli fayl hash-i (SHA256)
sha256,57d380ea2a26ea9417f6f29439faa74ca4714f1e387da00966414262e23cb58f,66,medium,MalwareBazaar,1,8,2026-10-01T02:05:25+00:00,2026-10-02T01:11:51+00:00,,,,2026-10-02 00:45:34 UTC,https://bazaar.abuse.ch/export/txt/sha256/recent/,Zərərli fayl hash-i (SHA256)
sha256,8de70090fceb1fe920e766e6af7c64d7a15e5172ec1315f83e0f9030dd28c354,66,medium,MalwareBazaar,1,8,2026-10-01T02:05:25+00:00,2026-10-02T01:11:51+00:00,,,,2026-10-02 00:45:34 UTC,https://bazaar.abuse.ch/export/txt/sha256/recent/,Zərərli fayl hash-i (SHA256)
sha256,0f8fcbb8b07a3a3555c2fa2d1deaf2e314ca034e1d591922c647bb6689ddadd7,66,medium,MalwareBazaar,1,8,2026-10-01T02:05:25+00:00,2026-10-02T01:11:51+00:00,,,,2026-10-02 00:45:34 UTC,https://bazaar.abuse.ch/export/txt/sha256/recent/,Zərərli fayl hash-i (SHA256)
sha256,4cb75775ee2f88f315353e180dd516551d0dd1fb3e41a6b6a2e93a988ddfc9ca,66,medium,MalwareBazaar,1,8,2026-10-01T02:05:25+00:00,2026-10-02T01:11:51+00:00,,,,2026-10-02 00:45:34 UTC,https://bazaar.abuse.ch/export/txt/sha256/recent/,Zərərli fayl hash-i (SHA256)
sha256,9d809607203d739d334e4cca3650761e4dcb2024089af4273e10d3e05d65c52c,66,medium,MalwareBazaar,1,8,2026-10-01T02:05:25+00:00,2026-10-02T01:11:51+00:00,,,,2026-10-02 00:45:34 UTC,https://bazaar.abuse.ch/export/txt/sha256/recent/,Zərərli fayl hash-i (SHA256)
sha256,5df66da2a9a6cf62c34f5521392665744ccdd568e50a2a825b554fee895f7453,66,medium,MalwareBazaar,1,8,2026-10-01T02:05:25+00:00,2026-10-02T01:11:51+00:00,,,,2026-10-02 00:45:34 UTC,https://bazaar.abuse.ch/export/txt/sha256/recent/,Zərərli fayl hash-i (SHA256)
sha256,fa10747c83596b444b553166f6d9752e235dc043c8d276d5eb56e47c49a49412,66,medium,MalwareBazaar,1,8,2026-10-01T02:05:25+00:00,2026-10-02T01:11:51+00:00,,,,2026-10-02 00:45:34 UTC,https://bazaar.abuse.ch/export/txt/sha256/recent/,Zərərli fayl hash-i (SHA256)
sha256,4642639dc64e95d1b2bc142a6dfec376cf55cf313370e7fd434b95a5cc792bb4,66,medium,MalwareBazaar,1,8,2026-10-01T02:05:25+00:00,2026-10-02T01:11:51+00:00,,,,2026-10-02 00:45:34 UTC,https://bazaar.abuse.ch/export/txt/sha256/recent/,Zərərli fayl hash-i (SHA256)
sha256,5e1e89aa6a72d7aeb2f6c710e0a7f0c673377f088cb187e8623b8a60d5be8792,66,medium,MalwareBazaar,1,8,2026-10-01T02:05:25+00:00,2026-10-02T01:11:51+00:00,,,,2026-10-02 00:45:34 UTC,https://bazaar.abuse.ch/export/txt/sha256/recent/,Zərərli fayl hash-i (SHA256)
sha256,da22fa6584627568bbee2501b5b58d2d53f766a2dcf7fc75abb5fdb8beee68bd,66,medium,MalwareBazaar,1,8,2026-10-01T02:05:25+00:00,2026-10-02T01:11:51+00:00,,,,2026-10-02 00:45:34 UTC,https://bazaar.abuse.ch/export/txt/sha256/recent/,Zərərli fayl hash-i (SHA256)
sha256,baf1b5d49623ad32cef0b3ce4b7d2cde4b205bf4c0f20968c9190a6c6d462fcc,66,medium,MalwareBazaar,1,8,2026-10-01T02:05:25+00:00,2026-10-02T01:11:51+00:00,,,,2026-10-02 00:45:34 UTC,https://bazaar.abuse.ch/export/txt/sha256/recent/,Zərərli fayl hash-i (SHA256)
sha256,b6376f4ba9be422d1dc5e8a26e367090d87fd880b73a02237937720ae1eeb394,66,medium,MalwareBazaar,1,8,2026-10-01T02:05:25+00:00,2026-10-02T01:11:51+00:00,,,,2026-10-02 00:45:34 UTC,https://bazaar.abuse.ch/export/txt/sha256/recent/,Zərərli fayl hash-i (SHA256)
sha256,904be243ad96ab64bb8c8ae261f2e1a75b9108c90c5e76fae9b6f1362792cc8d,66,medium,MalwareBazaar,1,8,2026-10-01T02:05:25+00:00,2026-10-02T01:11:51+00:00,,,,2026-10-02 00:45:34 UTC,https://bazaar.abuse.ch/export/txt/sha256/recent/,Zərərli fayl hash-i (SHA256)
sha256,05328bd4ff7e54df043532cdc91a9ef7c2328583a058dbf1260ebc24827eb001,66,medium,MalwareBazaar,1,8,2026-10-01T02:05:25+00:00,2026-10-02T01:11:51+00:00,,,,2026-10-02 00:45:34 UTC,https://bazaar.abuse.ch/export/txt/sha256/recent/,Zərərli fayl hash-i (SHA256)
sha256,e43044d789e8b37333a7b919f7bbee52d6091c21d1e77941d2f9a369c3dded2a,66,medium,MalwareBazaar,1,8,2026-10-01T02:05:25+00:00,2026-10-02T01:11:51+00:00,,,,2026-10-02 00:45:34 UTC,https://bazaar.abuse.ch/export/txt/sha256/recent/,Zərərli fayl hash-i (SHA256)
sha256,f7914bc01cc7681047160cdb1c34d6cb548c16045cb4ef4a868de43f9b8f6844,66,medium,MalwareBazaar,1,8,2026-10-01T02:05:25+00:00,2026-10-02T01:11:51+00:00,,,,2026-10-02 00:45:34 UTC,https://bazaar.abuse.ch/export/txt/sha256/recent/,Zərərli fayl hash-i (SHA256)
sha256,c89dfe68747f300a3a2eef694544c2831ef411c38fbe5750d98add68f3462ea0,66,medium,MalwareBazaar,1,8,2026-10-01T02:05:25+00:00,2026-10-02T01:11:51+00:00,,,,2026-10-02 00:45:34 UTC,https://bazaar.abuse.ch/export/txt/sha256/recent/,Zərərli fayl hash-i (SHA256)
sha256,dada5f36380bdc60e922b8dcb37b92fd603bcd6f6e691102270d2274e37b4827,66,medium,MalwareBazaar,1,8,2026-10-01T02:05:25+00:00,2026-10-02T01:11:51+00:00,,,,2026-10-02 00:45:34 UTC,https://bazaar.abuse.ch/export/txt/sha256/recent/,Zərərli fayl hash-i (SHA256)
sha256,05913ee2a25cc2de7dc10ed47f6d74b4773d722c021d94b4aa6734243401dfdc,66,medium,MalwareBazaar,1,8,2026-10-01T02:05:25+00:00,2026-10-02T01:11:51+00:00,,,,2026-10-02 00:45:34 UTC,https://bazaar.abuse.ch/export/txt/sha256/recent/,Zərərli fayl hash-i (SHA256)
sha256,d5b75afa907d0319cb882da437539b700ca446ace13407bd3c84f9f003bab411,66,medium,MalwareBazaar,1,8,2026-10-01T02:05:25+00:00,2026-10-02T01:11:51+00:00,,,,2026-10-02 00:45:34 UTC,https://bazaar.abuse.ch/export/txt/sha256/recent/,Zərərli fayl hash-i (SHA256)
sha256,e21fc021a38e474746c2f3a4fb06e4d85ce64d2bbc107041e2c97cdf721d80bc,66,medium,MalwareBazaar,1,8,2026-10-01T02:05:25+00:00,2026-10-02T01:11:51+00:00,,,,2026-10-02 00:45:34 UTC,https://bazaar.abuse.ch/export/txt/sha256/recent/,Zərərli fayl hash-i (SHA256)
sha256,117a7ca405f65e3bc770fac74903e490011c35e65e1c359e8bea546841919da3,66,medium,MalwareBazaar,1,8,2026-10-01T02:05:25+00:00,2026-10-02T01:11:51+00:00,,,,2026-10-02 00:45:34 UTC,https://bazaar.abuse.ch/export/txt/sha256/recent/,Zərərli fayl hash-i (SHA256)
sha256,a8ec3432b30979327e26ef804d8014565240a5e3490690f305a0e4c9e15aa559,66,medium,MalwareBazaar,1,8,2026-10-01T02:05:25+00:00,2026-10-02T01:11:51+00:00,,,,2026-10-02 00:45:34 UTC,https://bazaar.abuse.ch/export/txt/sha256/recent/,Zərərli fayl hash-i (SHA256)
sha256,130e3e202b4c17ac6afea9a944739b3cbfe4a4f26b3a3f06b877588f4f0e256e,66,medium,MalwareBazaar,1,8,2026-10-01T02:05:25+00:00,2026-10-02T01:11:51+00:00,,,,2026-10-02 00:45:34 UTC,https://bazaar.abuse.ch/export/txt/sha256/recent/,Zərərli fayl hash-i (SHA256)
sha256,7ccc09334c38cabc95ba4eb5ba41faa6167dbdff9faf23105b3c92e98f803774,66,medium,MalwareBazaar,1,8,2026-10-01T02:05:25+00:00,2026-10-02T01:11:51+00:00,,,,2026-10-02 00:45:34 UTC,https://bazaar.abuse.ch/export/txt/sha256/recent/,Zərərli fayl hash-i (SHA256)
sha256,334787dcea96690e2816b16ac6f5f02771c29ffcb691832dcc154a201e473a5c,66,medium,MalwareBazaar,1,8,2026-10-01T02:05:25+00:00,2026-10-02T01:11:51+00:00,,,,2026-10-02 00:45:34 UTC,https://bazaar.abuse.ch/export/txt/sha256/recent/,Zərərli fayl hash-i (SHA256)
sha256,981462933077e0ceece8b21dc32faf8f292e8ff878ae0e342eec0229e1b57d8c,66,medium,MalwareBazaar,1,8,2026-10-01T02:05:25+00:00,2026-10-02T01:11:51+00:00,,,,2026-10-02 00:45:34 UTC,https://bazaar.abuse.ch/export/txt/sha256/recent/,Zərərli fayl hash-i (SHA256)
sha256,f04343dea19a7571b3a7bb3e523b9d32d8e50d58201e60e7770e4a72648fbe64,66,medium,MalwareBazaar,1,8,2026-10-01T02:05:25+00:00,2026-10-02T01:11:51+00:00,,,,2026-10-02 00:45:34 UTC,https://bazaar.abuse.ch/export/txt/sha256/recent/,Zərərli fayl hash-i (SHA256)
sha256,f904eca10c253c1cfc8f9e44c8c21360c4857f7967ef591db8910e0e44985fe6,66,medium,MalwareBazaar,1,8,2026-10-01T02:05:25+00:00,2026-10-02T01:11:51+00:00,,,,2026-10-02 00:45:34 UTC,https://bazaar.abuse.ch/export/txt/sha256/recent/,Zərərli fayl hash-i (SHA256)
sha256,5ecfc1826938bf3f2b3212788fbd94eed23388d6ae8c80895d43fb934b0f3e0c,66,medium,MalwareBazaar,1,8,2026-10-01T02:05:25+00:00,2026-10-02T01:11:51+00:00,,,,2026-10-02 00:45:34 UTC,https://bazaar.abuse.ch/export/txt/sha256/recent/,Zərərli fayl hash-i (SHA256)
sha256,566f16d07ed078f574d35cbfa1ca7efca6843fdc364725df981f9d95e26741cd,66,medium,MalwareBazaar,1,8,2026-10-01T02:05:25+00:00,2026-10-02T01:11:51+00:00,,,,2026-10-02 00:45:34 UTC,https://bazaar.abuse.ch/export/txt/sha256/recent/,Zərərli fayl hash-i (SHA256)
sha256,a964a420b73c720a93354ec5d3e4143d01ce93725117e52cb89cedd5c8d98931,66,medium,MalwareBazaar,1,8,2026-10-01T02:05:25+00:00,2026-10-02T01:11:51+00:00,,,,2026-10-02 00:45:34 UTC,https://bazaar.abuse.ch/export/txt/sha256/recent/,Zərərli fayl hash-i (SHA256)
sha256,74f9ff9f9630f76926286dc42ee469ac4df44dc36e9e02f6309d559d3a76b75b,66,medium,MalwareBazaar,1,8,2026-10-01T02:05:25+00:00,2026-10-02T01:11:51+00:00,,,,2026-10-02 00:45:34 UTC,https://bazaar.abuse.ch/export/txt/sha256/recent/,Zərərli fayl hash-i (SHA256)
sha256,134e012f340b9616787422c7e9d3d3db43f83abb1e19efc613bcf1c433ff992a,66,medium,MalwareBazaar,1,8,2026-10-01T02:05:25+00:00,2026-10-02T01:11:51+00:00,,,,2026-10-02 00:45:34 UTC,https://bazaar.abuse.ch/export/txt/sha256/recent/,Zərərli fayl hash-i (SHA256)
sha256,6cabe8fbd5d6055487cf87ffd78d968c70e443fbd7328911ddaa49a7da7e1c56,66,medium,MalwareBazaar,1,8,2026-10-01T02:05:25+00:00,2026-10-02T01:11:51+00:00,,,,2026-10-02 00:45:34 UTC,https://bazaar.abuse.ch/export/txt/sha256/recent/,Zərərli fayl hash-i (SHA256)
sha256,df7bbe678d679725ed78c78ad23d1caea50e3c06d6da23cb087a55959c711f2d,66,medium,MalwareBazaar,1,8,2026-10-01T02:05:25+00:00,2026-10-02T01:11:51+00:00,,,,2026-10-02 00:45:34 UTC,https://bazaar.abuse.ch/export/txt/sha256/recent/,Zərərli fayl hash-i (SHA256)
sha256,e4ac0f86f31b76ae1f8e81dafa68abe025053cb17e3c1a85e4de740931fd494a,66,medium,MalwareBazaar,1,8,2026-10-01T02:05:25+00:00,2026-10-02T01:11:51+00:00,,,,2026-10-02 00:45:34 UTC,https://bazaar.abuse.ch/export/txt/sha256/recent/,Zərərli fayl hash-i (SHA256)
sha256,31052cb3bf27c7cacd2008e4bb875929bebae7da347b18ac1737bff3cb41eff3,66,medium,MalwareBazaar,1,8,2026-10-01T02:05:25+00:00,2026-10-02T01:11:51+00:00,,,,2026-10-02 00:45:34 UTC,https://bazaar.abuse.ch/export/txt/sha256/recent/,Zərərli fayl hash-i (SHA256)
sha256,92c8c99af3bdd8bc48242b0b30a742f6dc946a352b5a6047520fe73576b2637e,66,medium,MalwareBazaar,1,8,2026-10-01T02:05:25+00:00,2026-10-02T01:11:51+00:00,,,,2026-10-02 00:45:34 UTC,https://bazaar.abuse.ch/export/txt/sha256/recent/,Zərərli fayl hash-i (SHA256)
sha256,dbb314012d8274a918884efeaa3501b31367e0c89386b81de23d60c1efa0cab3,66,medium,MalwareBazaar,1,8,2026-10-01T02:05:25+00:00,2026-10-02T01:11:51+00:00,,,,2026-10-02 00:45:34 UTC,https://bazaar.abuse.ch/export/txt/sha256/recent/,Zərərli fayl hash-i (SHA256)
sha256,73e4f1ab2f9def12d230c086ba9c1de5ed737530306180fca334cad034c587ba,66,medium,MalwareBazaar,1,8,2026-10-01T02:05:25+00:00,2026-10-02T01:11:51+00:00,,,,2026-10-02 00:45:34 UTC,https://bazaar.abuse.ch/export/txt/sha256/recent/,Zərərli fayl hash-i (SHA256)
sha256,d915a6fc0c35987caf6db0ec4da18b43dc87af1143138b1c888e9d169e932fb2,66,medium,MalwareBazaar,1,8,2026-10-01T02:05:25+00:00,2026-10-02T01:11:51+00:00,,,,2026-10-02 00:45:34 UTC,https://bazaar.abuse.ch/export/txt/sha256/recent/,Zərərli fayl hash-i (SHA256)
sha256,74c6c9f2c96e8e7b203e13352ed6d956d272775da8def9635bbfa68537151d95,66,medium,MalwareBazaar,1,8,2026-10-01T02:05:25+00:00,2026-10-02T01:11:51+00:00,,,,2026-10-02 00:45:34 UTC,https://bazaar.abuse.ch/export/txt/sha256/recent/,Zərərli fayl hash-i (SHA256)
sha256,eb66a153d4efbbc1a875d3e9f197c0393ba2e9250c972d050821f32ed20fe3e2,66,medium,MalwareBazaar,1,8,2026-10-01T02:05:25+00:00,2026-10-02T01:11:51+00:00,,,,2026-10-02 00:45:34 UTC,https://bazaar.abuse.ch/export/txt/sha256/recent/,Zərərli fayl hash-i (SHA256)
sha256,496201bcd5b16c1ae13ee13a8589919521a1fec974d3064a2969a71e3038048b,66,medium,MalwareBazaar,1,8,2026-10-01T02:05:25+00:00,2026-10-02T01:11:51+00:00,,,,2026-10-02 00:45:34 UTC,https://bazaar.abuse.ch/export/txt/sha256/recent/,Zərərli fayl hash-i (SHA256)
sha256,59e1205cdec5c79c19e4a6b3dc80c1816717156111ef34080e82436d57e47866,66,medium,MalwareBazaar,1,8,2026-10-01T02:05:25+00:00,2026-10-02T01:11:51+00:00,,,,2026-10-02 00:45:34 UTC,https://bazaar.abuse.ch/export/txt/sha256/recent/,Zərərli fayl hash-i (SHA256)
sha256,a98178d4080f2fbc9281eb79be39cb5ec7906db27d221d3e05e413ed3b5e492d,66,medium,MalwareBazaar,1,8,2026-10-01T02:05:25+00:00,2026-10-02T01:11:51+00:00,,,,2026-10-02 00:45:34 UTC,https://bazaar.abuse.ch/export/txt/sha256/recent/,Zərərli fayl hash-i (SHA256)
sha256,9bd5581518f5dd65131da16bdf34072dca55b3b6121f4ad1090d2cf5e28f691c,66,medium,MalwareBazaar,1,8,2026-10-01T02:05:25+00:00,2026-10-02T01:11:51+00:00,,,,2026-10-02 00:45:34 UTC,https://bazaar.abuse.ch/export/txt/sha256/recent/,Zərərli fayl hash-i (SHA256)
sha256,47d668860fad5c51f213d55587aaf7de2f3f02cd2c4b27d8a6a434517d0b79a2,66,medium,MalwareBazaar,1,8,2026-10-01T02:05:25+00:00,2026-10-02T01:11:51+00:00,,,,2026-10-02 00:45:34 UTC,https://bazaar.abuse.ch/export/txt/sha256/recent/,Zərərli fayl hash-i (SHA256)
sha256,136d36df1475e71d9bc33fb8a75cf7092e5507792f23d6bfff7440a17b0f076e,66,medium,MalwareBazaar,1,8,2026-10-01T02:05:25+00:00,2026-10-02T01:11:51+00:00,,,,2026-10-02 00:45:34 UTC,https://bazaar.abuse.ch/export/txt/sha256/recent/,Zərərli fayl hash-i (SHA256)
sha256,7c0777d3bb15d39c902825936f47393cf25df2316059f4e296f5ec3243e800fc,66,medium,MalwareBazaar,1,8,2026-10-01T02:05:25+00:00,2026-10-02T01:11:51+00:00,,,,2026-10-02 00:45:34 UTC,https://bazaar.abuse.ch/export/txt/sha256/recent/,Zərərli fayl hash-i (SHA256)
sha256,f2ea31b17031e00d5bc0c565764ae5c13f8e29db137c756310a6035b5f4a2c58,66,medium,MalwareBazaar,1,8,2026-10-01T02:05:25+00:00,2026-10-02T01:11:51+00:00,,,,2026-10-02 00:45:34 UTC,https://bazaar.abuse.ch/export/txt/sha256/recent/,Zərərli fayl hash-i (SHA256)
sha256,948804a9a1599b0ef0d72938e262429c4efea8d97186661d7ca2aac2317812e2,66,medium,MalwareBazaar,1,8,2026-10-01T02:05:25+00:00,2026-10-02T01:11:51+00:00,,,,2026-10-02 00:45:34 UTC,https://bazaar.abuse.ch/export/txt/sha256/recent/,Zərərli fayl hash-i (SHA256)
sha256,72de1975db60772192ea98a5c73a2f599997a202c16257bd1958fa9066f8e466,66,medium,MalwareBazaar,1,8,2026-10-01T02:05:25+00:00,2026-10-02T01:11:51+00:00,,,,2026-10-02 00:45:34 UTC,https://bazaar.abuse.ch/export/txt/sha256/recent/,Zərərli fayl hash-i (SHA256)
sha256,1cd6c78ed6769819d03fbb748209f9f3493cec06b050baf5c402671b57632a46,66,medium,MalwareBazaar,1,8,2026-10-01T02:05:25+00:00,2026-10-02T01:11:51+00:00,,,,2026-10-02 00:45:34 UTC,https://bazaar.abuse.ch/export/txt/sha256/recent/,Zərərli fayl hash-i (SHA256)
sha256,8a4214bf59af8622727edfdd720402f3535465701d5c536f10ccabb2fc5cdb33,66,medium,MalwareBazaar,1,8,2026-10-01T02:05:25+00:00,2026-10-02T01:11:51+00:00,,,,2026-10-02 00:45:34 UTC,https://bazaar.abuse.ch/export/txt/sha256/recent/,Zərərli fayl hash-i (SHA256)
sha256,af3c3bc1808903b8c5efdfd6f7817c400f6c3652e22cea7ef46345877a59342a,66,medium,MalwareBazaar,1,8,2026-10-01T02:05:25+00:00,2026-10-02T01:11:51+00:00,,,,2026-10-02 00:45:34 UTC,https://bazaar.abuse.ch/export/txt/sha256/recent/,Zərərli fayl hash-i (SHA256)
sha256,427bf5324d72089825d253b3515c0d3615cf65623ff59705ad3b2d6a347bc4b5,66,medium,MalwareBazaar,1,8,2026-10-01T02:05:25+00:00,2026-10-02T01:11:51+00:00,,,,2026-10-02 00:45:34 UTC,https://bazaar.abuse.ch/export/txt/sha256/recent/,Zərərli fayl hash-i (SHA256)
sha256,b8345cf70594c26324e6a416a2e460a6849f08a50ed901772db61eb80750726a,66,medium,MalwareBazaar,1,8,2026-10-01T02:05:25+00:00,2026-10-02T01:11:51+00:00,,,,2026-10-02 00:45:34 UTC,https://bazaar.abuse.ch/export/txt/sha256/recent/,Zərərli fayl hash-i (SHA256)
sha256,f94bfad5371c9a30334f4149c4de23009dabeed9b6b69462236e2e60db1aacb1,66,medium,MalwareBazaar,1,8,2026-10-01T02:05:25+00:00,2026-10-02T01:11:51+00:00,,,,2026-10-02 00:45:34 UTC,https://bazaar.abuse.ch/export/txt/sha256/recent/,Zərərli fayl hash-i (SHA256)
sha256,5e491de9a7635dc3a57305b9d4c48d7efc8187b1f995acb5e4fa785736a01d22,66,medium,MalwareBazaar,1,8,2026-10-01T02:05:25+00:00,2026-10-02T01:11:51+00:00,,,,2026-10-02 00:45:34 UTC,https://bazaar.abuse.ch/export/txt/sha256/recent/,Zərərli fayl hash-i (SHA256)
sha256,4f67e0b3cfcf0297cd4cbc6449abf39962d2c40981bfd8f23a832b634e075a4a,66,medium,MalwareBazaar,1,8,2026-10-01T02:05:25+00:00,2026-10-02T01:11:51+00:00,,,,2026-10-02 00:45:34 UTC,https://bazaar.abuse.ch/export/txt/sha256/recent/,Zərərli fayl hash-i (SHA256)
sha256,ebbfe99f9be30859d9948d905222769c8f8d690158e1baaaad14088e39adf282,66,medium,MalwareBazaar,1,8,2026-10-01T02:05:25+00:00,2026-10-02T01:11:51+00:00,,,,2026-10-02 00:45:34 UTC,https://bazaar.abuse.ch/export/txt/sha256/recent/,Zərərli fayl hash-i (SHA256)
sha256,f5fd7750c893af2e8805bc5aef4541200272d043a22efb6b87c59a816ce905a8,66,medium,MalwareBazaar,1,8,2026-10-01T02:05:25+00:00,2026-10-02T01:11:51+00:00,,,,2026-10-02 00:45:34 UTC,https://bazaar.abuse.ch/export/txt/sha256/recent/,Zərərli fayl hash-i (SHA256)
sha256,de6ab4878d659cbf6c912429800d335086f70f9a1a54b6475a12b8a4334d1fe9,66,medium,MalwareBazaar,1,8,2026-10-01T02:05:25+00:00,2026-10-02T01:11:51+00:00,,,,2026-10-02 00:45:34 UTC,https://bazaar.abuse.ch/export/txt/sha256/recent/,Zərərli fayl hash-i (SHA256)
sha256,18062a5140b7f3488e2a63d3fea56f1065169f45759eedf0f310c2c316f2c2c6,66,medium,MalwareBazaar,1,8,2026-10-01T02:05:25+00:00,2026-10-02T01:11:51+00:00,,,,2026-10-02 00:45:34 UTC,https://bazaar.abuse.ch/export/txt/sha256/recent/,Zərərli fayl hash-i (SHA256)
sha256,8f887f787a74418da051d03f591b7b08664550eb8fed9f1642d977f606ef7eaa,66,medium,MalwareBazaar,1,8,2026-10-01T02:05:25+00:00,2026-10-02T01:11:51+00:00,,,,2026-10-02 00:45:34 UTC,https://bazaar.abuse.ch/export/txt/sha256/recent/,Zərərli fayl hash-i (SHA256)
sha256,10ebb20474532eec4293732cc3639c3c61b7a6e5247024c65230818adcc5a433,66,medium,MalwareBazaar,1,8,2026-10-01T02:05:25+00:00,2026-10-02T01:11:51+00:00,,,,2026-10-02 00:45:34 UTC,https://bazaar.abuse.ch/export/txt/sha256/recent/,Zərərli fayl hash-i (SHA256)
sha256,ac5d62a69da73a6c6c62fa5f6fa2a77226a34568e84fcd5cc9461e18b521a758,66,medium,MalwareBazaar,1,8,2026-10-01T02:05:25+00:00,2026-10-02T01:11:51+00:00,,,,2026-10-02 00:45:34 UTC,https://bazaar.abuse.ch/export/txt/sha256/recent/,Zərərli fayl hash-i (SHA256)
sha256,a50900a3111e7f5632717a37b19091deb5fefb0e57c2bbcde1930620ec995ec5,66,medium,MalwareBazaar,1,8,2026-10-01T02:05:25+00:00,2026-10-02T01:11:51+00:00,,,,2026-10-02 00:45:34 UTC,https://bazaar.abuse.ch/export/txt/sha256/recent/,Zərərli fayl hash-i (SHA256)
sha256,d9d8ea56ef343d1e63fa5665ecd1084e60f65c0fe9a471ac8f357c597e3613e1,66,medium,MalwareBazaar,1,8,2026-10-01T02:05:25+00:00,2026-10-02T01:11:51+00:00,,,,2026-10-02 00:45:34 UTC,https://bazaar.abuse.ch/export/txt/sha256/recent/,Zərərli fayl hash-i (SHA256)
sha256,c07ab9f66f39cb1423c8cc72782f3c5254c116bab2e239673eefbc54948659b9,66,medium,MalwareBazaar,1,8,2026-10-01T02:05:25+00:00,2026-10-02T01:11:51+00:00,,,,2026-10-02 00:45:34 UTC,https://bazaar.abuse.ch/export/txt/sha256/recent/,Zərərli fayl hash-i (SHA256)
sha256,b00d16792a16077d0a3e0a16149c1c7c0dc70ddf0147cea7c155c6f2dfa55032,66,medium,MalwareBazaar,1,8,2026-10-01T02:05:25+00:00,2026-10-02T01:11:51+00:00,,,,2026-10-02 00:45:34 UTC,https://bazaar.abuse.ch/export/txt/sha256/recent/,Zərərli fayl hash-i (SHA256)
sha256,00a1018204242147be0620ed850d74409a1e0da7fb991849740ca15a530b04ba,66,medium,MalwareBazaar,1,8,2026-10-01T02:05:25+00:00,2026-10-02T01:11:51+00:00,,,,2026-10-02 00:45:34 UTC,https://bazaar.abuse.ch/export/txt/sha256/recent/,Zərərli fayl hash-i (SHA256)
sha256,69b17e5f3531dc3fa8e7d1ca4fe516ef5a575ff1d8a47ccecd17be8337d3be2c,66,medium,MalwareBazaar,1,8,2026-10-01T02:05:25+00:00,2026-10-02T01:11:51+00:00,,,,2026-10-02 00:45:34 UTC,https://bazaar.abuse.ch/export/txt/sha256/recent/,Zərərli fayl hash-i (SHA256)
sha256,1ecb01adec3af3032989adfb1e79e0eb82d450430c6a868901e801e076dce030,66,medium,MalwareBazaar,1,8,2026-10-01T02:05:25+00:00,2026-10-02T01:11:51+00:00,,,,2026-10-02 00:45:34 UTC,https://bazaar.abuse.ch/export/txt/sha256/recent/,Zərərli fayl hash-i (SHA256)
sha256,1004a859d6e6509559172c2bb9a68549cc06688660dac750d7e1d4c343f927d3,66,medium,MalwareBazaar,1,8,2026-10-01T02:05:25+00:00,2026-10-02T01:11:51+00:00,,,,2026-10-02 00:45:34 UTC,https://bazaar.abuse.ch/export/txt/sha256/recent/,Zərərli fayl hash-i (SHA256)
sha256,d5017febf2f9b128d2fa5c575202bf2bb3efaf3c861734d4889278bb6b2b1f96,66,medium,MalwareBazaar,1,8,2026-10-01T02:05:25+00:00,2026-10-02T01:11:51+00:00,,,,2026-10-02 00:45:34 UTC,https://bazaar.abuse.ch/export/txt/sha256/recent/,Zərərli fayl hash-i (SHA256)
sha256,51411125ed12a9dae114511b4b7c5f0e8ee14b8cab86f92647d6dbbc450114c5,66,medium,MalwareBazaar,1,8,2026-10-01T02:05:25+00:00,2026-10-02T01:11:51+00:00,,,,2026-10-02 00:45:34 UTC,https://bazaar.abuse.ch/export/txt/sha256/recent/,Zərərli fayl hash-i (SHA256)
sha256,5295617257bfc7b31e3e72429a683e1d69b7bf9383620dffa56754ce851d0864,66,medium,MalwareBazaar,1,8,2026-10-01T02:05:25+00:00,2026-10-02T01:11:51+00:00,,,,2026-10-02 00:45:34 UTC,https://bazaar.abuse.ch/export/txt/sha256/recent/,Zərərli fayl hash-i (SHA256)
sha256,73094f400276795deb15f6297d58528e024138ab1b2dd57005d4108f89d7253b,66,medium,MalwareBazaar,1,8,2026-10-01T02:05:25+00:00,2026-10-02T01:11:51+00:00,,,,2026-10-02 00:45:34 UTC,https://bazaar.abuse.ch/export/txt/sha256/recent/,Zərərli fayl hash-i (SHA256)
sha256,174dbc02039af436613f492a86073791d364334bc645ffbbc4236e9a62d32032,66,medium,MalwareBazaar,1,8,2026-10-01T02:05:25+00:00,2026-10-02T01:11:51+00:00,,,,2026-10-02 00:45:34 UTC,https://bazaar.abuse.ch/export/txt/sha256/recent/,Zərərli fayl hash-i (SHA256)
sha256,219b6a17cc6396182eb34177940893c511bf02d9e08f99fa6246e63b1b10f7e9,66,medium,MalwareBazaar,1,8,2026-10-01T02:05:25+00:00,2026-10-02T01:11:51+00:00,,,,2026-10-02 00:45:34 UTC,https://bazaar.abuse.ch/export/txt/sha256/recent/,Zərərli fayl hash-i (SHA256)
sha256,495565141e708a35526c564e32a76a5bb9de1a6aaddf6d05ae59c0565b66d6e8,66,medium,MalwareBazaar,1,8,2026-10-01T02:05:25+00:00,2026-10-02T01:11:51+00:00,,,,2026-10-02 00:45:34 UTC,https://bazaar.abuse.ch/export/txt/sha256/recent/,Zərərli fayl hash-i (SHA256)
sha256,0794992cacb0566792c0a3d5caf01122aa0015fbb014abb512b09eb8b3a53bff,66,medium,MalwareBazaar,1,8,2026-10-01T02:05:25+00:00,2026-10-02T01:11:51+00:00,,,,2026-10-02 00:45:34 UTC,https://bazaar.abuse.ch/export/txt/sha256/recent/,Zərərli fayl hash-i (SHA256)
sha256,67b17ca00fbade5328efd11825f3db4539466074bfcaa0edc38e12aecca222ad,66,medium,MalwareBazaar,1,8,2026-10-01T02:05:25+00:00,2026-10-02T01:11:51+00:00,,,,2026-10-02 00:45:34 UTC,https://bazaar.abuse.ch/export/txt/sha256/recent/,Zərərli fayl hash-i (SHA256)
sha256,e4cf87d31ce05e0909033a02b3ea34379467b15d964615c02762313dc80c86a7,66,medium,MalwareBazaar,1,8,2026-10-01T02:05:25+00:00,2026-10-02T01:11:51+00:00,,,,2026-10-02 00:45:34 UTC,https://bazaar.abuse.ch/export/txt/sha256/recent/,Zərərli fayl hash-i (SHA256)
sha256,ab17364d33e70a6957e35317cc25b730c5d74bb4bc9eb7329c714d96c69dc8c8,66,medium,MalwareBazaar,1,8,2026-10-01T02:05:25+00:00,2026-10-02T01:11:51+00:00,,,,2026-10-02 00:45:34 UTC,https://bazaar.abuse.ch/export/txt/sha256/recent/,Zərərli fayl hash-i (SHA256)
sha256,2f97c02e4b1ab2df51d41f7a7381eae1d32c235e5713872ce44da7cf2674b919,66,medium,MalwareBazaar,1,8,2026-10-01T02:05:25+00:00,2026-10-02T01:11:51+00:00,,,,2026-10-02 00:45:34 UTC,https://bazaar.abuse.ch/export/txt/sha256/recent/,Zərərli fayl hash-i (SHA256)
sha256,1340a8b80db2b73fbe5bf294be8d6d5d8a647d0820bbf16afb0a1c97f8d4c68e,66,medium,MalwareBazaar,1,8,2026-10-01T02:05:25+00:00,2026-10-02T01:11:51+00:00,,,,2026-10-02 00:45:34 UTC,https://bazaar.abuse.ch/export/txt/sha256/recent/,Zərərli fayl hash-i (SHA256)
sha256,cb468e5bb3350b31ef2d5591e900cb1fb27d400f32af158a595a8ff14e2e1752,66,medium,MalwareBazaar,1,8,2026-10-01T02:05:25+00:00,2026-10-02T01:11:51+00:00,,,,2026-10-02 00:45:34 UTC,https://bazaar.abuse.ch/export/txt/sha256/recent/,Zərərli fayl hash-i (SHA256)
sha256,36fff810e4fb7de1f052330915dcb2b96413b83fd962cdd021c97537d06c75c2,66,medium,MalwareBazaar,1,8,2026-10-01T02:05:25+00:00,2026-10-02T01:11:51+00:00,,,,2026-10-02 00:45:34 UTC,https://bazaar.abuse.ch/export/txt/sha256/recent/,Zərərli fayl hash-i (SHA256)
sha256,91187f4bf340e717e88c03be6faa241ae270031fa656aa28038ed4e6ac0e0391,66,medium,MalwareBazaar,1,8,2026-10-01T02:05:25+00:00,2026-10-02T01:11:51+00:00,,,,2026-10-02 00:45:34 UTC,https://bazaar.abuse.ch/export/txt/sha256/recent/,Zərərli fayl hash-i (SHA256)
sha256,f94abc71678b5960f74d83610b9401d1a18e224c1da820273bb8f3bfee25c5f7,66,medium,MalwareBazaar,1,8,2026-10-01T02:05:25+00:00,2026-10-02T01:11:51+00:00,,,,2026-10-02 00:45:34 UTC,https://bazaar.abuse.ch/export/txt/sha256/recent/,Zərərli fayl hash-i (SHA256)
sha256,6cd3384dcd0e66c10af0c54916d41afe61a4b9ab411e782d0764ae3a4119329c,66,medium,MalwareBazaar,1,8,2026-10-01T02:05:25+00:00,2026-10-02T01:11:51+00:00,,,,2026-10-02 00:45:34 UTC,https://bazaar.abuse.ch/export/txt/sha256/recent/,Zərərli fayl hash-i (SHA256)
sha256,e67e6162c362efc29de15c4be46b7d9e3baaa64dfd8661bcc5b10fc20bbc4afc,66,medium,MalwareBazaar,1,8,2026-10-01T02:05:25+00:00,2026-10-02T01:11:51+00:00,,,,2026-10-02 00:45:34 UTC,https://bazaar.abuse.ch/export/txt/sha256/recent/,Zərərli fayl hash-i (SHA256)
sha256,3923fb20e3555b6895a1578ab4afa5c814e1995fa5d4b81df611c1cd9820c1b9,66,medium,MalwareBazaar,1,8,2026-10-01T02:05:25+00:00,2026-10-02T01:11:51+00:00,,,,2026-10-02 00:45:34 UTC,https://bazaar.abuse.ch/export/txt/sha256/recent/,Zərərli fayl hash-i (SHA256)
sha256,c4019975e8dc765bb9e71e67b30a9af7e1cb72b37784cd9f3bb0b366de9573f7,66,medium,MalwareBazaar,1,8,2026-10-01T02:05:25+00:00,2026-10-02T01:11:51+00:00,,,,2026-10-02 00:45:34 UTC,https://bazaar.abuse.ch/export/txt/sha256/recent/,Zərərli fayl hash-i (SHA256)
sha256,1891fedae960aabda453a3e122db58565936a811891ab678d889e82d3fec8cac,66,medium,MalwareBazaar,1,8,2026-10-01T02:05:25+00:00,2026-10-02T01:11:51+00:00,,,,2026-10-02 00:45:34 UTC,https://bazaar.abuse.ch/export/txt/sha256/recent/,Zərərli fayl hash-i (SHA256)
sha256,24510e4d2d6f4ae506d4acb3ab08c4cdfc027651b4c58024a2ede2ef5ea88058,66,medium,MalwareBazaar,1,8,2026-10-01T02:05:25+00:00,2026-10-02T01:11:51+00:00,,,,2026-10-02 00:45:34 UTC,https://bazaar.abuse.ch/export/txt/sha256/recent/,Zərərli fayl hash-i (SHA256)
sha256,89181b8c33f1688656aefc978c06e22e96bef602357f7fc10b87a36e250fdcf8,66,medium,MalwareBazaar,1,8,2026-10-01T02:05:25+00:00,2026-10-02T01:11:51+00:00,,,,2026-10-02 00:45:34 UTC,https://bazaar.abuse.ch/export/txt/sha256/recent/,Zərərli fayl hash-i (SHA256)
sha256,658d27da6621a26fb15b9ad179bae862172412f3ee4c2d2130dd868919ab9810,66,medium,MalwareBazaar,1,8,2026-10-01T02:05:25+00:00,2026-10-02T01:11:51+00:00,,,,2026-10-02 00:45:34 UTC,https://bazaar.abuse.ch/export/txt/sha256/recent/,Zərərli fayl hash-i (SHA256)
sha256,4c0aad7fbce4ba9f8259d341a5b3b63dbde696d67135d6f3856765f4f343f80a,66,medium,MalwareBazaar,1,8,2026-10-01T02:05:25+00:00,2026-10-02T01:11:51+00:00,,,,2026-10-02 00:45:34 UTC,https://bazaar.abuse.ch/export/txt/sha256/recent/,Zərərli fayl hash-i (SHA256)
sha256,d19aec3e4cdc4a3e9d59a7f535891b5d00d2cbd6cbe403800625ba5536ee4534,66,medium,MalwareBazaar,1,8,2026-10-01T02:05:25+00:00,2026-10-02T01:11:51+00:00,,,,2026-10-02 00:45:34 UTC,https://bazaar.abuse.ch/export/txt/sha256/recent/,Zərərli fayl hash-i (SHA256)
sha256,d90b3821fda77de61695f0e9aed493a9d1d11b412b95784d47727dc7ce8b934d,66,medium,MalwareBazaar,1,8,2026-10-01T02:05:25+00:00,2026-10-02T01:11:51+00:00,,,,2026-10-02 00:45:34 UTC,https://bazaar.abuse.ch/export/txt/sha256/recent/,Zərərli fayl hash-i (SHA256)
sha256,b8c79b148808d2049cc4b1e23203d6f46eae775d7f3e3ff2823c8b504ba3f061,66,medium,MalwareBazaar,1,8,2026-10-01T02:05:25+00:00,2026-10-02T01:11:51+00:00,,,,2026-10-02 00:45:34 UTC,https://bazaar.abuse.ch/export/txt/sha256/recent/,Zərərli fayl hash-i (SHA256)
sha256,6252087d1c9b806e18796605c21f203751811a2f6785123e357b6b0d3160f9cf,66,medium,MalwareBazaar,1,8,2026-10-01T02:05:25+00:00,2026-10-02T01:11:51+00:00,,,,2026-10-02 00:45:34 UTC,https://bazaar.abuse.ch/export/txt/sha256/recent/,Zərərli fayl hash-i (SHA256)
sha256,7b7db37a9e96183ef70ad5d9cf0785e8b6ceda8db57972dd923dc6c888f3f295,66,medium,MalwareBazaar,1,8,2026-10-01T02:05:25+00:00,2026-10-02T01:11:51+00:00,,,,2026-10-02 00:45:34 UTC,https://bazaar.abuse.ch/export/txt/sha256/recent/,Zərərli fayl hash-i (SHA256)
sha256,5661f19f5664fa7cb7893668677bfbbee7c02887a97edf187e6bb360b2223422,66,medium,MalwareBazaar,1,8,2026-10-01T02:05:25+00:00,2026-10-02T01:11:51+00:00,,,,2026-10-02 00:45:34 UTC,https://bazaar.abuse.ch/export/txt/sha256/recent/,Zərərli fayl hash-i (SHA256)
sha256,47f14292545dc7fa7b3bfd8ed6bf95d083d2b2d6fea8da5e82d3a8cb9a2ee6c9,66,medium,MalwareBazaar,1,8,2026-10-01T02:05:25+00:00,2026-10-02T01:11:51+00:00,,,,2026-10-02 00:45:34 UTC,https://bazaar.abuse.ch/export/txt/sha256/recent/,Zərərli fayl hash-i (SHA256)
sha256,ce682df47d87e393a5ace3a7a3241055cbde8d332b2fa08dfdf6b80f7c90ab65,66,medium,MalwareBazaar,1,8,2026-10-01T02:05:25+00:00,2026-10-02T01:11:51+00:00,,,,2026-10-02 00:45:34 UTC,https://bazaar.abuse.ch/export/txt/sha256/recent/,Zərərli fayl hash-i (SHA256)
sha256,b3a84d47f2ca0520bac3897fc47769e1e95a3c56360006b4fdd9cac700e6d612,66,medium,MalwareBazaar,1,8,2026-10-01T02:05:25+00:00,2026-10-02T01:11:51+00:00,,,,2026-10-02 00:45:34 UTC,https://bazaar.abuse.ch/export/txt/sha256/recent/,Zərərli fayl hash-i (SHA256)
sha256,ecc2e64dfd839c33802b5ee54ffbd85bd642427c12edb19baf17ce35ff860e06,66,medium,MalwareBazaar,1,8,2026-10-01T02:05:25+00:00,2026-10-02T01:11:51+00:00,,,,2026-10-02 00:45:34 UTC,https://bazaar.abuse.ch/export/txt/sha256/recent/,Zərərli fayl hash-i (SHA256)
sha256,f5d58a9ebc4f798e62776eacd036c31f881da5fbd3d5ec57ecd17971a4b654f7,66,medium,MalwareBazaar,1,8,2026-10-01T02:05:25+00:00,2026-10-02T01:11:51+00:00,,,,2026-10-02 00:45:34 UTC,https://bazaar.abuse.ch/export/txt/sha256/recent/,Zərərli fayl hash-i (SHA256)
sha256,1565e6491c5c6201ceaa4456fd925e70dadd4980a0517d57da399707d005faef,66,medium,MalwareBazaar,1,8,2026-10-01T02:05:25+00:00,2026-10-02T01:11:51+00:00,,,,2026-10-02 00:45:34 UTC,https://bazaar.abuse.ch/export/txt/sha256/recent/,Zərərli fayl hash-i (SHA256)
sha256,1708427c0a4d08586d524814a6e45e469117692f7fa5649e9c8e71abec0ae7e7,66,medium,MalwareBazaar,1,8,2026-10-01T02:05:25+00:00,2026-10-02T01:11:51+00:00,,,,2026-10-02 00:45:34 UTC,https://bazaar.abuse.ch/export/txt/sha256/recent/,Zərərli fayl hash-i (SHA256)
sha256,4ab123d787b856ef1c54965a75c71a8f9d437a7ddc07864e3002c8ca936bf3ec,66,medium,MalwareBazaar,1,8,2026-10-01T02:05:25+00:00,2026-10-02T01:11:51+00:00,,,,2026-10-02 00:45:34 UTC,https://bazaar.abuse.ch/export/txt/sha256/recent/,Zərərli fayl hash-i (SHA256)
sha256,a583060bcd902945ca3a929a8c61dc88a95e3a693377b2bdd4b78b256256ce8e,66,medium,MalwareBazaar,1,8,2026-10-01T02:05:25+00:00,2026-10-02T01:11:51+00:00,,,,2026-10-02 00:45:34 UTC,https://bazaar.abuse.ch/export/txt/sha256/recent/,Zərərli fayl hash-i (SHA256)
sha256,f98630a660fe803dcd45683a7bda303c22e2188e6ebcff6bbc4dd022b3b26cfa,66,medium,MalwareBazaar,1,8,2026-10-01T02:05:25+00:00,2026-10-02T01:11:51+00:00,,,,2026-10-02 00:45:34 UTC,https://bazaar.abuse.ch/export/txt/sha256/recent/,Zərərli fayl hash-i (SHA256)
sha256,f59e58d21c6e47c178f977679040627375af0ec6198aa4acbcec07510016df21,66,medium,MalwareBazaar,1,8,2026-10-01T02:05:25+00:00,2026-10-02T01:11:51+00:00,,,,2026-10-02 00:45:34 UTC,https://bazaar.abuse.ch/export/txt/sha256/recent/,Zərərli fayl hash-i (SHA256)
sha256,3127f9577370a86f4494ebc9d03cdf4d31efbf828649367ffa01df220bb5751b,66,medium,MalwareBazaar,1,8,2026-10-01T02:05:25+00:00,2026-10-02T01:11:51+00:00,,,,2026-10-02 00:45:34 UTC,https://bazaar.abuse.ch/export/txt/sha256/recent/,Zərərli fayl hash-i (SHA256)
sha256,5334b3ffc7256b19783fd5f6049eec85970bdd2511fd9d5176282d5a15d1104d,66,medium,MalwareBazaar,1,8,2026-10-01T02:05:25+00:00,2026-10-02T01:11:51+00:00,,,,2026-10-02 00:45:34 UTC,https://bazaar.abuse.ch/export/txt/sha256/recent/,Zərərli fayl hash-i (SHA256)
sha256,075a0e5538b54cea3c40ac9aa4b7d2369c021bee7de4e46f23faced1355a8aff,66,medium,MalwareBazaar,1,8,2026-10-01T02:05:25+00:00,2026-10-02T01:11:51+00:00,,,,2026-10-02 00:45:34 UTC,https://bazaar.abuse.ch/export/txt/sha256/recent/,Zərərli fayl hash-i (SHA256)
sha256,598a788112f5f91d1341cdf16931828a58bf61375c51ac1bdc9ee1c805910384,66,medium,MalwareBazaar,1,8,2026-10-01T02:05:25+00:00,2026-10-02T01:11:51+00:00,,,,2026-10-02 00:45:34 UTC,https://bazaar.abuse.ch/export/txt/sha256/recent/,Zərərli fayl hash-i (SHA256)
sha256,b925e430082509e72b54f1d37ca8494487fe5e41fff0c7b04e32631f253f5adc,66,medium,MalwareBazaar,1,8,2026-10-01T02:05:25+00:00,2026-10-02T01:11:51+00:00,,,,2026-10-02 00:45:34 UTC,https://bazaar.abuse.ch/export/txt/sha256/recent/,Zərərli fayl hash-i (SHA256)
sha256,99cdfd7273ddaeac59deef985c639f3a027e6e61d472f189fd26aa0f1f8bccae,66,medium,MalwareBazaar,1,8,2026-10-01T02:05:25+00:00,2026-10-02T01:11:51+00:00,,,,2026-10-02 00:45:34 UTC,https://bazaar.abuse.ch/export/txt/sha256/recent/,Zərərli fayl hash-i (SHA256)
sha256,1762e5986fbb593f5d917794646d4a12b03c6878a3f4e37a704e8b06a45fe382,66,medium,MalwareBazaar,1,8,2026-10-01T02:05:25+00:00,2026-10-02T01:11:51+00:00,,,,2026-10-02 00:45:34 UTC,https://bazaar.abuse.ch/export/txt/sha256/recent/,Zərərli fayl hash-i (SHA256)
sha256,75bf24aade240358c78c2385c7723f4fa4f5658d9d901846980ed5a955276575,66,medium,MalwareBazaar,1,8,2026-10-01T02:05:25+00:00,2026-10-02T01:11:51+00:00,,,,2026-10-02 00:45:34 UTC,https://bazaar.abuse.ch/export/txt/sha256/recent/,Zərərli fayl hash-i (SHA256)
sha256,f4f558d83e9048c434261dbf954376341e6db829ba3fb71eb89f8326914b90a9,66,medium,MalwareBazaar,1,8,2026-10-01T02:05:25+00:00,2026-10-02T01:11:51+00:00,,,,2026-10-02 00:45:34 UTC,https://bazaar.abuse.ch/export/txt/sha256/recent/,Zərərli fayl hash-i (SHA256)
sha256,fc2db6d56a391a399e3a9362afceb569d59d4cad02cce4733ea44ad886e4b445,66,medium,MalwareBazaar,1,8,2026-10-01T02:05:25+00:00,2026-10-02T01:11:51+00:00,,,,2026-10-02 00:45:34 UTC,https://bazaar.abuse.ch/export/txt/sha256/recent/,Zərərli fayl hash-i (SHA256)
sha256,15654e1936dda0bfbeeeb8a0c51343c7db1e3e95027962aa646f91c5c0be4ddc,66,medium,MalwareBazaar,1,8,2026-10-01T02:05:25+00:00,2026-10-02T01:11:51+00:00,,,,2026-10-02 00:45:34 UTC,https://bazaar.abuse.ch/export/txt/sha256/recent/,Zərərli fayl hash-i (SHA256)
sha256,6233b606d27e4284de24f886c45416f82dbae858fa3aa29148b479ab6a457f4b,66,medium,MalwareBazaar,1,8,2026-10-01T02:05:25+00:00,2026-10-02T01:11:51+00:00,,,,2026-10-02 00:45:34 UTC,https://bazaar.abuse.ch/export/txt/sha256/recent/,Zərərli fayl hash-i (SHA256)
sha256,49a129852cc29fdd89d9af34f9b9009ed9fd444e3a522f6bc4b576109e233d52,66,medium,MalwareBazaar,1,8,2026-10-01T02:05:25+00:00,2026-10-02T01:11:51+00:00,,,,2026-10-02 00:45:34 UTC,https://bazaar.abuse.ch/export/txt/sha256/recent/,Zərərli fayl hash-i (SHA256)
sha256,3c2d602ddfa3fb7fdc5aedc735a07cab7ee70a77e739070538d03dca17cd579d,66,medium,MalwareBazaar,1,8,2026-10-01T02:05:25+00:00,2026-10-02T01:11:51+00:00,,,,2026-10-02 00:45:34 UTC,https://bazaar.abuse.ch/export/txt/sha256/recent/,Zərərli fayl hash-i (SHA256)
sha256,f9497a605b130c0a81c058e5427afb4c5f9bc8a56ca9760347eadf857458e3a8,66,medium,MalwareBazaar,1,8,2026-10-01T02:05:25+00:00,2026-10-02T01:11:51+00:00,,,,2026-10-02 00:45:34 UTC,https://bazaar.abuse.ch/export/txt/sha256/recent/,Zərərli fayl hash-i (SHA256)
sha256,66897967e2250e7eabedf79ba3635709cb977d332857130662409a3ef2932794,66,medium,MalwareBazaar,1,8,2026-10-01T02:05:25+00:00,2026-10-02T01:11:51+00:00,,,,2026-10-02 00:45:34 UTC,https://bazaar.abuse.ch/export/txt/sha256/recent/,Zərərli fayl hash-i (SHA256)
sha256,02c2c73d8ed13430f1aa399f7bd992df873af4cf07cd83f97fa5057b4db7dde3,66,medium,MalwareBazaar,1,8,2026-10-01T02:05:25+00:00,2026-10-02T01:11:51+00:00,,,,2026-10-02 00:45:34 UTC,https://bazaar.abuse.ch/export/txt/sha256/recent/,Zərərli fayl hash-i (SHA256)
sha256,e088d53914498cb5e229b087862e3c3c3d9136b55ebc198b5e922f1d68dcb39a,66,medium,MalwareBazaar,1,8,2026-10-01T02:05:25+00:00,2026-10-02T01:11:51+00:00,,,,2026-10-02 00:45:34 UTC,https://bazaar.abuse.ch/export/txt/sha256/recent/,Zərərli fayl hash-i (SHA256)
sha256,e7a7efb66aa9cdf72e65696041ff5a6c21cdcea12100e31c1640133bc79c7c36,66,medium,MalwareBazaar,1,8,2026-10-01T02:05:25+00:00,2026-10-02T01:11:51+00:00,,,,2026-10-02 00:45:34 UTC,https://bazaar.abuse.ch/export/txt/sha256/recent/,Zərərli fayl hash-i (SHA256)
sha256,f9f1162769b4784d2bc48b83bf8b316e049364d8950d3b8f84326defa6ce5d7a,64,medium,MalwareBazaar,1,7,2026-10-01T02:05:25+00:00,2026-10-01T21:30:30+00:00,,,,2026-10-01 20:38:56 UTC,https://bazaar.abuse.ch/export/txt/sha256/recent/,Zərərli fayl hash-i (SHA256)
sha256,ad226db4ab9e2a7db849fea7b27ed034504b0599f117c6cedd09d0001153585b,64,medium,MalwareBazaar,1,7,2026-10-01T02:05:25+00:00,2026-10-01T21:30:30+00:00,,,,2026-10-01 20:38:56 UTC,https://bazaar.abuse.ch/export/txt/sha256/recent/,Zərərli fayl hash-i (SHA256)
sha256,950d5014df1c51a9edb3c06d2c27ba82904e1011c0510d80639345136d360640,64,medium,MalwareBazaar,1,7,2026-10-01T02:05:25+00:00,2026-10-01T21:30:30+00:00,,,,2026-10-01 20:38:56 UTC,https://bazaar.abuse.ch/export/txt/sha256/recent/,Zərərli fayl hash-i (SHA256)
sha256,bc51a6006b3f59056b217ea12b62fbef893509eb9678915b2808ef1593be536c,64,medium,MalwareBazaar,1,7,2026-10-01T02:05:25+00:00,2026-10-01T21:30:30+00:00,,,,2026-10-01 20:38:56 UTC,https://bazaar.abuse.ch/export/txt/sha256/recent/,Zərərli fayl hash-i (SHA256)
sha256,89af48dbe10aaec020fbdd053759788c6bf6dbaa7b4564625fd92850df2d7717,64,medium,MalwareBazaar,1,7,2026-10-01T02:05:25+00:00,2026-10-01T21:30:30+00:00,,,,2026-10-01 20:38:56 UTC,https://bazaar.abuse.ch/export/txt/sha256/recent/,Zərərli fayl hash-i (SHA256)
sha256,6bc12ce8d85306bafa954201449208980e0e37ca964245278253bfa16c8afc46,64,medium,MalwareBazaar,1,7,2026-10-01T02:05:25+00:00,2026-10-01T21:30:30+00:00,,,,2026-10-01 20:38:56 UTC,https://bazaar.abuse.ch/export/txt/sha256/recent/,Zərərli fayl hash-i (SHA256)
sha256,b9b62098f0f28d481a11ee160385ca64cab6b2de39edc77060f4b76d99b774d9,64,medium,MalwareBazaar,1,7,2026-10-01T02:05:25+00:00,2026-10-01T21:30:30+00:00,,,,2026-10-01 20:38:56 UTC,https://bazaar.abuse.ch/export/txt/sha256/recent/,Zərərli fayl hash-i (SHA256)
sha256,5b95b1492af328a055ae706c5fe8ddd6961839173aaecfbc3a76433af66ea612,64,medium,MalwareBazaar,1,7,2026-10-01T02:05:25+00:00,2026-10-01T21:30:30+00:00,,,,2026-10-01 20:38:56 UTC,https://bazaar.abuse.ch/export/txt/sha256/recent/,Zərərli fayl hash-i (SHA256)
sha256,02cbd5979f1491a96287805679011e6ef406708c3dadc677781c0bd1455309ce,64,medium,MalwareBazaar,1,7,2026-10-01T02:05:25+00:00,2026-10-01T21:30:30+00:00,,,,2026-10-01 20:38:56 UTC,https://bazaar.abuse.ch/export/txt/sha256/recent/,Zərərli fayl hash-i (SHA256)
sha256,2e8ebef579a52b4c09880ea37b514be583765fefc21b4325bfde5cda70cdd719,64,medium,MalwareBazaar,1,7,2026-10-01T02:05:25+00:00,2026-10-01T21:30:30+00:00,,,,2026-10-01 20:38:56 UTC,https://bazaar.abuse.ch/export/txt/sha256/recent/,Zərərli fayl hash-i (SHA256)
sha256,ace9d26f895cc7d631e697b84065308efa3c7b2968b1631c561b5e8c73ea4304,64,medium,MalwareBazaar,1,7,2026-10-01T02:05:25+00:00,2026-10-01T21:30:30+00:00,,,,2026-10-01 20:38:56 UTC,https://bazaar.abuse.ch/export/txt/sha256/recent/,Zərərli fayl hash-i (SHA256)
sha256,8393c695fcf826e5933989aa6276b390a5e12c716b513d0007307511e818ae30,64,medium,MalwareBazaar,1,7,2026-10-01T02:05:25+00:00,2026-10-01T21:30:30+00:00,,,,2026-10-01 20:38:56 UTC,https://bazaar.abuse.ch/export/txt/sha256/recent/,Zərərli fayl hash-i (SHA256)
sha256,5730fa0599c8221b988850dbb5d8a3b860231efdb98550e722ef45d9b7af2d1c,64,medium,MalwareBazaar,1,7,2026-10-01T02:05:25+00:00,2026-10-01T21:30:30+00:00,,,,2026-10-01 20:38:56 UTC,https://bazaar.abuse.ch/export/txt/sha256/recent/,Zərərli fayl hash-i (SHA256)
sha256,2d51b62287627ef87a799e00b87b7658a94fc9838a86e191be55487a08f54c6f,64,medium,MalwareBazaar,1,7,2026-10-01T02:05:25+00:00,2026-10-01T21:30:30+00:00,,,,2026-10-01 20:38:56 UTC,https://bazaar.abuse.ch/export/txt/sha256/recent/,Zərərli fayl hash-i (SHA256)
sha256,95a6c85b53738c4e88b773c837c7e47349bdc3fff629bcbc24304bc4f08cd46c,64,medium,MalwareBazaar,1,7,2026-10-01T02:05:25+00:00,2026-10-01T21:30:30+00:00,,,,2026-10-01 20:38:56 UTC,https://bazaar.abuse.ch/export/txt/sha256/recent/,Zərərli fayl hash-i (SHA256)
sha256,f6f5d2a34ffa0b3e2913affddef7494c0978533c6c94bb9e9012997dd65f4a52,64,medium,MalwareBazaar,1,7,2026-10-01T02:05:25+00:00,2026-10-01T21:30:30+00:00,,,,2026-10-01 20:38:56 UTC,https://bazaar.abuse.ch/export/txt/sha256/recent/,Zərərli fayl hash-i (SHA256)
sha256,cdc58e74d07a3bfef2e479c2c0f99b442ce77657b3dc6a57592d32d7824d2616,64,medium,MalwareBazaar,1,7,2026-10-01T02:05:25+00:00,2026-10-01T21:30:30+00:00,,,,2026-10-01 20:38:56 UTC,https://bazaar.abuse.ch/export/txt/sha256/recent/,Zərərli fayl hash-i (SHA256)
sha256,86dfa4081c62d1f3c80f60a8dc16743de970583fd6e45d6bb35e8a3cac322a5b,64,medium,MalwareBazaar,1,7,2026-10-01T02:05:25+00:00,2026-10-01T21:30:30+00:00,,,,2026-10-01 20:38:56 UTC,https://bazaar.abuse.ch/export/txt/sha256/recent/,Zərərli fayl hash-i (SHA256)
sha256,b8c03e6a150cc5991684b6ef24a614500e9e38368a188e70b2fd0f658c8db0d3,64,medium,MalwareBazaar,1,7,2026-10-01T02:05:25+00:00,2026-10-01T21:30:30+00:00,,,,2026-10-01 20:38:56 UTC,https://bazaar.abuse.ch/export/txt/sha256/recent/,Zərərli fayl hash-i (SHA256)
sha256,d0fb5617c6fd290bf21123f53154ff8d97a98f6f9df2dab30dca7f11747682e6,64,medium,MalwareBazaar,1,7,2026-10-01T02:05:25+00:00,2026-10-01T21:30:30+00:00,,,,2026-10-01 20:38:56 UTC,https://bazaar.abuse.ch/export/txt/sha256/recent/,Zərərli fayl hash-i (SHA256)
sha256,058d969993841a8f59a986097f3cd1342b9197f6415387aa96cb635564d04859,64,medium,MalwareBazaar,1,7,2026-10-01T02:05:25+00:00,2026-10-01T21:30:30+00:00,,,,2026-10-01 20:38:56 UTC,https://bazaar.abuse.ch/export/txt/sha256/recent/,Zərərli fayl hash-i (SHA256)
sha256,9b6a0cd75caaa380e0538a2c44350a8ccb6a634aefb9a40977756d382399f2f6,64,medium,MalwareBazaar,1,7,2026-10-01T02:05:25+00:00,2026-10-01T21:30:30+00:00,,,,2026-10-01 20:38:56 UTC,https://bazaar.abuse.ch/export/txt/sha256/recent/,Zərərli fayl hash-i (SHA256)
sha256,81811495629b8853c4dd167c279f4c789ce02bd58a528a41d77de66fd6d3dee6,64,medium,MalwareBazaar,1,7,2026-10-01T02:05:25+00:00,2026-10-01T21:30:30+00:00,,,,2026-10-01 20:38:56 UTC,https://bazaar.abuse.ch/export/txt/sha256/recent/,Zərərli fayl hash-i (SHA256)
sha256,079061eaad82fc8154368de50909f761e69d65695f275a4cc3cf6973e13c657b,64,medium,MalwareBazaar,1,7,2026-10-01T02:05:25+00:00,2026-10-01T21:30:30+00:00,,,,2026-10-01 20:38:56 UTC,https://bazaar.abuse.ch/export/txt/sha256/recent/,Zərərli fayl hash-i (SHA256)
sha256,bc0e46f03d378c4dac604500a14f617477dfa383c7495e52472c1409febe494c,64,medium,MalwareBazaar,1,7,2026-10-01T02:05:25+00:00,2026-10-01T21:30:30+00:00,,,,2026-10-01 20:38:56 UTC,https://bazaar.abuse.ch/export/txt/sha256/recent/,Zərərli fayl hash-i (SHA256)
sha256,8a99431fea7eaeeef59b49a20ed2d7386125ccfacc549e13e6fb3b1dfcba64f0,64,medium,MalwareBazaar,1,7,2026-10-01T02:05:25+00:00,2026-10-01T21:30:30+00:00,,,,2026-10-01 20:38:56 UTC,https://bazaar.abuse.ch/export/txt/sha256/recent/,Zərərli fayl hash-i (SHA256)
sha256,d5c2e9bc39cacd38d070c360fe6b189d87c60459865162a4e4a543ed4c1e860e,64,medium,MalwareBazaar,1,7,2026-10-01T02:05:25+00:00,2026-10-01T21:30:30+00:00,,,,2026-10-01 20:38:56 UTC,https://bazaar.abuse.ch/export/txt/sha256/recent/,Zərərli fayl hash-i (SHA256)
sha256,9124dad5d80e5d2214a62d5aaa5aa59469b8836bee98912fc4a82eb5c4126b84,64,medium,MalwareBazaar,1,7,2026-10-01T02:05:25+00:00,2026-10-01T21:30:30+00:00,,,,2026-10-01 20:38:56 UTC,https://bazaar.abuse.ch/export/txt/sha256/recent/,Zərərli fayl hash-i (SHA256)
sha256,072271ed3c30f54a0f059e0443d3dd673314fe33786823fdf282bbb752c3a81b,64,medium,MalwareBazaar,1,7,2026-10-01T02:05:25+00:00,2026-10-01T21:30:30+00:00,,,,2026-10-01 20:38:56 UTC,https://bazaar.abuse.ch/export/txt/sha256/recent/,Zərərli fayl hash-i (SHA256)
sha256,b3a26821256371e620bcd8a697e83bf52462470e9be840551106b5c96f09273e,64,medium,MalwareBazaar,1,7,2026-10-01T02:05:25+00:00,2026-10-01T21:30:30+00:00,,,,2026-10-01 20:38:56 UTC,https://bazaar.abuse.ch/export/txt/sha256/recent/,Zərərli fayl hash-i (SHA256)
sha256,07e9ff28cbd221e518a4f63618530854f19b7da2206471261afc34a1a2784e58,64,medium,MalwareBazaar,1,7,2026-10-01T02:05:25+00:00,2026-10-01T21:30:30+00:00,,,,2026-10-01 20:38:56 UTC,https://bazaar.abuse.ch/export/txt/sha256/recent/,Zərərli fayl hash-i (SHA256)
sha256,3bfeed8b6de1c8e0eed746aa2be9952cf2227ae5828569ae3e6e5e462356b804,64,medium,MalwareBazaar,1,7,2026-10-01T02:05:25+00:00,2026-10-01T21:30:30+00:00,,,,2026-10-01 20:38:56 UTC,https://bazaar.abuse.ch/export/txt/sha256/recent/,Zərərli fayl hash-i (SHA256)
sha256,9112411adfcff35164792d11994db048e9472c52c1def67f1e10bb5fbe42f0e6,64,medium,MalwareBazaar,1,7,2026-10-01T02:05:25+00:00,2026-10-01T21:30:30+00:00,,,,2026-10-01 20:38:56 UTC,https://bazaar.abuse.ch/export/txt/sha256/recent/,Zərərli fayl hash-i (SHA256)
sha256,ea061f4ff39562de0eac781038c6f91a5a3ff92b5aacf9205f44375552eaad5a,64,medium,MalwareBazaar,1,7,2026-10-01T02:05:25+00:00,2026-10-01T21:30:30+00:00,,,,2026-10-01 20:38:56 UTC,https://bazaar.abuse.ch/export/txt/sha256/recent/,Zərərli fayl hash-i (SHA256)
sha256,be4602722538cf56124b04d834765c5fd3c9055741b263e49914930a455dab29,64,medium,MalwareBazaar,1,7,2026-10-01T02:05:25+00:00,2026-10-01T21:30:30+00:00,,,,2026-10-01 20:38:56 UTC,https://bazaar.abuse.ch/export/txt/sha256/recent/,Zərərli fayl hash-i (SHA256)
sha256,ece2bda0619bc3521125f59797062956f5f0debe78fc9e4fdf28ac9f332027a9,64,medium,MalwareBazaar,1,7,2026-10-01T02:05:25+00:00,2026-10-01T21:30:30+00:00,,,,2026-10-01 20:38:56 UTC,https://bazaar.abuse.ch/export/txt/sha256/recent/,Zərərli fayl hash-i (SHA256)
sha256,4543c9c5e84f76ace0a00c0b1cf9b7e1456ad691c41008a56cd4264128596f32,64,medium,MalwareBazaar,1,7,2026-10-01T02:05:25+00:00,2026-10-01T21:30:30+00:00,,,,2026-10-01 20:38:56 UTC,https://bazaar.abuse.ch/export/txt/sha256/recent/,Zərərli fayl hash-i (SHA256)
sha256,5986e77e206fd5d4af30f1a5f962a83b9e7ace048a5b32e12edb78ac3fd4d9ae,64,medium,MalwareBazaar,1,7,2026-10-01T02:05:25+00:00,2026-10-01T21:30:30+00:00,,,,2026-10-01 20:38:56 UTC,https://bazaar.abuse.ch/export/txt/sha256/recent/,Zərərli fayl hash-i (SHA256)
sha256,5067bc8076d2da3daf3f6303bc3c2f64bb7c0a7b66a3373e59e2ec5cff1f6cc8,64,medium,MalwareBazaar,1,7,2026-10-01T02:05:25+00:00,2026-10-01T21:30:30+00:00,,,,2026-10-01 20:38:56 UTC,https://bazaar.abuse.ch/export/txt/sha256/recent/,Zərərli fayl hash-i (SHA256)
sha256,76d1170e0afacddb0153862559d63206b85311998d910ccbe8ec3b5a9a230e2f,64,medium,MalwareBazaar,1,7,2026-10-01T02:05:25+00:00,2026-10-01T21:30:30+00:00,,,,2026-10-01 20:38:56 UTC,https://bazaar.abuse.ch/export/txt/sha256/recent/,Zərərli fayl hash-i (SHA256)
sha256,a9f863dd1829461cf6732ed57ea4354d2ded16cf9f9c5b951bd4cff5c0a6f894,64,medium,MalwareBazaar,1,7,2026-10-01T02:05:25+00:00,2026-10-01T21:30:30+00:00,,,,2026-10-01 20:38:56 UTC,https://bazaar.abuse.ch/export/txt/sha256/recent/,Zərərli fayl hash-i (SHA256)
sha256,f0ba4e187977c4fa624d74c75854d089262f17c854225dc854446e316021c09e,64,medium,MalwareBazaar,1,7,2026-10-01T02:05:25+00:00,2026-10-01T21:30:30+00:00,,,,2026-10-01 20:38:56 UTC,https://bazaar.abuse.ch/export/txt/sha256/recent/,Zərərli fayl hash-i (SHA256)
sha256,81d379886c5150eaa2973cbfd26e55069a2edfb65da7691f750d3a12a821484b,64,medium,MalwareBazaar,1,7,2026-10-01T02:05:25+00:00,2026-10-01T21:30:30+00:00,,,,2026-10-01 20:38:56 UTC,https://bazaar.abuse.ch/export/txt/sha256/recent/,Zərərli fayl hash-i (SHA256)
sha256,d760ff60c5504cc12721c11756860301d43a14a34ab51dcda898e404aee4b187,64,medium,MalwareBazaar,1,7,2026-10-01T02:05:25+00:00,2026-10-01T21:30:30+00:00,,,,2026-10-01 20:38:56 UTC,https://bazaar.abuse.ch/export/txt/sha256/recent/,Zərərli fayl hash-i (SHA256)
sha256,2eebd3c68e0d2a1d317e6b4f162a6bab41023319adb9bfeea63690221ad1b6f9,64,medium,MalwareBazaar,1,7,2026-10-01T02:05:25+00:00,2026-10-01T21:30:30+00:00,,,,2026-10-01 20:38:56 UTC,https://bazaar.abuse.ch/export/txt/sha256/recent/,Zərərli fayl hash-i (SHA256)
sha256,082f46542845e5bc689201a5b7c79f134a2aebe4c522009408850b1bf2b05fdf,64,medium,MalwareBazaar,1,7,2026-10-01T02:05:25+00:00,2026-10-01T21:30:30+00:00,,,,2026-10-01 20:38:56 UTC,https://bazaar.abuse.ch/export/txt/sha256/recent/,Zərərli fayl hash-i (SHA256)
sha256,480b981c30da9f3e433a139b53e922f4ccf2cb554fc91d89b071e5c6ca396946,64,medium,MalwareBazaar,1,7,2026-10-01T02:05:25+00:00,2026-10-01T21:30:30+00:00,,,,2026-10-01 20:38:56 UTC,https://bazaar.abuse.ch/export/txt/sha256/recent/,Zərərli fayl hash-i (SHA256)
sha256,535f3947e443b695f95dc998f03fe8d97725333a1fd2650bdb41f92768553c7d,64,medium,MalwareBazaar,1,7,2026-10-01T02:05:25+00:00,2026-10-01T21:30:30+00:00,,,,2026-10-01 20:38:56 UTC,https://bazaar.abuse.ch/export/txt/sha256/recent/,Zərərli fayl hash-i (SHA256)
sha256,d0dd66c59c2e23d93d3dba453259ff6bcd1eec4ae9b3b4b5d70021e6f1a91809,64,medium,MalwareBazaar,1,7,2026-10-01T02:05:25+00:00,2026-10-01T21:30:30+00:00,,,,2026-10-01 20:38:56 UTC,https://bazaar.abuse.ch/export/txt/sha256/recent/,Zərərli fayl hash-i (SHA256)
sha256,30c8e1a601a73a6ad520431797be88e65483983eda23af10d8210ce0c77216e2,64,medium,MalwareBazaar,1,7,2026-10-01T02:05:25+00:00,2026-10-01T21:30:30+00:00,,,,2026-10-01 20:38:56 UTC,https://bazaar.abuse.ch/export/txt/sha256/recent/,Zərərli fayl hash-i (SHA256)
sha256,f07a0d183a3d2107ccfdc278d6dafce64350f76600f40a1d46dbe23c56b922cd,64,medium,MalwareBazaar,1,7,2026-10-01T02:05:25+00:00,2026-10-01T21:30:30+00:00,,,,2026-10-01 20:38:56 UTC,https://bazaar.abuse.ch/export/txt/sha256/recent/,Zərərli fayl hash-i (SHA256)
sha256,e698c810bd5cb980ba2d2e16dad324ad15b300808bf955a65109107f7ad93d7a,64,medium,MalwareBazaar,1,7,2026-10-01T02:05:25+00:00,2026-10-01T21:30:30+00:00,,,,2026-10-01 20:38:56 UTC,https://bazaar.abuse.ch/export/txt/sha256/recent/,Zərərli fayl hash-i (SHA256)
sha256,3bc5a4014ec49acc33144ca5545cda95be0fa9068f8d730a6622dc17ac6d357a,64,medium,MalwareBazaar,1,7,2026-10-01T02:05:25+00:00,2026-10-01T21:30:30+00:00,,,,2026-10-01 20:38:56 UTC,https://bazaar.abuse.ch/export/txt/sha256/recent/,Zərərli fayl hash-i (SHA256)
sha256,4f9b9144e982fa186ce218aa96aa32ca2f4d088e6aedb70cc3236aba90ec536d,64,medium,MalwareBazaar,1,7,2026-10-01T02:05:25+00:00,2026-10-01T21:30:30+00:00,,,,2026-10-01 20:38:56 UTC,https://bazaar.abuse.ch/export/txt/sha256/recent/,Zərərli fayl hash-i (SHA256)
sha256,d9df540e71a9e19a74ccaf6985fabdcfc239a7080de2700521efc863ca24e534,64,medium,MalwareBazaar,1,7,2026-10-01T02:05:25+00:00,2026-10-01T21:30:30+00:00,,,,2026-10-01 20:38:56 UTC,https://bazaar.abuse.ch/export/txt/sha256/recent/,Zərərli fayl hash-i (SHA256)
sha256,09fb2864fe4673456e80a635a04531cda94b3870102cd70a49589466b5581ed2,64,medium,MalwareBazaar,1,7,2026-10-01T02:05:25+00:00,2026-10-01T21:30:30+00:00,,,,2026-10-01 20:38:56 UTC,https://bazaar.abuse.ch/export/txt/sha256/recent/,Zərərli fayl hash-i (SHA256)
sha256,48c0b194c040ffd43d5c2680ddb1b70f83a61d5da5e0080908bc79afdecfae7d,64,medium,MalwareBazaar,1,7,2026-10-01T02:05:25+00:00,2026-10-01T21:30:30+00:00,,,,2026-10-01 20:38:56 UTC,https://bazaar.abuse.ch/export/txt/sha256/recent/,Zərərli fayl hash-i (SHA256)
sha256,5a814a5d21b1542bf779f35248f3ba74b72791aa11a5103b1a607e687aa23087,64,medium,MalwareBazaar,1,7,2026-10-01T02:05:25+00:00,2026-10-01T21:30:30+00:00,,,,2026-10-01 20:38:56 UTC,https://bazaar.abuse.ch/export/txt/sha256/recent/,Zərərli fayl hash-i (SHA256)
sha256,c144534f9da289c6b4f29052d25ee5e96c34451b95608513dec6e9f5302e3085,64,medium,MalwareBazaar,1,7,2026-10-01T02:05:25+00:00,2026-10-01T21:30:30+00:00,,,,2026-10-01 20:38:56 UTC,https://bazaar.abuse.ch/export/txt/sha256/recent/,Zərərli fayl hash-i (SHA256)
sha256,83c2859a4b5522ba7c5b2eb76ce367c259af4cb08fa05bf5cd8d357deb1dbb27,64,medium,MalwareBazaar,1,7,2026-10-01T02:05:25+00:00,2026-10-01T21:30:30+00:00,,,,2026-10-01 20:38:56 UTC,https://bazaar.abuse.ch/export/txt/sha256/recent/,Zərərli fayl hash-i (SHA256)
sha256,be29c413875410cef5a3fb3925941d7dc558bb942d6daa272005cf8984e1674f,64,medium,MalwareBazaar,1,7,2026-10-01T02:05:25+00:00,2026-10-01T21:30:30+00:00,,,,2026-10-01 20:38:56 UTC,https://bazaar.abuse.ch/export/txt/sha256/recent/,Zərərli fayl hash-i (SHA256)
sha256,a625d75069c824a974308831d822bb4f257a42a48a70bcfb1a0dd612ec92f39d,64,medium,MalwareBazaar,1,7,2026-10-01T02:05:25+00:00,2026-10-01T21:30:30+00:00,,,,2026-10-01 20:38:56 UTC,https://bazaar.abuse.ch/export/txt/sha256/recent/,Zərərli fayl hash-i (SHA256)
sha256,8d2921d84eb70162db61b5a575b7ae35a67891e1268f259a12bc9506825b4356,64,medium,MalwareBazaar,1,7,2026-10-01T02:05:25+00:00,2026-10-01T21:30:30+00:00,,,,2026-10-01 20:38:56 UTC,https://bazaar.abuse.ch/export/txt/sha256/recent/,Zərərli fayl hash-i (SHA256)
sha256,c84f7bc1d470ff384aaa0e49bda6fc48a066d4973c811be40a8a29a65b540c85,64,medium,MalwareBazaar,1,7,2026-10-01T02:05:25+00:00,2026-10-01T21:30:30+00:00,,,,2026-10-01 20:38:56 UTC,https://bazaar.abuse.ch/export/txt/sha256/recent/,Zərərli fayl hash-i (SHA256)
sha256,c0fa389b23e4c7c8b8a5459e6d1c4a0a7db34a68e03b3d447d27437188ea7611,64,medium,MalwareBazaar,1,7,2026-10-01T02:05:25+00:00,2026-10-01T21:30:30+00:00,,,,2026-10-01 20:38:56 UTC,https://bazaar.abuse.ch/export/txt/sha256/recent/,Zərərli fayl hash-i (SHA256)
sha256,bac35e8d870461b358fb02e713c2bd56b9cfcd0b50cfa1286b832d354241ee81,64,medium,MalwareBazaar,1,7,2026-10-01T02:05:25+00:00,2026-10-01T21:30:30+00:00,,,,2026-10-01 20:38:56 UTC,https://bazaar.abuse.ch/export/txt/sha256/recent/,Zərərli fayl hash-i (SHA256)
sha256,a12c3b67e7fcb36ce2278f8ac54227ec3cf8f31a175de53c2dab1832a2629a4f,64,medium,MalwareBazaar,1,7,2026-10-01T02:05:25+00:00,2026-10-01T21:30:30+00:00,,,,2026-10-01 20:38:56 UTC,https://bazaar.abuse.ch/export/txt/sha256/recent/,Zərərli fayl hash-i (SHA256)
sha256,f881a0a9f48ee00bdc2dc667125442c2d9c70c25272a73c2ff3b00fd534f045b,64,medium,MalwareBazaar,1,7,2026-10-01T02:05:25+00:00,2026-10-01T21:30:30+00:00,,,,2026-10-01 20:38:56 UTC,https://bazaar.abuse.ch/export/txt/sha256/recent/,Zərərli fayl hash-i (SHA256)
sha256,224f480d1810539d626ccfaa669d6f6cff0b72b00a88aca83b6ba4a4fed86a85,64,medium,MalwareBazaar,1,7,2026-10-01T02:05:25+00:00,2026-10-01T21:30:30+00:00,,,,2026-10-01 20:38:56 UTC,https://bazaar.abuse.ch/export/txt/sha256/recent/,Zərərli fayl hash-i (SHA256)
sha256,1d0ffe8a19c114aa4cd2e0caecd53b827a1f95fddccb2f5c10e4123dd4cf3d7b,64,medium,MalwareBazaar,1,7,2026-10-01T02:05:25+00:00,2026-10-01T21:30:30+00:00,,,,2026-10-01 20:38:56 UTC,https://bazaar.abuse.ch/export/txt/sha256/recent/,Zərərli fayl hash-i (SHA256)
sha256,093b047d47536a927468bcd5f78afce166856550f0c94cfeabefca3d303f3c1c,64,medium,MalwareBazaar,1,7,2026-10-01T02:05:25+00:00,2026-10-01T21:30:30+00:00,,,,2026-10-01 20:38:56 UTC,https://bazaar.abuse.ch/export/txt/sha256/recent/,Zərərli fayl hash-i (SHA256)
sha256,3619c20e58e1a338c54942c016435ac7824e8d3fcf336a031870db3e92f98273,64,medium,MalwareBazaar,1,7,2026-10-01T02:05:25+00:00,2026-10-01T21:30:30+00:00,,,,2026-10-01 20:38:56 UTC,https://bazaar.abuse.ch/export/txt/sha256/recent/,Zərərli fayl hash-i (SHA256)
sha256,88e3c7cde11153e8f44a3d7a18de6a799261a9e8ef53125d4b8f6be8d17cab01,64,medium,MalwareBazaar,1,7,2026-10-01T02:05:25+00:00,2026-10-01T21:30:30+00:00,,,,2026-10-01 20:38:56 UTC,https://bazaar.abuse.ch/export/txt/sha256/recent/,Zərərli fayl hash-i (SHA256)
sha256,a525c71d0aeae15bead95232d3569a9de9a82622d0fe401941dc05c200f58797,64,medium,MalwareBazaar,1,7,2026-10-01T02:05:25+00:00,2026-10-01T21:30:30+00:00,,,,2026-10-01 20:38:56 UTC,https://bazaar.abuse.ch/export/txt/sha256/recent/,Zərərli fayl hash-i (SHA256)
sha256,ba7b96afaa378e8ad6890c1f614d750bc65d3c7a4cba7ab0594628d660c54c3b,64,medium,MalwareBazaar,1,7,2026-10-01T02:05:25+00:00,2026-10-01T21:30:30+00:00,,,,2026-10-01 20:38:56 UTC,https://bazaar.abuse.ch/export/txt/sha256/recent/,Zərərli fayl hash-i (SHA256)
sha256,22dda87204c5fc4d5aaf7f82342e563d95dce2db70af57d996234944f953ab56,64,medium,MalwareBazaar,1,7,2026-10-01T02:05:25+00:00,2026-10-01T21:30:30+00:00,,,,2026-10-01 20:38:56 UTC,https://bazaar.abuse.ch/export/txt/sha256/recent/,Zərərli fayl hash-i (SHA256)
sha256,9ca59743ead4568f3c5e44613e3841d0d5c1dcd19bff9b66d126c72e61a564f9,64,medium,MalwareBazaar,1,7,2026-10-01T02:05:25+00:00,2026-10-01T21:30:30+00:00,,,,2026-10-01 20:38:56 UTC,https://bazaar.abuse.ch/export/txt/sha256/recent/,Zərərli fayl hash-i (SHA256)
sha256,19411027e8d3ba0f1714888adde160dd9eb759687ed000d1e593d1f9f0ef3f88,64,medium,MalwareBazaar,1,7,2026-10-01T02:05:25+00:00,2026-10-01T21:30:30+00:00,,,,2026-10-01 20:38:56 UTC,https://bazaar.abuse.ch/export/txt/sha256/recent/,Zərərli fayl hash-i (SHA256)
sha256,00fef136014b15d43b28982348e360223f7e1d2d25f5daf5d28b7cba54e14d2f,64,medium,MalwareBazaar,1,7,2026-10-01T02:05:25+00:00,2026-10-01T21:30:30+00:00,,,,2026-10-01 20:38:56 UTC,https://bazaar.abuse.ch/export/txt/sha256/recent/,Zərərli fayl hash-i (SHA256)
sha256,d2f3568cfa092594886c9840a734061bc744553ad8265eb2bde7e6b4c9901a00,64,medium,MalwareBazaar,1,6,2026-10-01T02:05:25+00:00,2026-10-01T16:47:10+00:00,,,,2026-10-01 15:48:17 UTC,https://bazaar.abuse.ch/export/txt/sha256/recent/,Zərərli fayl hash-i (SHA256)
sha256,7921a8c904a8c01c976cef00c3d9b86a4cbc2d6a9be61409c6417a751aa59df4,64,medium,MalwareBazaar,1,6,2026-10-01T02:05:25+00:00,2026-10-01T16:47:10+00:00,,,,2026-10-01 15:48:17 UTC,https://bazaar.abuse.ch/export/txt/sha256/recent/,Zərərli fayl hash-i (SHA256)
sha256,90b299822c4b541ad2f97a293e97b7ce5416d201c619d03320375ab66514ee56,64,medium,MalwareBazaar,1,6,2026-10-01T02:05:25+00:00,2026-10-01T16:47:10+00:00,,,,2026-10-01 15:48:17 UTC,https://bazaar.abuse.ch/export/txt/sha256/recent/,Zərərli fayl hash-i (SHA256)
sha256,870b29bdbbedbe496ee41b93306ddb452fbf407a97e65da39e231818efff4dbc,64,medium,MalwareBazaar,1,6,2026-10-01T02:05:25+00:00,2026-10-01T16:47:10+00:00,,,,2026-10-01 15:48:17 UTC,https://bazaar.abuse.ch/export/txt/sha256/recent/,Zərərli fayl hash-i (SHA256)
sha256,3029809c3b3880bd58184857c7b434219e571af3e781ed3ef89d73a5d4a18d5c,64,medium,MalwareBazaar,1,6,2026-10-01T02:05:25+00:00,2026-10-01T16:47:10+00:00,,,,2026-10-01 15:48:17 UTC,https://bazaar.abuse.ch/export/txt/sha256/recent/,Zərərli fayl hash-i (SHA256)
sha256,04c3c1f5de5db197997abe18cb7120434bec99820687ed77d39255fc9cc8db4f,64,medium,MalwareBazaar,1,6,2026-10-01T02:05:25+00:00,2026-10-01T16:47:10+00:00,,,,2026-10-01 15:48:17 UTC,https://bazaar.abuse.ch/export/txt/sha256/recent/,Zərərli fayl hash-i (SHA256)
sha256,588abc75d458ca33c42e49239eb25d597d8406c5d304752ef600744dc175ce70,64,medium,MalwareBazaar,1,6,2026-10-01T02:05:25+00:00,2026-10-01T16:47:10+00:00,,,,2026-10-01 15:48:17 UTC,https://bazaar.abuse.ch/export/txt/sha256/recent/,Zərərli fayl hash-i (SHA256)
sha256,3c1c6b94e57afd57f58b1c9e16d5f8261b16af2654ffd3196edc2ac9fe6db67e,64,medium,MalwareBazaar,1,6,2026-10-01T02:05:25+00:00,2026-10-01T16:47:10+00:00,,,,2026-10-01 15:48:17 UTC,https://bazaar.abuse.ch/export/txt/sha256/recent/,Zərərli fayl hash-i (SHA256)
sha256,7eeba41f9ee707f8b8b19687277d8a3bb620989c4453512413b7ae8af9b924e8,64,medium,MalwareBazaar,1,6,2026-10-01T02:05:25+00:00,2026-10-01T16:47:10+00:00,,,,2026-10-01 15:48:17 UTC,https://bazaar.abuse.ch/export/txt/sha256/recent/,Zərərli fayl hash-i (SHA256)
sha256,2f106282ae302c21a34af10eb270c2408f8e7b21fc0b83f32d1a442a39bd598b,64,medium,MalwareBazaar,1,6,2026-10-01T02:05:25+00:00,2026-10-01T16:47:10+00:00,,,,2026-10-01 15:48:17 UTC,https://bazaar.abuse.ch/export/txt/sha256/recent/,Zərərli fayl hash-i (SHA256)
sha256,ce3bd70d21e643e3312f0fa7e2e8a33cf88ba93ce84fffdbf939aef631c72266,64,medium,MalwareBazaar,1,6,2026-10-01T02:05:25+00:00,2026-10-01T16:47:10+00:00,,,,2026-10-01 15:48:17 UTC,https://bazaar.abuse.ch/export/txt/sha256/recent/,Zərərli fayl hash-i (SHA256)
sha256,8cfeacb9bd7cea6377230c7d38e6a4934423db0b166ea06f7823d89d9c9baa39,64,medium,MalwareBazaar,1,6,2026-10-01T02:05:25+00:00,2026-10-01T16:47:10+00:00,,,,2026-10-01 15:48:17 UTC,https://bazaar.abuse.ch/export/txt/sha256/recent/,Zərərli fayl hash-i (SHA256)
sha256,63cf3c5fc8658791f5192fda8279024cf0d10168e1eaed5ec5358454528f982c,64,medium,MalwareBazaar,1,6,2026-10-01T02:05:25+00:00,2026-10-01T16:47:10+00:00,,,,2026-10-01 15:48:17 UTC,https://bazaar.abuse.ch/export/txt/sha256/recent/,Zərərli fayl hash-i (SHA256)
sha256,7700226f11681b7e2baf5ade8140b911b12f650376080baa1ddbddfc242ab750,64,medium,MalwareBazaar,1,6,2026-10-01T02:05:25+00:00,2026-10-01T16:47:10+00:00,,,,2026-10-01 15:48:17 UTC,https://bazaar.abuse.ch/export/txt/sha256/recent/,Zərərli fayl hash-i (SHA256)
sha256,b61d84fa583915d43e1e258438480c7c1e620bc29a1f392ff53069c96bc11814,64,medium,MalwareBazaar,1,6,2026-10-01T02:05:25+00:00,2026-10-01T16:47:10+00:00,,,,2026-10-01 15:48:17 UTC,https://bazaar.abuse.ch/export/txt/sha256/recent/,Zərərli fayl hash-i (SHA256)
sha256,98031d3a88a74911d5e5bd3988759b3da0e5a045d374645a22f443202c024d4a,64,medium,MalwareBazaar,1,6,2026-10-01T02:05:25+00:00,2026-10-01T16:47:10+00:00,,,,2026-10-01 15:48:17 UTC,https://bazaar.abuse.ch/export/txt/sha256/recent/,Zərərli fayl hash-i (SHA256)
sha256,55bf235812b00215cca14975162f6f4b957351a7ce241f40a81c72674e6de13a,64,medium,MalwareBazaar,1,6,2026-10-01T02:05:25+00:00,2026-10-01T16:47:10+00:00,,,,2026-10-01 15:48:17 UTC,https://bazaar.abuse.ch/export/txt/sha256/recent/,Zərərli fayl hash-i (SHA256)
sha256,7520035b4f52a554d2bd4c31228c631b93c01c4ab9d0c2698a932be56d0f0dc0,64,medium,MalwareBazaar,1,6,2026-10-01T02:05:25+00:00,2026-10-01T16:47:10+00:00,,,,2026-10-01 15:48:17 UTC,https://bazaar.abuse.ch/export/txt/sha256/recent/,Zərərli fayl hash-i (SHA256)
sha256,ee2f6c24942cb88423ee8b121e099b9e114c088b5e13911a114c183c5003b29d,64,medium,MalwareBazaar,1,6,2026-10-01T02:05:25+00:00,2026-10-01T16:47:10+00:00,,,,2026-10-01 15:48:17 UTC,https://bazaar.abuse.ch/export/txt/sha256/recent/,Zərərli fayl hash-i (SHA256)
sha256,feb16eede3fed471351f01b533d37baa0fb70e0082ce6cc2c66c09aee3c4dcc7,64,medium,MalwareBazaar,1,6,2026-10-01T02:05:25+00:00,2026-10-01T16:47:10+00:00,,,,2026-10-01 15:48:17 UTC,https://bazaar.abuse.ch/export/txt/sha256/recent/,Zərərli fayl hash-i (SHA256)
sha256,464efc50ef24bf3fde03f49a807be60ac3ccbbce3b37d47f29891ec14b3a4965,64,medium,MalwareBazaar,1,6,2026-10-01T02:05:25+00:00,2026-10-01T16:47:10+00:00,,,,2026-10-01 15:48:17 UTC,https://bazaar.abuse.ch/export/txt/sha256/recent/,Zərərli fayl hash-i (SHA256)
sha256,15c7b5e02f7ae550661cc3d139041b788125594bcd30546d837f43f52923a0a4,64,medium,MalwareBazaar,1,6,2026-10-01T02:05:25+00:00,2026-10-01T16:47:10+00:00,,,,2026-10-01 15:48:17 UTC,https://bazaar.abuse.ch/export/txt/sha256/recent/,Zərərli fayl hash-i (SHA256)
sha256,03336a657acca578b2ff90d4339f9a763afe50b40fd202994dfc873a381b2f1a,64,medium,MalwareBazaar,1,6,2026-10-01T02:05:25+00:00,2026-10-01T16:47:10+00:00,,,,2026-10-01 15:48:17 UTC,https://bazaar.abuse.ch/export/txt/sha256/recent/,Zərərli fayl hash-i (SHA256)
sha256,833f088369d80122e234f8fcf3bdd42764055e3ea5df9e376a28fd9863066cc4,64,medium,MalwareBazaar,1,6,2026-10-01T02:05:25+00:00,2026-10-01T16:47:10+00:00,,,,2026-10-01 15:48:17 UTC,https://bazaar.abuse.ch/export/txt/sha256/recent/,Zərərli fayl hash-i (SHA256)
sha256,7e87155da96e3218cf26ff3d3f816c0735b4d833bd32fa39799e0cc6b510fbd7,64,medium,MalwareBazaar,1,6,2026-10-01T02:05:25+00:00,2026-10-01T16:47:10+00:00,,,,2026-10-01 15:48:17 UTC,https://bazaar.abuse.ch/export/txt/sha256/recent/,Zərərli fayl hash-i (SHA256)
sha256,195b11341921228cb227cff3066420669f586269b308b5d89fb00142b963462d,64,medium,MalwareBazaar,1,6,2026-10-01T02:05:25+00:00,2026-10-01T16:47:10+00:00,,,,2026-10-01 15:48:17 UTC,https://bazaar.abuse.ch/export/txt/sha256/recent/,Zərərli fayl hash-i (SHA256)
sha256,9c9599dac609bf9417fa582a14376b86c48e4e461605f7d53eb461b5873c983f,64,medium,MalwareBazaar,1,6,2026-10-01T02:05:25+00:00,2026-10-01T16:47:10+00:00,,,,2026-10-01 15:48:17 UTC,https://bazaar.abuse.ch/export/txt/sha256/recent/,Zərərli fayl hash-i (SHA256)
sha256,d7ff34d8d2ec977c73d5bb2b308c85bd4bc9d5e3910af6f26523fc595a0299ac,64,medium,MalwareBazaar,1,6,2026-10-01T02:05:25+00:00,2026-10-01T16:47:10+00:00,,,,2026-10-01 15:48:17 UTC,https://bazaar.abuse.ch/export/txt/sha256/recent/,Zərərli fayl hash-i (SHA256)
sha256,74b7f4a3a0c2fd0dc6e77fd0353f002d1fd324c3b872761b9ec3283cc55e2b35,64,medium,MalwareBazaar,1,6,2026-10-01T02:05:25+00:00,2026-10-01T16:47:10+00:00,,,,2026-10-01 15:48:17 UTC,https://bazaar.abuse.ch/export/txt/sha256/recent/,Zərərli fayl hash-i (SHA256)
sha256,378c84b547b9c0158ce497f589aae592d465eb06ba7ab572e5c98a001a0a43e6,64,medium,MalwareBazaar,1,6,2026-10-01T02:05:25+00:00,2026-10-01T16:47:10+00:00,,,,2026-10-01 15:48:17 UTC,https://bazaar.abuse.ch/export/txt/sha256/recent/,Zərərli fayl hash-i (SHA256)
sha256,5318a8c0007e57e4cabf87ad02375cbf4df5e1b3ef9c2e631a41dc0bfc191db7,64,medium,MalwareBazaar,1,6,2026-10-01T02:05:25+00:00,2026-10-01T16:47:10+00:00,,,,2026-10-01 15:48:17 UTC,https://bazaar.abuse.ch/export/txt/sha256/recent/,Zərərli fayl hash-i (SHA256)
sha256,a05c6b32f33d3a6398ff35d21376e204732499c5be9638c1c130cdde6945ab5a,64,medium,MalwareBazaar,1,6,2026-10-01T02:05:25+00:00,2026-10-01T16:47:10+00:00,,,,2026-10-01 15:48:17 UTC,https://bazaar.abuse.ch/export/txt/sha256/recent/,Zərərli fayl hash-i (SHA256)
sha256,5502969dbfa95043fea97dbd10009ee3be6a9691414298afa8f8e27868074da5,64,medium,MalwareBazaar,1,6,2026-10-01T02:05:25+00:00,2026-10-01T16:47:10+00:00,,,,2026-10-01 15:48:17 UTC,https://bazaar.abuse.ch/export/txt/sha256/recent/,Zərərli fayl hash-i (SHA256)
sha256,23ab402769c82205287e2d474ec599768f193697a3bfe3ed3aa37cf068e16e0a,64,medium,MalwareBazaar,1,6,2026-10-01T02:05:25+00:00,2026-10-01T16:47:10+00:00,,,,2026-10-01 15:48:17 UTC,https://bazaar.abuse.ch/export/txt/sha256/recent/,Zərərli fayl hash-i (SHA256)
sha256,2bddbd811a2874674b3eaefb1c2a9fa9f66011670dd7ce90b510c6136bcda202,64,medium,MalwareBazaar,1,6,2026-10-01T02:05:25+00:00,2026-10-01T16:47:10+00:00,,,,2026-10-01 15:48:17 UTC,https://bazaar.abuse.ch/export/txt/sha256/recent/,Zərərli fayl hash-i (SHA256)
sha256,a88fb78c1e37c9545e5e0a178f1715746b8650dbf6e47de34a6a22b328fe2c83,64,medium,MalwareBazaar,1,6,2026-10-01T02:05:25+00:00,2026-10-01T16:47:10+00:00,,,,2026-10-01 15:48:17 UTC,https://bazaar.abuse.ch/export/txt/sha256/recent/,Zərərli fayl hash-i (SHA256)
sha256,3039d2477fe27cacf3c9946d21fa5cbf3846d10ae331ea3093c44d618976d9af,64,medium,MalwareBazaar,1,6,2026-10-01T02:05:25+00:00,2026-10-01T16:47:10+00:00,,,,2026-10-01 15:48:17 UTC,https://bazaar.abuse.ch/export/txt/sha256/recent/,Zərərli fayl hash-i (SHA256)
sha256,0f137299300df215c191146643a0adde2299ebb297d7e93443952afe3eb627ee,64,medium,MalwareBazaar,1,6,2026-10-01T02:05:25+00:00,2026-10-01T16:47:10+00:00,,,,2026-10-01 15:48:17 UTC,https://bazaar.abuse.ch/export/txt/sha256/recent/,Zərərli fayl hash-i (SHA256)
sha256,715ba9c84148a59393ce9c78921375f8daf244afcb6100c13f067c7e10e3f38f,64,medium,MalwareBazaar,1,6,2026-10-01T02:05:25+00:00,2026-10-01T16:47:10+00:00,,,,2026-10-01 15:48:17 UTC,https://bazaar.abuse.ch/export/txt/sha256/recent/,Zərərli fayl hash-i (SHA256)
sha256,ff298b953eb99995ab0b58fa5acef9a57891ad4c5d527d87dff02a5aaebdea68,64,medium,MalwareBazaar,1,6,2026-10-01T02:05:25+00:00,2026-10-01T16:47:10+00:00,,,,2026-10-01 15:48:17 UTC,https://bazaar.abuse.ch/export/txt/sha256/recent/,Zərərli fayl hash-i (SHA256)
sha256,1c901701ce83b6eac3570ec169d85ae3334df1e4878b359040e1cd9987e2fb68,64,medium,MalwareBazaar,1,6,2026-10-01T02:05:25+00:00,2026-10-01T16:47:10+00:00,,,,2026-10-01 15:48:17 UTC,https://bazaar.abuse.ch/export/txt/sha256/recent/,Zərərli fayl hash-i (SHA256)
sha256,1850f7e4e1e5ec094d71c3461f95df764fe2531d5f387edb01851c3e56a6f8b3,64,medium,MalwareBazaar,1,6,2026-10-01T02:05:25+00:00,2026-10-01T16:47:10+00:00,,,,2026-10-01 15:48:17 UTC,https://bazaar.abuse.ch/export/txt/sha256/recent/,Zərərli fayl hash-i (SHA256)
sha256,19eedd5c7c38ee1f9fe5ce871a33c27e7ece880729729d853f80e9d372bfe4a3,64,medium,MalwareBazaar,1,6,2026-10-01T02:05:25+00:00,2026-10-01T16:47:10+00:00,,,,2026-10-01 15:48:17 UTC,https://bazaar.abuse.ch/export/txt/sha256/recent/,Zərərli fayl hash-i (SHA256)
sha256,adc8990ec03d1bf4a1aeb0e1e4c80eff1a0887d8d7e30a2b92d9e3906ddf3439,64,medium,MalwareBazaar,1,6,2026-10-01T02:05:25+00:00,2026-10-01T16:47:10+00:00,,,,2026-10-01 15:48:17 UTC,https://bazaar.abuse.ch/export/txt/sha256/recent/,Zərərli fayl hash-i (SHA256)
sha256,a6d3116d97cfde4f4c1dc3dce174cab2d2f77f0b4448df9645b94185e062925d,64,medium,MalwareBazaar,1,6,2026-10-01T02:05:25+00:00,2026-10-01T16:47:10+00:00,,,,2026-10-01 15:48:17 UTC,https://bazaar.abuse.ch/export/txt/sha256/recent/,Zərərli fayl hash-i (SHA256)
sha256,9908e7cd3a36309fc132ce8600fa4be74acfe449fb068102a39d298d3ba7b554,64,medium,MalwareBazaar,1,6,2026-10-01T02:05:25+00:00,2026-10-01T16:47:10+00:00,,,,2026-10-01 15:48:17 UTC,https://bazaar.abuse.ch/export/txt/sha256/recent/,Zərərli fayl hash-i (SHA256)
sha256,56b5dad237eac47f1ccc062e740ec9e7c38ed9001fda0ef61b254637f7a10d8d,64,medium,MalwareBazaar,1,6,2026-10-01T02:05:25+00:00,2026-10-01T16:47:10+00:00,,,,2026-10-01 15:48:17 UTC,https://bazaar.abuse.ch/export/txt/sha256/recent/,Zərərli fayl hash-i (SHA256)
sha256,4a776592f53753da93e70545ab33c53f2ce31105b09347e8acebd7ff13abe211,64,medium,MalwareBazaar,1,6,2026-10-01T02:05:25+00:00,2026-10-01T16:47:10+00:00,,,,2026-10-01 15:48:17 UTC,https://bazaar.abuse.ch/export/txt/sha256/recent/,Zərərli fayl hash-i (SHA256)
sha256,305d4199910d04c9ecbcca9eda376a32e4e3905f7f2215c8345228cc82be53a9,64,medium,MalwareBazaar,1,6,2026-10-01T02:05:25+00:00,2026-10-01T16:47:10+00:00,,,,2026-10-01 15:48:17 UTC,https://bazaar.abuse.ch/export/txt/sha256/recent/,Zərərli fayl hash-i (SHA256)
sha256,3d03ca2323731ada6ab3dd39168ad469645a6f0fb6c6060e9f4d2225d5cf4e42,64,medium,MalwareBazaar,1,6,2026-10-01T02:05:25+00:00,2026-10-01T16:47:10+00:00,,,,2026-10-01 15:48:17 UTC,https://bazaar.abuse.ch/export/txt/sha256/recent/,Zərərli fayl hash-i (SHA256)
sha256,f367633134cf14d9bfa393bdbf246833d90268dc1ffade89051fb3023fa2e6c0,64,medium,MalwareBazaar,1,6,2026-10-01T02:05:25+00:00,2026-10-01T16:47:10+00:00,,,,2026-10-01 15:48:17 UTC,https://bazaar.abuse.ch/export/txt/sha256/recent/,Zərərli fayl hash-i (SHA256)
sha256,096867d8292c7f10e74f000e10e104ea6ab4aa5893f8dfe76c9646ed9ce33813,64,medium,MalwareBazaar,1,6,2026-10-01T02:05:25+00:00,2026-10-01T16:47:10+00:00,,,,2026-10-01 15:48:17 UTC,https://bazaar.abuse.ch/export/txt/sha256/recent/,Zərərli fayl hash-i (SHA256)
sha256,c73afa3ab87f551197063a9bbd59f6a2f07388e712bf03e5c0cb24909621cfa1,64,medium,MalwareBazaar,1,6,2026-10-01T02:05:25+00:00,2026-10-01T16:47:10+00:00,,,,2026-10-01 15:48:17 UTC,https://bazaar.abuse.ch/export/txt/sha256/recent/,Zərərli fayl hash-i (SHA256)
sha256,d9bc9ecda1b6ede85f0a039ad51919a38ad78df4bf231d048836c66cb2b19958,64,medium,MalwareBazaar,1,6,2026-10-01T02:05:25+00:00,2026-10-01T16:47:10+00:00,,,,2026-10-01 15:48:17 UTC,https://bazaar.abuse.ch/export/txt/sha256/recent/,Zərərli fayl hash-i (SHA256)
sha256,347e6daf8e02ca410b31e15d4bb47d888e702905c8d3b6524d51301fb08b7ef5,64,medium,MalwareBazaar,1,6,2026-10-01T02:05:25+00:00,2026-10-01T16:47:10+00:00,,,,2026-10-01 15:48:17 UTC,https://bazaar.abuse.ch/export/txt/sha256/recent/,Zərərli fayl hash-i (SHA256)
sha256,0f49a2e12d586580be6711da7d6501a66e59b55960aff65cee83379a34385dd8,64,medium,MalwareBazaar,1,6,2026-10-01T02:05:25+00:00,2026-10-01T16:47:10+00:00,,,,2026-10-01 15:48:17 UTC,https://bazaar.abuse.ch/export/txt/sha256/recent/,Zərərli fayl hash-i (SHA256)
sha256,f700882ddb52d14cdbe811e9f40b864496fcfe2377e24e4ea9c90e807a4c3481,64,medium,MalwareBazaar,1,6,2026-10-01T02:05:25+00:00,2026-10-01T16:47:10+00:00,,,,2026-10-01 15:48:17 UTC,https://bazaar.abuse.ch/export/txt/sha256/recent/,Zərərli fayl hash-i (SHA256)
sha256,0c535456f78808bfaa66ebccbf0820ce5d2a331ee07550e45f9f3a7e8b8ead42,64,medium,MalwareBazaar,1,6,2026-10-01T02:05:25+00:00,2026-10-01T16:47:10+00:00,,,,2026-10-01 15:48:17 UTC,https://bazaar.abuse.ch/export/txt/sha256/recent/,Zərərli fayl hash-i (SHA256)
sha256,bc31b6810f314bbc1ff6c65b2485316852aa5137bb4208c2be26d2036995e0b3,64,medium,MalwareBazaar,1,6,2026-10-01T02:05:25+00:00,2026-10-01T16:47:10+00:00,,,,2026-10-01 15:48:17 UTC,https://bazaar.abuse.ch/export/txt/sha256/recent/,Zərərli fayl hash-i (SHA256)
sha256,68271ad668ca780ea62440f1fd444c7aed91779860c5dc1dc6b7a88d71b40f81,64,medium,MalwareBazaar,1,6,2026-10-01T02:05:25+00:00,2026-10-01T16:47:10+00:00,,,,2026-10-01 15:48:17 UTC,https://bazaar.abuse.ch/export/txt/sha256/recent/,Zərərli fayl hash-i (SHA256)
sha256,a15cd91612d6d90f9a58b34a80ff5071cb21d0a57376660c00555215e75332da,64,medium,MalwareBazaar,1,6,2026-10-01T02:05:25+00:00,2026-10-01T16:47:10+00:00,,,,2026-10-01 15:48:17 UTC,https://bazaar.abuse.ch/export/txt/sha256/recent/,Zərərli fayl hash-i (SHA256)
sha256,5b4abd109e5024b7ec1ce16a94642f607deb9d589697f4be79140835ac92f444,64,medium,MalwareBazaar,1,6,2026-10-01T02:05:25+00:00,2026-10-01T16:47:10+00:00,,,,2026-10-01 15:48:17 UTC,https://bazaar.abuse.ch/export/txt/sha256/recent/,Zərərli fayl hash-i (SHA256)
sha256,7bd3ecc3cd15208e90161a84e266b9ccaa0ccfe0993acca638553c4195adc3fe,64,medium,MalwareBazaar,1,6,2026-10-01T02:05:25+00:00,2026-10-01T16:47:10+00:00,,,,2026-10-01 15:48:17 UTC,https://bazaar.abuse.ch/export/txt/sha256/recent/,Zərərli fayl hash-i (SHA256)
sha256,6272cc2ee363eff4577eebc7473a91e178dd97ecc733ff2dbdc21945dca8e6fa,64,medium,MalwareBazaar,1,6,2026-10-01T02:05:25+00:00,2026-10-01T16:47:10+00:00,,,,2026-10-01 15:48:17 UTC,https://bazaar.abuse.ch/export/txt/sha256/recent/,Zərərli fayl hash-i (SHA256)
sha256,22eb648140560088ba4a08bbe1ac02001715221acf15dc4fe75eb8b0eb8773ac,64,medium,MalwareBazaar,1,6,2026-10-01T02:05:25+00:00,2026-10-01T16:47:10+00:00,,,,2026-10-01 15:48:17 UTC,https://bazaar.abuse.ch/export/txt/sha256/recent/,Zərərli fayl hash-i (SHA256)
sha256,7fad468e4d9bb06e388a731f87993331d6efc17701075a503cafd8270eae8404,64,medium,MalwareBazaar,1,6,2026-10-01T02:05:25+00:00,2026-10-01T16:47:10+00:00,,,,2026-10-01 15:48:17 UTC,https://bazaar.abuse.ch/export/txt/sha256/recent/,Zərərli fayl hash-i (SHA256)
sha256,8bfadfba4540c1b894af12c44945ee66ee7da5c56f02ed6f1e2f51b56f0eba11,64,medium,MalwareBazaar,1,6,2026-10-01T02:05:25+00:00,2026-10-01T16:47:10+00:00,,,,2026-10-01 15:48:17 UTC,https://bazaar.abuse.ch/export/txt/sha256/recent/,Zərərli fayl hash-i (SHA256)
sha256,486f08d15d516de6d5dc8bfa6ac77139fdceab396ddd67f446f95298308d4674,64,medium,MalwareBazaar,1,6,2026-10-01T02:05:25+00:00,2026-10-01T16:47:10+00:00,,,,2026-10-01 15:48:17 UTC,https://bazaar.abuse.ch/export/txt/sha256/recent/,Zərərli fayl hash-i (SHA256)
sha256,233ea9da700465f3ca05581cd128c514900d7e7af8c0b53dee8759dc76b90603,64,medium,MalwareBazaar,1,6,2026-10-01T02:05:25+00:00,2026-10-01T16:47:10+00:00,,,,2026-10-01 15:48:17 UTC,https://bazaar.abuse.ch/export/txt/sha256/recent/,Zərərli fayl hash-i (SHA256)
sha256,fb9338dab63ee181b206aa433229f1b9788aed44401df38c144ee3ae5f92b33e,64,medium,MalwareBazaar,1,6,2026-10-01T02:05:25+00:00,2026-10-01T16:47:10+00:00,,,,2026-10-01 15:48:17 UTC,https://bazaar.abuse.ch/export/txt/sha256/recent/,Zərərli fayl hash-i (SHA256)
sha256,84eb8fe11c6cdeb7c54b6b42f2329b45d2ee987f0a0229641bb9900ef03f2e4b,64,medium,MalwareBazaar,1,6,2026-10-01T02:05:25+00:00,2026-10-01T16:47:10+00:00,,,,2026-10-01 15:48:17 UTC,https://bazaar.abuse.ch/export/txt/sha256/recent/,Zərərli fayl hash-i (SHA256)
sha256,ff2acdcb9b320ccabb61598c722e36dc0c6565c275025cbd287cb23403697229,64,medium,MalwareBazaar,1,6,2026-10-01T02:05:25+00:00,2026-10-01T16:47:10+00:00,,,,2026-10-01 15:48:17 UTC,https://bazaar.abuse.ch/export/txt/sha256/recent/,Zərərli fayl hash-i (SHA256)
sha256,d30bda2b72f81b885bd907b312376fe9a9e156057152b743846c02a10cc34928,64,medium,MalwareBazaar,1,6,2026-10-01T02:05:25+00:00,2026-10-01T16:47:10+00:00,,,,2026-10-01 15:48:17 UTC,https://bazaar.abuse.ch/export/txt/sha256/recent/,Zərərli fayl hash-i (SHA256)
sha256,b8644e7bdf468dc7d5f10960cfe4ce4b0dbdf1d0a7ee2cc91bed20b41487aedc,64,medium,MalwareBazaar,1,6,2026-10-01T02:05:25+00:00,2026-10-01T16:47:10+00:00,,,,2026-10-01 15:48:17 UTC,https://bazaar.abuse.ch/export/txt/sha256/recent/,Zərərli fayl hash-i (SHA256)
sha256,3b71c59c8f9e3f6891f31966c331640c3a5935c54480711c91b94cf73d0005e8,64,medium,MalwareBazaar,1,6,2026-10-01T02:05:25+00:00,2026-10-01T16:47:10+00:00,,,,2026-10-01 15:48:17 UTC,https://bazaar.abuse.ch/export/txt/sha256/recent/,Zərərli fayl hash-i (SHA256)
sha256,198abde8969d2ff5ef351135abcd142b6961ecee1543d5f3fff5453159a358ab,64,medium,MalwareBazaar,1,6,2026-10-01T02:05:25+00:00,2026-10-01T16:47:10+00:00,,,,2026-10-01 15:48:17 UTC,https://bazaar.abuse.ch/export/txt/sha256/recent/,Zərərli fayl hash-i (SHA256)
sha256,17acfe0e71f4d77c59fcf267f1d326ee69c55ab623824a2ea2183505047a611c,64,medium,MalwareBazaar,1,6,2026-10-01T02:05:25+00:00,2026-10-01T16:47:10+00:00,,,,2026-10-01 15:48:17 UTC,https://bazaar.abuse.ch/export/txt/sha256/recent/,Zərərli fayl hash-i (SHA256)
sha256,2940b74b3ede610b86359c4fd6bc9abd069a6060db3aa2f62439aaea782d2c3d,64,medium,MalwareBazaar,1,6,2026-10-01T02:05:25+00:00,2026-10-01T16:47:10+00:00,,,,2026-10-01 15:48:17 UTC,https://bazaar.abuse.ch/export/txt/sha256/recent/,Zərərli fayl hash-i (SHA256)
sha256,c0e14bdae4eeff4a5cefb7977ce59c2be49cea2f8ba2be5be7c3c7861485ac54,64,medium,MalwareBazaar,1,6,2026-10-01T02:05:25+00:00,2026-10-01T16:47:10+00:00,,,,2026-10-01 15:48:17 UTC,https://bazaar.abuse.ch/export/txt/sha256/recent/,Zərərli fayl hash-i (SHA256)
sha256,a8779b355da42f2da5ea777a155ddb98f233c2a840b44beed8ee4ce014cd3917,64,medium,MalwareBazaar,1,6,2026-10-01T02:05:25+00:00,2026-10-01T16:47:10+00:00,,,,2026-10-01 15:48:17 UTC,https://bazaar.abuse.ch/export/txt/sha256/recent/,Zərərli fayl hash-i (SHA256)
sha256,8332091688507f3ccc5b3d8c24bdeb7fa423e6d859a50e2bb70fada72bedca89,64,medium,MalwareBazaar,1,6,2026-10-01T02:05:25+00:00,2026-10-01T16:47:10+00:00,,,,2026-10-01 15:48:17 UTC,https://bazaar.abuse.ch/export/txt/sha256/recent/,Zərərli fayl hash-i (SHA256)
sha256,ef6cb3a97187e6713e26bb364ebeb8a8a7ddd3c2515277fe3913c3c6d3dbf80a,64,medium,MalwareBazaar,1,6,2026-10-01T02:05:25+00:00,2026-10-01T16:47:10+00:00,,,,2026-10-01 15:48:17 UTC,https://bazaar.abuse.ch/export/txt/sha256/recent/,Zərərli fayl hash-i (SHA256)
sha256,6b4e0d72096f995a95086241d4b8527d11089449bbdd81999d54a7560454d933,64,medium,MalwareBazaar,1,6,2026-10-01T02:05:25+00:00,2026-10-01T16:47:10+00:00,,,,2026-10-01 15:48:17 UTC,https://bazaar.abuse.ch/export/txt/sha256/recent/,Zərərli fayl hash-i (SHA256)
sha256,d6a857dde5373dc178ad7e9efdbf967904480ebbe710e7faf51fa2893e41d458,64,medium,MalwareBazaar,1,6,2026-10-01T02:05:25+00:00,2026-10-01T16:47:10+00:00,,,,2026-10-01 15:48:17 UTC,https://bazaar.abuse.ch/export/txt/sha256/recent/,Zərərli fayl hash-i (SHA256)
sha256,b09b80a1550ab3b00808e47547d83bbab01d8d7b912200ced9576ebda1317186,64,medium,MalwareBazaar,1,6,2026-10-01T02:05:25+00:00,2026-10-01T16:47:10+00:00,,,,2026-10-01 15:48:17 UTC,https://bazaar.abuse.ch/export/txt/sha256/recent/,Zərərli fayl hash-i (SHA256)
sha256,ec4c2e36fe53f131dd9ca6c23f0e5f0e61c30378a2cfd676625a6b9b056b49a4,64,medium,MalwareBazaar,1,6,2026-10-01T02:05:25+00:00,2026-10-01T16:47:10+00:00,,,,2026-10-01 15:48:17 UTC,https://bazaar.abuse.ch/export/txt/sha256/recent/,Zərərli fayl hash-i (SHA256)
sha256,79a3fb868886a0656e625747b0934aa9024aec0a56d53e0b01e0571184040f69,64,medium,MalwareBazaar,1,6,2026-10-01T02:05:25+00:00,2026-10-01T16:47:10+00:00,,,,2026-10-01 15:48:17 UTC,https://bazaar.abuse.ch/export/txt/sha256/recent/,Zərərli fayl hash-i (SHA256)
sha256,7701a62b2fe48ae9a2d183a23c4c8567d3fe6834a24c7798ec9d25f98b537faa,64,medium,MalwareBazaar,1,6,2026-10-01T02:05:25+00:00,2026-10-01T16:47:10+00:00,,,,2026-10-01 15:48:17 UTC,https://bazaar.abuse.ch/export/txt/sha256/recent/,Zərərli fayl hash-i (SHA256)
sha256,057d284db4635e15df9e91b2e346b00096b94fc61b5d8bcacd2efc8b25f85d3e,64,medium,MalwareBazaar,1,6,2026-10-01T02:05:25+00:00,2026-10-01T16:47:10+00:00,,,,2026-10-01 15:48:17 UTC,https://bazaar.abuse.ch/export/txt/sha256/recent/,Zərərli fayl hash-i (SHA256)
sha256,4587f323727146402d6c93d4f17092b781e4b432db4b8620d4e69f02210903e3,64,medium,MalwareBazaar,1,6,2026-10-01T02:05:25+00:00,2026-10-01T16:47:10+00:00,,,,2026-10-01 15:48:17 UTC,https://bazaar.abuse.ch/export/txt/sha256/recent/,Zərərli fayl hash-i (SHA256)
sha256,4443ecee316788f1a9f7140434ab3de40118e31aee5b13aab765ff5b6440f447,64,medium,MalwareBazaar,1,6,2026-10-01T02:05:25+00:00,2026-10-01T16:47:10+00:00,,,,2026-10-01 15:48:17 UTC,https://bazaar.abuse.ch/export/txt/sha256/recent/,Zərərli fayl hash-i (SHA256)
sha256,3202f7fb5c59abdbdefba7f231d06a2cfd3ac771922240830ad55f3c45ba59a9,64,medium,MalwareBazaar,1,6,2026-10-01T02:05:25+00:00,2026-10-01T16:47:10+00:00,,,,2026-10-01 15:48:17 UTC,https://bazaar.abuse.ch/export/txt/sha256/recent/,Zərərli fayl hash-i (SHA256)
sha256,e0019f075c9ff2c6a517c80f75fd3390856f83103e24a5f0078d449bb443ba0f,64,medium,MalwareBazaar,1,6,2026-10-01T02:05:25+00:00,2026-10-01T16:47:10+00:00,,,,2026-10-01 15:48:17 UTC,https://bazaar.abuse.ch/export/txt/sha256/recent/,Zərərli fayl hash-i (SHA256)
sha256,c9507ccbf6580dc69ff21e9bdc3a7577a91a512abbacb0c77a6d8331bd8c8a74,64,medium,MalwareBazaar,1,6,2026-10-01T02:05:25+00:00,2026-10-01T16:47:10+00:00,,,,2026-10-01 15:48:17 UTC,https://bazaar.abuse.ch/export/txt/sha256/recent/,Zərərli fayl hash-i (SHA256)
sha256,c040473b323c4457e439224ba7fe5c4a2e356e810e56f7e60bc0b2ff7cdb0547,64,medium,MalwareBazaar,1,6,2026-10-01T02:05:25+00:00,2026-10-01T16:47:10+00:00,,,,2026-10-01 15:48:17 UTC,https://bazaar.abuse.ch/export/txt/sha256/recent/,Zərərli fayl hash-i (SHA256)
sha256,bdc9f7666d57ed342f51500389139d45d0b231d7d5d1f51976d37e32666e6c2e,64,medium,MalwareBazaar,1,6,2026-10-01T02:05:25+00:00,2026-10-01T16:47:10+00:00,,,,2026-10-01 15:48:17 UTC,https://bazaar.abuse.ch/export/txt/sha256/recent/,Zərərli fayl hash-i (SHA256)
sha256,6d4742cc271e7ed8fa985319448170f203ad4058dc9bbe201a5ff33e291af7d7,64,medium,MalwareBazaar,1,6,2026-10-01T02:05:25+00:00,2026-10-01T16:47:10+00:00,,,,2026-10-01 15:48:17 UTC,https://bazaar.abuse.ch/export/txt/sha256/recent/,Zərərli fayl hash-i (SHA256)
sha256,68873d3ae02d610cacba579642ec4501aebaec08b76f87464b9f6c6ea9021b57,64,medium,MalwareBazaar,1,6,2026-10-01T02:05:25+00:00,2026-10-01T16:47:10+00:00,,,,2026-10-01 15:48:17 UTC,https://bazaar.abuse.ch/export/txt/sha256/recent/,Zərərli fayl hash-i (SHA256)
sha256,d27ce26a6c3214207af44ce02cfd34f643c02e4461a0f11b8e6e8e064faa5e7d,64,medium,MalwareBazaar,1,6,2026-10-01T02:05:25+00:00,2026-10-01T16:47:10+00:00,,,,2026-10-01 15:48:17 UTC,https://bazaar.abuse.ch/export/txt/sha256/recent/,Zərərli fayl hash-i (SHA256)
sha256,b66265e0aece243e933fef10e69556ec1579d73393023628848ebe9139e7bdfc,64,medium,MalwareBazaar,1,6,2026-10-01T02:05:25+00:00,2026-10-01T16:47:10+00:00,,,,2026-10-01 15:48:17 UTC,https://bazaar.abuse.ch/export/txt/sha256/recent/,Zərərli fayl hash-i (SHA256)
sha256,6a9a7cd731954cb236b06bbca89e622b988c23f67eb7bc7f15b1a437f5a8f8cc,64,medium,MalwareBazaar,1,6,2026-10-01T02:05:25+00:00,2026-10-01T16:47:10+00:00,,,,2026-10-01 15:48:17 UTC,https://bazaar.abuse.ch/export/txt/sha256/recent/,Zərərli fayl hash-i (SHA256)
sha256,877b6e0b9aae13d64bd6d797a3a2c551957ef5ab42eaa6cd2105a42c64e21be9,64,medium,MalwareBazaar,1,6,2026-10-01T02:05:25+00:00,2026-10-01T16:47:10+00:00,,,,2026-10-01 15:48:17 UTC,https://bazaar.abuse.ch/export/txt/sha256/recent/,Zərərli fayl hash-i (SHA256)
sha256,13de740f062e9e61416b1016c162a1655aeba397e9097fc98e4371e5dc4f189d,64,medium,MalwareBazaar,1,6,2026-10-01T02:05:25+00:00,2026-10-01T16:47:10+00:00,,,,2026-10-01 15:48:17 UTC,https://bazaar.abuse.ch/export/txt/sha256/recent/,Zərərli fayl hash-i (SHA256)
sha256,02993e01ab95724465610ab4ed21c469132e33071e1a7e85ef8ba273fda3e923,64,medium,MalwareBazaar,1,6,2026-10-01T02:05:25+00:00,2026-10-01T16:47:10+00:00,,,,2026-10-01 15:48:17 UTC,https://bazaar.abuse.ch/export/txt/sha256/recent/,Zərərli fayl hash-i (SHA256)
sha256,4cf6b9f21b1f3572c753d7e82980265ba74f902da6f9550e951b02650bbe6314,64,medium,MalwareBazaar,1,6,2026-10-01T02:05:25+00:00,2026-10-01T16:47:10+00:00,,,,2026-10-01 15:48:17 UTC,https://bazaar.abuse.ch/export/txt/sha256/recent/,Zərərli fayl hash-i (SHA256)
sha256,e419dc7e34ac9748188bb60f6e38d50cf1c2a1a5c632870591df6ed8231e5e63,64,medium,MalwareBazaar,1,6,2026-10-01T02:05:25+00:00,2026-10-01T16:47:10+00:00,,,,2026-10-01 15:48:17 UTC,https://bazaar.abuse.ch/export/txt/sha256/recent/,Zərərli fayl hash-i (SHA256)
sha256,ed63c33e9155e964d7e799c63aa7360b6da5ea45b1740fa139e6e596cb3d64b3,64,medium,MalwareBazaar,1,6,2026-10-01T02:05:25+00:00,2026-10-01T16:47:10+00:00,,,,2026-10-01 15:48:17 UTC,https://bazaar.abuse.ch/export/txt/sha256/recent/,Zərərli fayl hash-i (SHA256)
sha256,66d3ae2415d4b4566ad50cf198a713ae77ea98043008ffff18e80459ee1b4a8e,64,medium,MalwareBazaar,1,6,2026-10-01T02:05:25+00:00,2026-10-01T16:47:10+00:00,,,,2026-10-01 15:48:17 UTC,https://bazaar.abuse.ch/export/txt/sha256/recent/,Zərərli fayl hash-i (SHA256)
sha256,04f52500f81353f7d14da957894e90c4217d10b0c1cd957cbc5777fbd182dee3,64,medium,MalwareBazaar,1,6,2026-10-01T02:05:25+00:00,2026-10-01T16:47:10+00:00,,,,2026-10-01 15:48:17 UTC,https://bazaar.abuse.ch/export/txt/sha256/recent/,Zərərli fayl hash-i (SHA256)
sha256,4cff227eab35276d3168b57ab90ea68798f8527ef476f3cd6eec121df771094e,64,medium,MalwareBazaar,1,6,2026-10-01T02:05:25+00:00,2026-10-01T16:47:10+00:00,,,,2026-10-01 15:48:17 UTC,https://bazaar.abuse.ch/export/txt/sha256/recent/,Zərərli fayl hash-i (SHA256)
sha256,08665fcac5fb616960399a2a0a444122403ca537d073680e632f99422c5c2a7e,64,medium,MalwareBazaar,1,6,2026-10-01T02:05:25+00:00,2026-10-01T16:47:10+00:00,,,,2026-10-01 15:48:17 UTC,https://bazaar.abuse.ch/export/txt/sha256/recent/,Zərərli fayl hash-i (SHA256)
sha256,86f57b6d24c2e28c2a7a77ecd2edf5a6b3000f5a7a1dec8eb6f9bdef9a8a665b,64,medium,MalwareBazaar,1,6,2026-10-01T02:05:25+00:00,2026-10-01T16:47:10+00:00,,,,2026-10-01 15:48:17 UTC,https://bazaar.abuse.ch/export/txt/sha256/recent/,Zərərli fayl hash-i (SHA256)
sha256,47aa9bcda80ca9677ad31a611bf7b3d4c18ef8dded1dd94ac023277d8432188a,64,medium,MalwareBazaar,1,6,2026-10-01T02:05:25+00:00,2026-10-01T16:47:10+00:00,,,,2026-10-01 15:48:17 UTC,https://bazaar.abuse.ch/export/txt/sha256/recent/,Zərərli fayl hash-i (SHA256)
sha256,c3c9eeb02eba86801f64f666cd2f73c163c5e4bc65f9dc05d8d03ec5aa3e7245,64,medium,MalwareBazaar,1,6,2026-10-01T02:05:25+00:00,2026-10-01T16:47:10+00:00,,,,2026-10-01 15:48:17 UTC,https://bazaar.abuse.ch/export/txt/sha256/recent/,Zərərli fayl hash-i (SHA256)
sha256,4ddd6278278d6fa066c7391a34222dbf1168b6884148feaabc5bd676c23a21e4,64,medium,MalwareBazaar,1,6,2026-10-01T02:05:25+00:00,2026-10-01T16:47:10+00:00,,,,2026-10-01 15:48:17 UTC,https://bazaar.abuse.ch/export/txt/sha256/recent/,Zərərli fayl hash-i (SHA256)
sha256,f0ffd2efb721295a5e0e4a7d0feabcfe22d8bfd60f9f2497cfaa21d6bcbe0247,64,medium,MalwareBazaar,1,6,2026-10-01T02:05:25+00:00,2026-10-01T16:47:10+00:00,,,,2026-10-01 15:48:17 UTC,https://bazaar.abuse.ch/export/txt/sha256/recent/,Zərərli fayl hash-i (SHA256)
sha256,325c1e9e68522f5184934aa039288f6191a702c9c7d9dffaef9b7fa227070868,64,medium,MalwareBazaar,1,6,2026-10-01T02:05:25+00:00,2026-10-01T16:47:10+00:00,,,,2026-10-01 15:48:17 UTC,https://bazaar.abuse.ch/export/txt/sha256/recent/,Zərərli fayl hash-i (SHA256)
sha256,1cbe5c970aec582a68b8d159f16edf0297d407f5f09c0e63981e5e0a4a76e3cd,64,medium,MalwareBazaar,1,6,2026-10-01T02:05:25+00:00,2026-10-01T16:47:10+00:00,,,,2026-10-01 15:48:17 UTC,https://bazaar.abuse.ch/export/txt/sha256/recent/,Zərərli fayl hash-i (SHA256)
sha256,a83711c1c388f59d9b5dce5531a3efdb14cc2266547c1cbc7b43fa5bf1245075,64,medium,MalwareBazaar,1,6,2026-10-01T02:05:25+00:00,2026-10-01T16:47:10+00:00,,,,2026-10-01 15:48:17 UTC,https://bazaar.abuse.ch/export/txt/sha256/recent/,Zərərli fayl hash-i (SHA256)
sha256,1036cc6d4d4d746498736ce15ff6e251bf630d20030104c432d33ee000a0fda1,64,medium,MalwareBazaar,1,6,2026-10-01T02:05:25+00:00,2026-10-01T16:47:10+00:00,,,,2026-10-01 15:48:17 UTC,https://bazaar.abuse.ch/export/txt/sha256/recent/,Zərərli fayl hash-i (SHA256)
sha256,b85024bd29b9e859d15f71437c70e4a0fa2742ef3997a98c913629019ccf905f,64,medium,MalwareBazaar,1,6,2026-10-01T02:05:25+00:00,2026-10-01T16:47:10+00:00,,,,2026-10-01 15:48:17 UTC,https://bazaar.abuse.ch/export/txt/sha256/recent/,Zərərli fayl hash-i (SHA256)
sha256,af13df7ccc8d4f4cc61ab3d3f89deed68fea5bbabc0fbdfe16ac5b0c11d42fa9,64,medium,MalwareBazaar,1,6,2026-10-01T02:05:25+00:00,2026-10-01T16:47:10+00:00,,,,2026-10-01 15:48:17 UTC,https://bazaar.abuse.ch/export/txt/sha256/recent/,Zərərli fayl hash-i (SHA256)
sha256,664b588361afe8a09a79b76496b497cb903dd0ac6140da60fe35f106e2aed6a3,64,medium,MalwareBazaar,1,6,2026-10-01T02:05:25+00:00,2026-10-01T16:47:10+00:00,,,,2026-10-01 15:48:17 UTC,https://bazaar.abuse.ch/export/txt/sha256/recent/,Zərərli fayl hash-i (SHA256)
sha256,42571b951f4452302de48632994745d61e50a88a3544c07f7c72e6cb886d433f,64,medium,MalwareBazaar,1,6,2026-10-01T02:05:25+00:00,2026-10-01T16:47:10+00:00,,,,2026-10-01 15:48:17 UTC,https://bazaar.abuse.ch/export/txt/sha256/recent/,Zərərli fayl hash-i (SHA256)
sha256,a6d6a06fe43498f286ef597414680bbdade27ea129f3a3a49c7ef44a1f9a655e,64,medium,MalwareBazaar,1,6,2026-10-01T02:05:25+00:00,2026-10-01T16:47:10+00:00,,,,2026-10-01 15:48:17 UTC,https://bazaar.abuse.ch/export/txt/sha256/recent/,Zərərli fayl hash-i (SHA256)
sha256,87c7218977a1efc94ffe9acc1f672fcc774543edb8b81eb748794ec70666bcd2,64,medium,MalwareBazaar,1,6,2026-10-01T02:05:25+00:00,2026-10-01T16:47:10+00:00,,,,2026-10-01 15:48:17 UTC,https://bazaar.abuse.ch/export/txt/sha256/recent/,Zərərli fayl hash-i (SHA256)
sha256,f1b4b4eb482058ee05c5a66c72cd32a981372ebe74941a1366cc6829371e2882,64,medium,MalwareBazaar,1,6,2026-10-01T02:05:25+00:00,2026-10-01T16:47:10+00:00,,,,2026-10-01 15:48:17 UTC,https://bazaar.abuse.ch/export/txt/sha256/recent/,Zərərli fayl hash-i (SHA256)
sha256,c34d9ea96e37934b805bdd0a8821411555409a7e16f43b109d5d14de7adb1d8b,64,medium,MalwareBazaar,1,6,2026-10-01T02:05:25+00:00,2026-10-01T16:47:10+00:00,,,,2026-10-01 15:48:17 UTC,https://bazaar.abuse.ch/export/txt/sha256/recent/,Zərərli fayl hash-i (SHA256)
sha256,cecba651d8f5a3b81daf33882dc3d56c586df8608559d6bc4836c07990e5ed5e,64,medium,MalwareBazaar,1,6,2026-10-01T02:05:25+00:00,2026-10-01T16:47:10+00:00,,,,2026-10-01 15:48:17 UTC,https://bazaar.abuse.ch/export/txt/sha256/recent/,Zərərli fayl hash-i (SHA256)
sha256,40f0717c38e59bae3f7520b66cd001cb0f1529d21d92fb9bb08192002be7b2c1,64,medium,MalwareBazaar,1,6,2026-10-01T02:05:25+00:00,2026-10-01T16:47:10+00:00,,,,2026-10-01 15:48:17 UTC,https://bazaar.abuse.ch/export/txt/sha256/recent/,Zərərli fayl hash-i (SHA256)
sha256,e7e6917f67e4c0f55b18aeee4b16249ded6e18f75f3ea62e0e45021214f5241f,64,medium,MalwareBazaar,1,6,2026-10-01T02:05:25+00:00,2026-10-01T16:47:10+00:00,,,,2026-10-01 15:48:17 UTC,https://bazaar.abuse.ch/export/txt/sha256/recent/,Zərərli fayl hash-i (SHA256)
sha256,7b1c1b85784b92f8d4e7a7f3e6edd8a3b90cd708c75c09f17e62241433c2f3f9,64,medium,MalwareBazaar,1,6,2026-10-01T02:05:25+00:00,2026-10-01T16:47:10+00:00,,,,2026-10-01 15:48:17 UTC,https://bazaar.abuse.ch/export/txt/sha256/recent/,Zərərli fayl hash-i (SHA256)
sha256,6d543e84280d6f80decb3d4ade13ec40ddb43a2ca6ff398b41c1aee6d53a3628,64,medium,MalwareBazaar,1,6,2026-10-01T02:05:25+00:00,2026-10-01T16:47:10+00:00,,,,2026-10-01 15:48:17 UTC,https://bazaar.abuse.ch/export/txt/sha256/recent/,Zərərli fayl hash-i (SHA256)
sha256,057036c046e2493de37fe08e72300b25432f85e4d7e49dda27d262978ed61e7b,64,medium,MalwareBazaar,1,6,2026-10-01T02:05:25+00:00,2026-10-01T16:47:10+00:00,,,,2026-10-01 15:48:17 UTC,https://bazaar.abuse.ch/export/txt/sha256/recent/,Zərərli fayl hash-i (SHA256)
sha256,b0c649118d72a98cdc3705f6e4228fda081b7b3022184d4bd600031fdd820d8c,64,medium,MalwareBazaar,1,6,2026-10-01T02:05:25+00:00,2026-10-01T16:47:10+00:00,,,,2026-10-01 15:48:17 UTC,https://bazaar.abuse.ch/export/txt/sha256/recent/,Zərərli fayl hash-i (SHA256)
sha256,5a3223401dc2beae0c5f64a24b417ac07ffd95a831c87ea5c4022c71bdeb3f5a,64,medium,MalwareBazaar,1,6,2026-10-01T02:05:25+00:00,2026-10-01T16:47:10+00:00,,,,2026-10-01 15:48:17 UTC,https://bazaar.abuse.ch/export/txt/sha256/recent/,Zərərli fayl hash-i (SHA256)
sha256,7646b3e8487c81da874ac8eb773056fa6c466e5c0408a1459a03696be779a49d,64,medium,MalwareBazaar,1,6,2026-10-01T02:05:25+00:00,2026-10-01T16:47:10+00:00,,,,2026-10-01 15:48:17 UTC,https://bazaar.abuse.ch/export/txt/sha256/recent/,Zərərli fayl hash-i (SHA256)
sha256,b74cab9d6eac63c8aa8bc5b022405ca71c24ad0386014c2e7d4a7d9fa82d0d71,64,medium,MalwareBazaar,1,6,2026-10-01T02:05:25+00:00,2026-10-01T16:47:10+00:00,,,,2026-10-01 15:48:17 UTC,https://bazaar.abuse.ch/export/txt/sha256/recent/,Zərərli fayl hash-i (SHA256)
sha256,ef623e1bb1406840ff45159af99c63b8568d487d6d8661b5bcb8c0b6fa850d17,64,medium,MalwareBazaar,1,6,2026-10-01T02:05:25+00:00,2026-10-01T16:47:10+00:00,,,,2026-10-01 15:48:17 UTC,https://bazaar.abuse.ch/export/txt/sha256/recent/,Zərərli fayl hash-i (SHA256)
sha256,5eaa0ccc36bc6bd8c5a3d9959123b57c3b8a3edee6456252dc518e691514a53c,64,medium,MalwareBazaar,1,6,2026-10-01T02:05:25+00:00,2026-10-01T16:47:10+00:00,,,,2026-10-01 15:48:17 UTC,https://bazaar.abuse.ch/export/txt/sha256/recent/,Zərərli fayl hash-i (SHA256)
sha256,805f0308a791df7e8f5e504fb2fc732340ac64841bcad180b91cf0b12fbe132d,64,medium,MalwareBazaar,1,6,2026-10-01T02:05:25+00:00,2026-10-01T16:47:10+00:00,,,,2026-10-01 15:48:17 UTC,https://bazaar.abuse.ch/export/txt/sha256/recent/,Zərərli fayl hash-i (SHA256)
sha256,3afc8d7302707109d5b944e9b1e8d039749b7aa7d2fd79255f7253df216afb0a,64,medium,MalwareBazaar,1,6,2026-10-01T02:05:25+00:00,2026-10-01T16:47:10+00:00,,,,2026-10-01 15:48:17 UTC,https://bazaar.abuse.ch/export/txt/sha256/recent/,Zərərli fayl hash-i (SHA256)
sha256,89c4ab580238143d9ebf7fb7e0686a4a0ab09e83fed0bc28a4f5f2e9e205e019,64,medium,MalwareBazaar,1,6,2026-10-01T02:05:25+00:00,2026-10-01T16:47:10+00:00,,,,2026-10-01 15:48:17 UTC,https://bazaar.abuse.ch/export/txt/sha256/recent/,Zərərli fayl hash-i (SHA256)
sha256,b10c4841a0aec65c50a6fe07532b2c8f10c4fda90e4a6223e9b16d1f17eb0b54,64,medium,MalwareBazaar,1,6,2026-10-01T02:05:25+00:00,2026-10-01T16:47:10+00:00,,,,2026-10-01 15:48:17 UTC,https://bazaar.abuse.ch/export/txt/sha256/recent/,Zərərli fayl hash-i (SHA256)
sha256,070ba172753a92d15aa6bccd35f362cf3081559c47e0e014b8d7b44dc4eb8e90,64,medium,MalwareBazaar,1,6,2026-10-01T02:05:25+00:00,2026-10-01T16:47:10+00:00,,,,2026-10-01 15:48:17 UTC,https://bazaar.abuse.ch/export/txt/sha256/recent/,Zərərli fayl hash-i (SHA256)
sha256,61e3d41268477aab211c13c0a32d77b65143fc2e93bf761d0d2f1ff5e637bd9f,64,medium,MalwareBazaar,1,6,2026-10-01T02:05:25+00:00,2026-10-01T16:47:10+00:00,,,,2026-10-01 15:48:17 UTC,https://bazaar.abuse.ch/export/txt/sha256/recent/,Zərərli fayl hash-i (SHA256)
sha256,3c1bbb267a96e3a7e977b02dcbb0e8fa32672ec7bea1c7a9a89d2abd5f5e2a61,64,medium,MalwareBazaar,1,6,2026-10-01T02:05:25+00:00,2026-10-01T16:47:10+00:00,,,,2026-10-01 15:48:17 UTC,https://bazaar.abuse.ch/export/txt/sha256/recent/,Zərərli fayl hash-i (SHA256)
sha256,aec0edeb379a4ec9fcc2235e3d0e78f9f01205d4475ad6aaec1497af1a7b619f,64,medium,MalwareBazaar,1,6,2026-10-01T02:05:25+00:00,2026-10-01T16:47:10+00:00,,,,2026-10-01 15:48:17 UTC,https://bazaar.abuse.ch/export/txt/sha256/recent/,Zərərli fayl hash-i (SHA256)
sha256,604a084c32b6dadb63880a0bf40fb8094067d303c682fd244c361e6cc06653bf,64,medium,MalwareBazaar,1,6,2026-10-01T02:05:25+00:00,2026-10-01T16:47:10+00:00,,,,2026-10-01 15:48:17 UTC,https://bazaar.abuse.ch/export/txt/sha256/recent/,Zərərli fayl hash-i (SHA256)
sha256,f4ef14c9608f1e23e2ae37a8fac48a1df3d82ad1227c8190d8e490b0b2548c6a,64,medium,MalwareBazaar,1,6,2026-10-01T02:05:25+00:00,2026-10-01T16:47:10+00:00,,,,2026-10-01 15:48:17 UTC,https://bazaar.abuse.ch/export/txt/sha256/recent/,Zərərli fayl hash-i (SHA256)
sha256,6e728a7d177a759df4c049c2da09df3ea9ce42fd2309d4eb0281e3ec781d5e8a,64,medium,MalwareBazaar,1,6,2026-10-01T02:05:25+00:00,2026-10-01T16:47:10+00:00,,,,2026-10-01 15:48:17 UTC,https://bazaar.abuse.ch/export/txt/sha256/recent/,Zərərli fayl hash-i (SHA256)
sha256,01f371912892cd5edca55a3a2b40d6a091e4074e8b80b86600aa90e532cfff1b,64,medium,MalwareBazaar,1,6,2026-10-01T02:05:25+00:00,2026-10-01T16:47:10+00:00,,,,2026-10-01 15:48:17 UTC,https://bazaar.abuse.ch/export/txt/sha256/recent/,Zərərli fayl hash-i (SHA256)
sha256,4eadb29d77e9b220298dfb63453de1fdba4676ccea1cdbe2543fb5606a67c2bb,64,medium,MalwareBazaar,1,6,2026-10-01T02:05:25+00:00,2026-10-01T16:47:10+00:00,,,,2026-10-01 15:48:17 UTC,https://bazaar.abuse.ch/export/txt/sha256/recent/,Zərərli fayl hash-i (SHA256)
sha256,4fe548a13b64e34089a61ae85e6b0765ae97eab11d51e49a28cf60bd91c3e723,64,medium,MalwareBazaar,1,6,2026-10-01T02:05:25+00:00,2026-10-01T16:47:10+00:00,,,,2026-10-01 15:48:17 UTC,https://bazaar.abuse.ch/export/txt/sha256/recent/,Zərərli fayl hash-i (SHA256)
sha256,5001c94c26e86d35be14a44c7539c11cd7c6ad6e90d6dbdbe0fb20d75a5d98f8,64,medium,MalwareBazaar,1,6,2026-10-01T02:05:25+00:00,2026-10-01T16:47:10+00:00,,,,2026-10-01 15:48:17 UTC,https://bazaar.abuse.ch/export/txt/sha256/recent/,Zərərli fayl hash-i (SHA256)
sha256,10864a1169b63fa6df81181f616dfa740e4fe87dc2baa55346671909c05067a2,64,medium,MalwareBazaar,1,6,2026-10-01T02:05:25+00:00,2026-10-01T16:47:10+00:00,,,,2026-10-01 15:48:17 UTC,https://bazaar.abuse.ch/export/txt/sha256/recent/,Zərərli fayl hash-i (SHA256)
sha256,199d3bca7dba47b07741181c6943ced79fb758640177cc6d114d916d0cfc3874,64,medium,MalwareBazaar,1,5,2026-10-01T02:05:25+00:00,2026-10-01T14:20:56+00:00,,,,2026-10-01 12:43:20 UTC,https://bazaar.abuse.ch/export/txt/sha256/recent/,Zərərli fayl hash-i (SHA256)
sha256,0fa058e03e84a5f95f3453a48affd1ffb90f7a5b4a88965c453d5697b0d77869,64,medium,MalwareBazaar,1,5,2026-10-01T02:05:25+00:00,2026-10-01T14:20:56+00:00,,,,2026-10-01 12:43:20 UTC,https://bazaar.abuse.ch/export/txt/sha256/recent/,Zərərli fayl hash-i (SHA256)
sha256,905875f98083af8c8f692cded87b1f36e87f68b0c09072aa171a84fb9f957e11,64,medium,MalwareBazaar,1,5,2026-10-01T02:05:25+00:00,2026-10-01T14:20:56+00:00,,,,2026-10-01 12:43:20 UTC,https://bazaar.abuse.ch/export/txt/sha256/recent/,Zərərli fayl hash-i (SHA256)
sha256,d274af0fcf513c3d489d40aeec5a69d7f3f09db26d5ac2a2c2fb65697259b3c0,64,medium,MalwareBazaar,1,5,2026-10-01T02:05:25+00:00,2026-10-01T14:20:56+00:00,,,,2026-10-01 12:43:20 UTC,https://bazaar.abuse.ch/export/txt/sha256/recent/,Zərərli fayl hash-i (SHA256)
sha256,d2b182709ddaf7a6ebec9bc2a5a3a7f245d1aed211810f0ca74f953683302662,64,medium,MalwareBazaar,1,5,2026-10-01T02:05:25+00:00,2026-10-01T14:20:56+00:00,,,,2026-10-01 12:43:20 UTC,https://bazaar.abuse.ch/export/txt/sha256/recent/,Zərərli fayl hash-i (SHA256)
sha256,052930158bc4e129bcafd12332a817d0716d53818cb756c5e5cf7dd08ecedd6e,64,medium,MalwareBazaar,1,5,2026-10-01T02:05:25+00:00,2026-10-01T14:20:56+00:00,,,,2026-10-01 12:43:20 UTC,https://bazaar.abuse.ch/export/txt/sha256/recent/,Zərərli fayl hash-i (SHA256)
sha256,9c781919e4658e0fb4fd9e55f665a3db933f87ad750c46f8cffc74093441bb65,64,medium,MalwareBazaar,1,5,2026-10-01T02:05:25+00:00,2026-10-01T14:20:56+00:00,,,,2026-10-01 12:43:20 UTC,https://bazaar.abuse.ch/export/txt/sha256/recent/,Zərərli fayl hash-i (SHA256)
sha256,c9202dc8155eba2442d946174b4212b0c74b766ef8cf148cc276c2318d001b3c,64,medium,MalwareBazaar,1,5,2026-10-01T02:05:25+00:00,2026-10-01T14:20:56+00:00,,,,2026-10-01 12:43:20 UTC,https://bazaar.abuse.ch/export/txt/sha256/recent/,Zərərli fayl hash-i (SHA256)
sha256,43a5fbead56ffab9262bcb1c400dc2079028c2e4cf76a5ddc1c96bc779eb0dab,64,medium,MalwareBazaar,1,5,2026-10-01T02:05:25+00:00,2026-10-01T14:20:56+00:00,,,,2026-10-01 12:43:20 UTC,https://bazaar.abuse.ch/export/txt/sha256/recent/,Zərərli fayl hash-i (SHA256)
sha256,7e25b5c8110ed1d03512a2e9dfdfe7ad26ce1df1d71505567724464ae58dd9d5,64,medium,MalwareBazaar,1,5,2026-10-01T02:05:25+00:00,2026-10-01T14:20:56+00:00,,,,2026-10-01 12:43:20 UTC,https://bazaar.abuse.ch/export/txt/sha256/recent/,Zərərli fayl hash-i (SHA256)
sha256,70e90eba0cdc19f2bff6f859be32c60a675f33c10316c62f23f1498dd980097e,64,medium,MalwareBazaar,1,5,2026-10-01T02:05:25+00:00,2026-10-01T14:20:56+00:00,,,,2026-10-01 12:43:20 UTC,https://bazaar.abuse.ch/export/txt/sha256/recent/,Zərərli fayl hash-i (SHA256)
sha256,494a7099ad7c4bc528e172be576488cddf29d8fd7e2faf3964ae1ff6b206010f,64,medium,MalwareBazaar,1,5,2026-10-01T02:05:25+00:00,2026-10-01T14:20:56+00:00,,,,2026-10-01 12:43:20 UTC,https://bazaar.abuse.ch/export/txt/sha256/recent/,Zərərli fayl hash-i (SHA256)
sha256,852374df118e93ba75d10d516237ebee894d435487c58bb35f436aa387cfd775,64,medium,MalwareBazaar,1,5,2026-10-01T02:05:25+00:00,2026-10-01T14:20:56+00:00,,,,2026-10-01 12:43:20 UTC,https://bazaar.abuse.ch/export/txt/sha256/recent/,Zərərli fayl hash-i (SHA256)
sha256,56cd05520efb71e67e08e1d436a18991bfe2bd6d8e5865fd00d4120df28dd569,64,medium,MalwareBazaar,1,5,2026-10-01T02:05:25+00:00,2026-10-01T14:20:56+00:00,,,,2026-10-01 12:43:20 UTC,https://bazaar.abuse.ch/export/txt/sha256/recent/,Zərərli fayl hash-i (SHA256)
sha256,d4813f0d21891e986f9ba6eb66376e0eaa829fbb3c0de6b6a3866307c6fbf1d6,64,medium,MalwareBazaar,1,5,2026-10-01T02:05:25+00:00,2026-10-01T14:20:56+00:00,,,,2026-10-01 12:43:20 UTC,https://bazaar.abuse.ch/export/txt/sha256/recent/,Zərərli fayl hash-i (SHA256)
sha256,0d058d45156ad9a11704e56481fa03ad01aafec5a0e273d89f06075e56e94898,64,medium,MalwareBazaar,1,5,2026-10-01T02:05:25+00:00,2026-10-01T14:20:56+00:00,,,,2026-10-01 12:43:20 UTC,https://bazaar.abuse.ch/export/txt/sha256/recent/,Zərərli fayl hash-i (SHA256)
sha256,d0ec32e389f3ea70d70cad67061ed6fa125641925821ec0546ebc463709d8f39,64,medium,MalwareBazaar,1,5,2026-10-01T02:05:25+00:00,2026-10-01T14:20:56+00:00,,,,2026-10-01 12:43:20 UTC,https://bazaar.abuse.ch/export/txt/sha256/recent/,Zərərli fayl hash-i (SHA256)
sha256,8930320fe13e4d8fe414aee6e63f7e4330f5b2fb7d22a8323e4234109b766bac,64,medium,MalwareBazaar,1,5,2026-10-01T02:05:25+00:00,2026-10-01T14:20:56+00:00,,,,2026-10-01 12:43:20 UTC,https://bazaar.abuse.ch/export/txt/sha256/recent/,Zərərli fayl hash-i (SHA256)
sha256,d167d0010022762df19ec53931c8cfc1cd6fd6e6a30c2b0c4b16c7c72e53add2,64,medium,MalwareBazaar,1,5,2026-10-01T02:05:25+00:00,2026-10-01T14:20:56+00:00,,,,2026-10-01 12:43:20 UTC,https://bazaar.abuse.ch/export/txt/sha256/recent/,Zərərli fayl hash-i (SHA256)
sha256,7b770d8047ec3b7eef509b23b29953d9f5bc1a3ffe3edb49d9c706f4fedbaba8,64,medium,MalwareBazaar,1,5,2026-10-01T02:05:25+00:00,2026-10-01T14:20:56+00:00,,,,2026-10-01 12:43:20 UTC,https://bazaar.abuse.ch/export/txt/sha256/recent/,Zərərli fayl hash-i (SHA256)
sha256,4d05c67d9235eea9468d90ec4cfb65084577d604dc56949ab608f4b9a388e3c8,64,medium,MalwareBazaar,1,5,2026-10-01T02:05:25+00:00,2026-10-01T14:20:56+00:00,,,,2026-10-01 12:43:20 UTC,https://bazaar.abuse.ch/export/txt/sha256/recent/,Zərərli fayl hash-i (SHA256)
sha256,4a6053af2849569b62a2f16bc6419f6645651240a9ae668dc617bb633d320ecf,64,medium,MalwareBazaar,1,5,2026-10-01T02:05:25+00:00,2026-10-01T14:20:56+00:00,,,,2026-10-01 12:43:20 UTC,https://bazaar.abuse.ch/export/txt/sha256/recent/,Zərərli fayl hash-i (SHA256)
sha256,8b945815b12bb38655fa40f9438e6528d2c9f40040a9091461fc465d3e815e85,64,medium,MalwareBazaar,1,5,2026-10-01T02:05:25+00:00,2026-10-01T14:20:56+00:00,,,,2026-10-01 12:43:20 UTC,https://bazaar.abuse.ch/export/txt/sha256/recent/,Zərərli fayl hash-i (SHA256)
sha256,c571da34ec2edce2816ff4092ab21abc6250a6c410ee1f54586f2170a2d5010f,64,medium,MalwareBazaar,1,5,2026-10-01T02:05:25+00:00,2026-10-01T14:20:56+00:00,,,,2026-10-01 12:43:20 UTC,https://bazaar.abuse.ch/export/txt/sha256/recent/,Zərərli fayl hash-i (SHA256)
sha256,97dfd5a49df4d96be02f24f11bd2cd50ee60f6c75d5881322342ef6694d89e01,64,medium,MalwareBazaar,1,5,2026-10-01T02:05:25+00:00,2026-10-01T14:20:56+00:00,,,,2026-10-01 12:43:20 UTC,https://bazaar.abuse.ch/export/txt/sha256/recent/,Zərərli fayl hash-i (SHA256)
sha256,c4e0876a45de5f50b084bd939bc5551f53c2ee2322c52327ad4adc294654a65c,64,medium,MalwareBazaar,1,5,2026-10-01T02:05:25+00:00,2026-10-01T14:20:56+00:00,,,,2026-10-01 12:43:20 UTC,https://bazaar.abuse.ch/export/txt/sha256/recent/,Zərərli fayl hash-i (SHA256)
sha256,6ef354799f95ca78e2ac44523e4b3e78c8372aee45495aecb6d90b5fb13e7431,64,medium,MalwareBazaar,1,5,2026-10-01T02:05:25+00:00,2026-10-01T14:20:56+00:00,,,,2026-10-01 12:43:20 UTC,https://bazaar.abuse.ch/export/txt/sha256/recent/,Zərərli fayl hash-i (SHA256)
sha256,e8a6cb4a34df14c8e3e918dd50016e3ae34d29fa8996fb8a39d64d6c1a0620b6,64,medium,MalwareBazaar,1,5,2026-10-01T02:05:25+00:00,2026-10-01T14:20:56+00:00,,,,2026-10-01 12:43:20 UTC,https://bazaar.abuse.ch/export/txt/sha256/recent/,Zərərli fayl hash-i (SHA256)
sha256,f0e86a646b8b0432f45967c52ca2125223a6fabb17895cedd82185d41e901a3e,64,medium,MalwareBazaar,1,5,2026-10-01T02:05:25+00:00,2026-10-01T14:20:56+00:00,,,,2026-10-01 12:43:20 UTC,https://bazaar.abuse.ch/export/txt/sha256/recent/,Zərərli fayl hash-i (SHA256)
sha256,aff6bdabc1968b78215b02e2c4649267b4320d9367d9a9eac5d41d51afb2f39e,64,medium,MalwareBazaar,1,5,2026-10-01T02:05:25+00:00,2026-10-01T14:20:56+00:00,,,,2026-10-01 12:43:20 UTC,https://bazaar.abuse.ch/export/txt/sha256/recent/,Zərərli fayl hash-i (SHA256)
sha256,a7bce3a6c5cf2d70d11c0c8e1cfebb4a6ffd7ce7bda7f3889ec6d391e9c4abcc,64,medium,MalwareBazaar,1,5,2026-10-01T02:05:25+00:00,2026-10-01T14:20:56+00:00,,,,2026-10-01 12:43:20 UTC,https://bazaar.abuse.ch/export/txt/sha256/recent/,Zərərli fayl hash-i (SHA256)
sha256,80e578fc0068b0f3d5bd5d126cfdf3ecb0008bfa65a11e2cf4aa81602dce8ed3,64,medium,MalwareBazaar,1,5,2026-10-01T02:05:25+00:00,2026-10-01T14:20:56+00:00,,,,2026-10-01 12:43:20 UTC,https://bazaar.abuse.ch/export/txt/sha256/recent/,Zərərli fayl hash-i (SHA256)
sha256,210b9ec35dd156f47189191ed6c172bf39a76ccf8bfeadfbeefa9d50bf900a65,64,medium,MalwareBazaar,1,5,2026-10-01T02:05:25+00:00,2026-10-01T14:20:56+00:00,,,,2026-10-01 12:43:20 UTC,https://bazaar.abuse.ch/export/txt/sha256/recent/,Zərərli fayl hash-i (SHA256)
sha256,c6d07f9aab66d6d499849b1c0682a62e62c679b23484cebbd00b35d56062c641,64,medium,MalwareBazaar,1,5,2026-10-01T02:05:25+00:00,2026-10-01T14:20:56+00:00,,,,2026-10-01 12:43:20 UTC,https://bazaar.abuse.ch/export/txt/sha256/recent/,Zərərli fayl hash-i (SHA256)
sha256,8f80af4c564e3e40d664d46956e30958b0864f9e1255dede9055144c878de7a9,64,medium,MalwareBazaar,1,5,2026-10-01T02:05:25+00:00,2026-10-01T14:20:56+00:00,,,,2026-10-01 12:43:20 UTC,https://bazaar.abuse.ch/export/txt/sha256/recent/,Zərərli fayl hash-i (SHA256)
sha256,7cdf9789262be312b6500f429122c26d373a00e9308dab49f2ccd853dcba5552,64,medium,MalwareBazaar,1,5,2026-10-01T02:05:25+00:00,2026-10-01T14:20:56+00:00,,,,2026-10-01 12:43:20 UTC,https://bazaar.abuse.ch/export/txt/sha256/recent/,Zərərli fayl hash-i (SHA256)
sha256,69218215be1d8f2bffebf504a3304dc96fd269ee3627628e86e015933c3d5099,64,medium,MalwareBazaar,1,5,2026-10-01T02:05:25+00:00,2026-10-01T14:20:56+00:00,,,,2026-10-01 12:43:20 UTC,https://bazaar.abuse.ch/export/txt/sha256/recent/,Zərərli fayl hash-i (SHA256)
sha256,0e29adf337e39dabdc8a67e15cf8d137dce34b49b245e9101d74de485f52da7e,64,medium,MalwareBazaar,1,5,2026-10-01T02:05:25+00:00,2026-10-01T14:20:56+00:00,,,,2026-10-01 12:43:20 UTC,https://bazaar.abuse.ch/export/txt/sha256/recent/,Zərərli fayl hash-i (SHA256)
sha256,9b78081264f0dda6eb772be728183fa62cc7b47de3c0fb78bf8958ee6a404181,64,medium,MalwareBazaar,1,5,2026-10-01T02:05:25+00:00,2026-10-01T14:20:56+00:00,,,,2026-10-01 12:43:20 UTC,https://bazaar.abuse.ch/export/txt/sha256/recent/,Zərərli fayl hash-i (SHA256)
sha256,d09d7b9ca0fc9af0bd3fa32a05813f026753c54ee9f2a311180a3eaf65047e8b,64,medium,MalwareBazaar,1,5,2026-10-01T02:05:25+00:00,2026-10-01T14:20:56+00:00,,,,2026-10-01 12:43:20 UTC,https://bazaar.abuse.ch/export/txt/sha256/recent/,Zərərli fayl hash-i (SHA256)
sha256,790d57f1dfe8de58499518e2c25848aaa2424989e2186d960f6ddf95487b02ab,64,medium,MalwareBazaar,1,5,2026-10-01T02:05:25+00:00,2026-10-01T14:20:56+00:00,,,,2026-10-01 12:43:20 UTC,https://bazaar.abuse.ch/export/txt/sha256/recent/,Zərərli fayl hash-i (SHA256)
sha256,f61305f2ea34804e69e91ab5f9f2a09fe673183ef3473437a0b5ddd6d5172f93,64,medium,MalwareBazaar,1,5,2026-10-01T02:05:25+00:00,2026-10-01T14:20:56+00:00,,,,2026-10-01 12:43:20 UTC,https://bazaar.abuse.ch/export/txt/sha256/recent/,Zərərli fayl hash-i (SHA256)
sha256,665380b5da4abd23fd05f691bd698c4e6896736700776bcb8ab0df2597a4b630,64,medium,MalwareBazaar,1,5,2026-10-01T02:05:25+00:00,2026-10-01T14:20:56+00:00,,,,2026-10-01 12:43:20 UTC,https://bazaar.abuse.ch/export/txt/sha256/recent/,Zərərli fayl hash-i (SHA256)
sha256,45cf579fb67411276d6ddc41f7aaa4c19098621c90ee3295dea8c06b433efc37,64,medium,MalwareBazaar,1,5,2026-10-01T02:05:25+00:00,2026-10-01T14:20:56+00:00,,,,2026-10-01 12:43:20 UTC,https://bazaar.abuse.ch/export/txt/sha256/recent/,Zərərli fayl hash-i (SHA256)
sha256,c1395bc0d306b9309ab0dc26961200087ba74be7147501003d1814efcc671965,64,medium,MalwareBazaar,1,5,2026-10-01T02:05:25+00:00,2026-10-01T14:20:56+00:00,,,,2026-10-01 12:43:20 UTC,https://bazaar.abuse.ch/export/txt/sha256/recent/,Zərərli fayl hash-i (SHA256)
sha256,0507f067f172fb4d8d152d360b362ae0de6d6fd77c4c8f4c6c1560c875b5a4ff,64,medium,MalwareBazaar,1,5,2026-10-01T02:05:25+00:00,2026-10-01T14:20:56+00:00,,,,2026-10-01 12:43:20 UTC,https://bazaar.abuse.ch/export/txt/sha256/recent/,Zərərli fayl hash-i (SHA256)
sha256,b65b8281049cea30123bcbb1b08c1d65d4ba1011fac13c05105a3ace9d02d4fc,64,medium,MalwareBazaar,1,5,2026-10-01T02:05:25+00:00,2026-10-01T14:20:56+00:00,,,,2026-10-01 12:43:20 UTC,https://bazaar.abuse.ch/export/txt/sha256/recent/,Zərərli fayl hash-i (SHA256)
sha256,104eaad2ad34b69adaf2e47db31300b65b1f5bea133d693741219416a0bae214,64,medium,MalwareBazaar,1,5,2026-10-01T02:05:25+00:00,2026-10-01T14:20:56+00:00,,,,2026-10-01 12:43:20 UTC,https://bazaar.abuse.ch/export/txt/sha256/recent/,Zərərli fayl hash-i (SHA256)
sha256,9e1b3ad63e5da5c756495d8f2dbddb7ff783b2f4013ed4fc6c6b32c217a91d0b,64,medium,MalwareBazaar,1,5,2026-10-01T02:05:25+00:00,2026-10-01T14:20:56+00:00,,,,2026-10-01 12:43:20 UTC,https://bazaar.abuse.ch/export/txt/sha256/recent/,Zərərli fayl hash-i (SHA256)
sha256,ffb1bd6c802156826d0784ddd55d2d2391f0593853915fb88ec7e2534b2331b6,40,low,MalwareBazaar,1,3,2026-10-01T02:05:25+00:00,2026-10-01T13:18:48+00:00,,,,,,Zərərli fayl hash-i (SHA256)
sha256,4f2200821ba5e453f1dda6bdadfbffb8300df00f0e95af3a8412226561711f40,40,low,MalwareBazaar,1,3,2026-10-01T02:05:25+00:00,2026-10-01T13:18:48+00:00,,,,,,Zərərli fayl hash-i (SHA256)
sha256,7c72541b1162f6d4086ab7c28f3e92988af28c9a000ffbc6cb05ab4367bf7b92,40,low,MalwareBazaar,1,3,2026-10-01T02:05:25+00:00,2026-10-01T13:18:48+00:00,,,,,,Zərərli fayl hash-i (SHA256)
sha256,1f519871562d11c43a29c00987a21b9ce22b483cac00a4c7b3d2f51f86a89902,40,low,MalwareBazaar,1,3,2026-10-01T02:05:25+00:00,2026-10-01T13:18:48+00:00,,,,,,Zərərli fayl hash-i (SHA256)
sha256,e43f11909ffd6eefbca6e2a861abbfadcc72bcab8258047e847692ac2e1068d8,40,low,MalwareBazaar,1,3,2026-10-01T02:05:25+00:00,2026-10-01T13:18:48+00:00,,,,,,Zərərli fayl hash-i (SHA256)
sha256,ac9a2105efe6f38edaaa6e5af711348aab21f46bf73e53e7bdc4de66082c746c,40,low,MalwareBazaar,1,3,2026-10-01T02:05:25+00:00,2026-10-01T13:18:48+00:00,,,,,,Zərərli fayl hash-i (SHA256)
sha256,d48c7bcebcc2ca286ba4382a23b680d658b7e43f38e1f934143765bc4bc2e0cf,40,low,MalwareBazaar,1,3,2026-10-01T02:05:25+00:00,2026-10-01T13:18:48+00:00,,,,,,Zərərli fayl hash-i (SHA256)
sha256,d0e1d44790cedfee80f79e74b43a6b22c17af99319751434985e334d38ab3867,40,low,MalwareBazaar,1,3,2026-10-01T02:05:25+00:00,2026-10-01T13:18:48+00:00,,,,,,Zərərli fayl hash-i (SHA256)
sha256,a573af0b81dcaca9953ebb137633828c82d6eb9e5884ea2e8c9398638368f172,40,low,MalwareBazaar,1,3,2026-10-01T02:05:25+00:00,2026-10-01T13:18:48+00:00,,,,,,Zərərli fayl hash-i (SHA256)
sha256,ea6a0df56f91552d3030b0a3db6358fbe83e92895e7bf58188f34efa5e1093a5,40,low,MalwareBazaar,1,3,2026-10-01T02:05:25+00:00,2026-10-01T13:18:48+00:00,,,,,,Zərərli fayl hash-i (SHA256)
sha256,bb0ca78c08dad49bbac623995add1fb61c25f41a30f020fb8e4e8764af5c9327,40,low,MalwareBazaar,1,3,2026-10-01T02:05:25+00:00,2026-10-01T13:18:48+00:00,,,,,,Zərərli fayl hash-i (SHA256)
sha256,f316a9d6705077d4b0ef17ea2c9bc1a540d6b05b2bd1351e4bd7bfa200e81487,40,low,MalwareBazaar,1,3,2026-10-01T02:05:25+00:00,2026-10-01T13:18:48+00:00,,,,,,Zərərli fayl hash-i (SHA256)
sha256,6eb93335fb25d5301ec8a84980765a56746297166f79baadb26d3e7159bd06a8,40,low,MalwareBazaar,1,3,2026-10-01T02:05:25+00:00,2026-10-01T13:18:48+00:00,,,,,,Zərərli fayl hash-i (SHA256)
sha256,c63927180770c605bfc6b7c69b1198fe57cba36a08fc9799e6f0325468dd0584,40,low,MalwareBazaar,1,3,2026-10-01T02:05:25+00:00,2026-10-01T13:18:48+00:00,,,,,,Zərərli fayl hash-i (SHA256)
sha256,64fa2a3b7846e061b99ad6c66b30fca6459a58935b29d7e45e88b3698281a2a4,40,low,MalwareBazaar,1,3,2026-10-01T02:05:25+00:00,2026-10-01T13:18:48+00:00,,,,,,Zərərli fayl hash-i (SHA256)
sha256,c258229ec4b1519fb02c5df196b774f131c7d60cf650ff59ca7c97f53d4b9434,40,low,MalwareBazaar,1,3,2026-10-01T02:05:25+00:00,2026-10-01T13:18:48+00:00,,,,,,Zərərli fayl hash-i (SHA256)
sha256,642649ebce20df2446dd0cab4a24d9c06ff051d449fdf854336bf4726055900a,40,low,MalwareBazaar,1,3,2026-10-01T02:05:25+00:00,2026-10-01T13:18:48+00:00,,,,,,Zərərli fayl hash-i (SHA256)
sha256,dd1c3b2bfe32b41902ffe875e568f52f44f0900209b9cb447c9ae4444a5dce4e,40,low,MalwareBazaar,1,3,2026-10-01T02:05:25+00:00,2026-10-01T13:18:48+00:00,,,,,,Zərərli fayl hash-i (SHA256)
sha256,acb72157d8ced316e47b91f7c1c1e6a55f757b3c9e2b6af9b489fec18e4396a9,40,low,MalwareBazaar,1,3,2026-10-01T02:05:25+00:00,2026-10-01T13:18:48+00:00,,,,,,Zərərli fayl hash-i (SHA256)
sha256,66d3101e3b2207acdbdd9d0c14a1c3ea064e14a771705d8a4583faecaba98544,40,low,MalwareBazaar,1,3,2026-10-01T02:05:25+00:00,2026-10-01T13:18:48+00:00,,,,,,Zərərli fayl hash-i (SHA256)
sha256,fb8eb3f18143e4142b73c7f18170cd63736e3c554a7c53381899a42baa8ca8d9,40,low,MalwareBazaar,1,3,2026-10-01T02:05:25+00:00,2026-10-01T13:18:48+00:00,,,,,,Zərərli fayl hash-i (SHA256)
sha256,e44869eb433cab78c1c26f9200b172fc198707b4f593129db4f5f911e5ef7573,40,low,MalwareBazaar,1,3,2026-10-01T02:05:25+00:00,2026-10-01T13:18:48+00:00,,,,,,Zərərli fayl hash-i (SHA256)
sha256,3e3f0f03a52304570aaf18d4536e8be8a3577e68a198edc53e5877283c18ea5d,40,low,MalwareBazaar,1,3,2026-10-01T02:05:25+00:00,2026-10-01T13:18:48+00:00,,,,,,Zərərli fayl hash-i (SHA256)
sha256,e6ae38bf506ed49e46ef94ec85afc458058e983f2bb2bbb34e28b1d3acfcdbff,40,low,MalwareBazaar,1,3,2026-10-01T02:05:25+00:00,2026-10-01T13:18:48+00:00,,,,,,Zərərli fayl hash-i (SHA256)
sha256,dc5021a0e1d00fb1da9eef2b5d5ac3f9a5906e5c3c17470807c3845083ac5a6d,40,low,MalwareBazaar,1,3,2026-10-01T02:05:25+00:00,2026-10-01T13:18:48+00:00,,,,,,Zərərli fayl hash-i (SHA256)
sha256,74d03fc1f9576464040569101e660954c215695e89a0f447e08a2da502040bc4,40,low,MalwareBazaar,1,3,2026-10-01T02:05:25+00:00,2026-10-01T13:18:48+00:00,,,,,,Zərərli fayl hash-i (SHA256)
sha256,401c5e167f6f17b2b8362c2056f22d8843d1fa52195e89ba4e88d9346d179496,40,low,MalwareBazaar,1,3,2026-10-01T02:05:25+00:00,2026-10-01T13:18:48+00:00,,,,,,Zərərli fayl hash-i (SHA256)
sha256,d782bdd883c0a1f8c484e50765a1481116f9e700fea7dc9e39df2ab4cb9dd8a2,40,low,MalwareBazaar,1,3,2026-10-01T02:05:25+00:00,2026-10-01T13:18:48+00:00,,,,,,Zərərli fayl hash-i (SHA256)
sha256,59681a58ec2f5fd767a2890d500805278f7fd2914ebd8c4d3c7013c4bb2f9fb9,40,low,MalwareBazaar,1,3,2026-10-01T02:05:25+00:00,2026-10-01T13:18:48+00:00,,,,,,Zərərli fayl hash-i (SHA256)
sha256,fa209da594d14353c42b4a9277faf0a18343c66d1fa5787f6cb66343403450d4,40,low,MalwareBazaar,1,2,2026-10-01T02:05:25+00:00,2026-10-01T09:35:21+00:00,,,,,,Zərərli fayl hash-i (SHA256)
sha256,2e3a5916ab0295006d3ca3a4777b55564b6ffe9eca182a468cfc2732b1682e7c,40,low,MalwareBazaar,1,2,2026-10-01T02:05:25+00:00,2026-10-01T09:35:21+00:00,,,,,,Zərərli fayl hash-i (SHA256)
sha256,3fee81b949b7c5c5da1149d092bf5a650d2eb40bbc5cabefbb49116863491e58,40,low,MalwareBazaar,1,2,2026-10-01T02:05:25+00:00,2026-10-01T09:35:21+00:00,,,,,,Zərərli fayl hash-i (SHA256)
sha256,3e9d2a25455864e01236a21539b1b6d98bc05cb211356d15e0e1a147098c82c2,40,low,MalwareBazaar,1,2,2026-10-01T02:05:25+00:00,2026-10-01T09:35:21+00:00,,,,,,Zərərli fayl hash-i (SHA256)
sha256,cd0c535c37fd25fd8d2e80324b92cb2cc6d25b17ab59e86bc7a32c2d635fdeb4,40,low,MalwareBazaar,1,2,2026-10-01T02:05:25+00:00,2026-10-01T09:35:21+00:00,,,,,,Zərərli fayl hash-i (SHA256)
sha256,b5b1b044725f454461ea3ed76cda0d76c20fab2aab85f3098faf411bb35f4ed8,40,low,MalwareBazaar,1,2,2026-10-01T02:05:25+00:00,2026-10-01T09:35:21+00:00,,,,,,Zərərli fayl hash-i (SHA256)
sha256,594a664773b84fbc55649a138f96ff65ae7187951f90aa3aba3e23bea1233a12,40,low,MalwareBazaar,1,2,2026-10-01T02:05:25+00:00,2026-10-01T09:35:21+00:00,,,,,,Zərərli fayl hash-i (SHA256)
sha256,12c1bd2c203bde00d3c5dd2b018362c68435f7ba91ccc14c1fce94f4161a1f27,40,low,MalwareBazaar,1,2,2026-10-01T02:05:25+00:00,2026-10-01T09:35:21+00:00,,,,,,Zərərli fayl hash-i (SHA256)
sha256,20ff9802f133c7c75431ca0850240c99dc573c3ccfb6c57cec01696826af564a,40,low,MalwareBazaar,1,2,2026-10-01T02:05:25+00:00,2026-10-01T09:35:21+00:00,,,,,,Zərərli fayl hash-i (SHA256)
sha256,e319c36c693135f37c30136d25d1ceb504ac9890185b1188026f5418cb68f211,40,low,MalwareBazaar,1,2,2026-10-01T02:05:25+00:00,2026-10-01T09:35:21+00:00,,,,,,Zərərli fayl hash-i (SHA256)
sha256,789ba8885841786c1b3aeb4c1c5c75a3757155d160029f490dbfe724dce61fe9,40,low,MalwareBazaar,1,2,2026-10-01T02:05:25+00:00,2026-10-01T09:35:21+00:00,,,,,,Zərərli fayl hash-i (SHA256)
sha256,5a4cc2b9a285b1d2f9757e55c1635f69c7be71532034c35a68f8a05525b3cb2c,40,low,MalwareBazaar,1,2,2026-10-01T02:05:25+00:00,2026-10-01T09:35:21+00:00,,,,,,Zərərli fayl hash-i (SHA256)
sha256,765d12ca9049d0ba5126befd88492072d5e50806e72b940947e927c3f98a3fc8,40,low,MalwareBazaar,1,2,2026-10-01T02:05:25+00:00,2026-10-01T09:35:21+00:00,,,,,,Zərərli fayl hash-i (SHA256)
sha256,01b255c5670602b1597024878c0f32cc7cb845e1fb82804f4cf409a24adb8412,40,low,MalwareBazaar,1,2,2026-10-01T02:05:25+00:00,2026-10-01T09:35:21+00:00,,,,,,Zərərli fayl hash-i (SHA256)
sha256,7e0fb6308d37e4cf00bccb31de0bb3ec7a589e75c787c6e0cfcfa4a4b2bc520d,40,low,MalwareBazaar,1,2,2026-10-01T02:05:25+00:00,2026-10-01T09:35:21+00:00,,,,,,Zərərli fayl hash-i (SHA256)
sha256,faab81c3d9a11a52b6d1e8e9621e340419303184060bed30cf972e6f30f1bedb,40,low,MalwareBazaar,1,2,2026-10-01T02:05:25+00:00,2026-10-01T09:35:21+00:00,,,,,,Zərərli fayl hash-i (SHA256)
sha256,f0b533b2a9f2dae9667d1666846744d266f8b2f97011ff2b45baf469528456b2,40,low,MalwareBazaar,1,2,2026-10-01T02:05:25+00:00,2026-10-01T09:35:21+00:00,,,,,,Zərərli fayl hash-i (SHA256)
sha256,9045187c20f7e54e8045f5285b76b0d2615412dc7b963374e2edbbb1418af2f2,40,low,MalwareBazaar,1,2,2026-10-01T02:05:25+00:00,2026-10-01T09:35:21+00:00,,,,,,Zərərli fayl hash-i (SHA256)
sha256,b08132076024d9396b3f42c4e14cc4868cb1b2cb5156351df058b38c75577f56,40,low,MalwareBazaar,1,2,2026-10-01T02:05:25+00:00,2026-10-01T09:35:21+00:00,,,,,,Zərərli fayl hash-i (SHA256)
sha256,092664e3e946cedc4712f58d40294362aee1e5330c4d15c9f0d6303ae474bb5f,40,low,MalwareBazaar,1,2,2026-10-01T02:05:25+00:00,2026-10-01T09:35:21+00:00,,,,,,Zərərli fayl hash-i (SHA256)
sha256,fe4fd56be9129e39c544f2aefadcb56ff2f7593fb9c9d6aa333087509f809cc7,40,low,MalwareBazaar,1,2,2026-10-01T02:05:25+00:00,2026-10-01T09:35:21+00:00,,,,,,Zərərli fayl hash-i (SHA256)
sha256,893ecf4e8309e40b879039375ad92604bd83389c2bb2eeb8bbededc4fc3eda20,40,low,MalwareBazaar,1,2,2026-10-01T02:05:25+00:00,2026-10-01T09:35:21+00:00,,,,,,Zərərli fayl hash-i (SHA256)
sha256,265685dc9aa149d5c079b80471a4a83d813983e70e5c55c4a450188290f9f5f5,40,low,MalwareBazaar,1,2,2026-10-01T02:05:25+00:00,2026-10-01T09:35:21+00:00,,,,,,Zərərli fayl hash-i (SHA256)
sha256,39057604e9b6bdb069424705a5b39ec839a5821bd33c0e4118b94a3abcf75efd,40,low,MalwareBazaar,1,2,2026-10-01T02:05:25+00:00,2026-10-01T09:35:21+00:00,,,,,,Zərərli fayl hash-i (SHA256)
sha256,cc13d5d431d0441cb0147c38e5541182d2d7f7dfce1435a83b4fcbfb04f8519b,40,low,MalwareBazaar,1,2,2026-10-01T02:05:25+00:00,2026-10-01T09:35:21+00:00,,,,,,Zərərli fayl hash-i (SHA256)
sha256,13021741bb6959d9b657b71f1a51e1fed6eab27490db1edf582ac622e39a4167,40,low,MalwareBazaar,1,2,2026-10-01T02:05:25+00:00,2026-10-01T09:35:21+00:00,,,,,,Zərərli fayl hash-i (SHA256)
sha256,4b8081c0edaec9a3bc7a83b006c90807a9ca8b858b64ec2f3a9ff21de8bf5ddd,40,low,MalwareBazaar,1,2,2026-10-01T02:05:25+00:00,2026-10-01T09:35:21+00:00,,,,,,Zərərli fayl hash-i (SHA256)
sha256,56b23911edae828cfb5c6657bad7303065729482f8d9e11b9a2cbd6b30b59d29,40,low,MalwareBazaar,1,2,2026-10-01T02:05:25+00:00,2026-10-01T09:35:21+00:00,,,,,,Zərərli fayl hash-i (SHA256)
sha256,e5bae66f3f30359706e358993743422a03b7ff0a548d96c502c7363ce35128f4,40,low,MalwareBazaar,1,2,2026-10-01T02:05:25+00:00,2026-10-01T09:35:21+00:00,,,,,,Zərərli fayl hash-i (SHA256)
sha256,9177696df68e0b8b6913b98643a6bf184dbd6f7fc5250baced9a18e4a6fd4617,40,low,MalwareBazaar,1,2,2026-10-01T02:05:25+00:00,2026-10-01T09:35:21+00:00,,,,,,Zərərli fayl hash-i (SHA256)
sha256,5e50f05f1f1653b9f66707659d9734f8e2906ddb961e799e9bd3e3529bc72b05,40,low,MalwareBazaar,1,2,2026-10-01T02:05:25+00:00,2026-10-01T09:35:21+00:00,,,,,,Zərərli fayl hash-i (SHA256)
sha256,533470b87e56fd7c03fe74d99840caa26cd4d681866f7773b5a47fbb4e034d8b,40,low,MalwareBazaar,1,2,2026-10-01T02:05:25+00:00,2026-10-01T09:35:21+00:00,,,,,,Zərərli fayl hash-i (SHA256)
sha256,e299b1387dbd4a99ae32b086ce2019971d68f78fbffa3f75ad3ed5ab6a334ef1,40,low,MalwareBazaar,1,2,2026-10-01T02:05:25+00:00,2026-10-01T09:35:21+00:00,,,,,,Zərərli fayl hash-i (SHA256)
sha256,ae2aff051bd81e97e0736999cf70178b0fbe8c9dda4e371b573281479473e39c,40,low,MalwareBazaar,1,2,2026-10-01T02:05:25+00:00,2026-10-01T09:35:21+00:00,,,,,,Zərərli fayl hash-i (SHA256)
sha256,7ca011030bdb95d0bc40c8c1dd5ada319df38679b3e343c0c81f37f2175fb1ad,40,low,MalwareBazaar,1,2,2026-10-01T02:05:25+00:00,2026-10-01T09:35:21+00:00,,,,,,Zərərli fayl hash-i (SHA256)
sha256,18cc4d66a736043439e0605981d35e5d3adcabf4cf7cda7f719b0d5c2e2e1ce9,40,low,MalwareBazaar,1,2,2026-10-01T02:05:25+00:00,2026-10-01T09:35:21+00:00,,,,,,Zərərli fayl hash-i (SHA256)
sha256,fd5173aba9b438ea6d6beae8a0dd8ae7b3124c8eca386995a66b074dbac74b12,40,low,MalwareBazaar,1,2,2026-10-01T02:05:25+00:00,2026-10-01T09:35:21+00:00,,,,,,Zərərli fayl hash-i (SHA256)
sha256,cadbe43b63e8b1232570dc39079137211a1e7876e1553076e8b7cac9bc13d0c4,40,low,MalwareBazaar,1,2,2026-10-01T02:05:25+00:00,2026-10-01T09:35:21+00:00,,,,,,Zərərli fayl hash-i (SHA256)
sha256,de0a03bd751079a91907479919a675d30fe8ae7175757dabc598a9262721e27c,40,low,MalwareBazaar,1,2,2026-10-01T02:05:25+00:00,2026-10-01T09:35:21+00:00,,,,,,Zərərli fayl hash-i (SHA256)
sha256,c4a6b1d5cf34b80a34df216df4f2f3b570b57d85794cd69433c44bbc98095600,40,low,MalwareBazaar,1,2,2026-10-01T02:05:25+00:00,2026-10-01T09:35:21+00:00,,,,,,Zərərli fayl hash-i (SHA256)
sha256,c65c5f74b613d4255dcca169601a9349aa2a44c3aa72c1610e132467df3317ab,40,low,MalwareBazaar,1,2,2026-10-01T02:05:25+00:00,2026-10-01T09:35:21+00:00,,,,,,Zərərli fayl hash-i (SHA256)
sha256,73aebaa2c54eb9cbe7de838f7b851bef75b2fa5f65d7fbf5ba4193356e50485a,40,low,MalwareBazaar,1,2,2026-10-01T02:05:25+00:00,2026-10-01T09:35:21+00:00,,,,,,Zərərli fayl hash-i (SHA256)
sha256,40a8e569100d53ac94a68fceda7a6d5de2650edf6845c440384c5cc67303fa34,40,low,MalwareBazaar,1,2,2026-10-01T02:05:25+00:00,2026-10-01T09:35:21+00:00,,,,,,Zərərli fayl hash-i (SHA256)
sha256,e7f51534b1106707a7e86b1531dfd4444639b824baec66c5e1ad8005b1f7da0a,40,low,MalwareBazaar,1,2,2026-10-01T02:05:25+00:00,2026-10-01T09:35:21+00:00,,,,,,Zərərli fayl hash-i (SHA256)
sha256,52896134154dd284798acfed00b17a5d631a75a969661e1f9a8809e0ccbfdc99,40,low,MalwareBazaar,1,2,2026-10-01T02:05:25+00:00,2026-10-01T09:35:21+00:00,,,,,,Zərərli fayl hash-i (SHA256)
sha256,284488e27f04eb279f19a121556f4531b77d4ebf77ce69321655b4a62a4367ad,40,low,MalwareBazaar,1,2,2026-10-01T02:05:25+00:00,2026-10-01T09:35:21+00:00,,,,,,Zərərli fayl hash-i (SHA256)
sha256,4e185b875fdd91773b0c843c5f2346bb0726fa0421c57e0d81cc3784c4f27aa3,40,low,MalwareBazaar,1,2,2026-10-01T02:05:25+00:00,2026-10-01T09:35:21+00:00,,,,,,Zərərli fayl hash-i (SHA256)
sha256,08417ee172bb264fa4bb4ab089e4a4b385180f58232b4dfbe4c35688acecc839,40,low,MalwareBazaar,1,2,2026-10-01T02:05:25+00:00,2026-10-01T09:35:21+00:00,,,,,,Zərərli fayl hash-i (SHA256)
sha256,c05dfd625baad1459e3bf5f7d08574d35ef63507ed5bbdd5f0077144acc84ff4,40,low,MalwareBazaar,1,2,2026-10-01T02:05:25+00:00,2026-10-01T09:35:21+00:00,,,,,,Zərərli fayl hash-i (SHA256)
sha256,b64938381bc64d7b54d30580a7b01d88c49372bbef957e9260d94f738f60e8ab,40,low,MalwareBazaar,1,2,2026-10-01T02:05:25+00:00,2026-10-01T09:35:21+00:00,,,,,,Zərərli fayl hash-i (SHA256)
sha256,c0947ed8741a76262e0e203e2cea59d25963e729a5c25c58769ad8c5ddece28a,40,low,MalwareBazaar,1,2,2026-10-01T02:05:25+00:00,2026-10-01T09:35:21+00:00,,,,,,Zərərli fayl hash-i (SHA256)
sha256,367f016bcc9b687f0387ac1f02aa87b701cb9a9a54f85268f3e2b7f1b69b27e6,40,low,MalwareBazaar,1,2,2026-10-01T02:05:25+00:00,2026-10-01T09:35:21+00:00,,,,,,Zərərli fayl hash-i (SHA256)
sha256,ddda743104afa366505b82aaaa102d4c993c0d735342c310843888e45573cbed,40,low,MalwareBazaar,1,2,2026-10-01T02:05:25+00:00,2026-10-01T09:35:21+00:00,,,,,,Zərərli fayl hash-i (SHA256)
sha256,24b881ed454f581c820737eb60336f51db0d37eef59c8e903c442bbf9c3d7302,40,low,MalwareBazaar,1,2,2026-10-01T02:05:25+00:00,2026-10-01T09:35:21+00:00,,,,,,Zərərli fayl hash-i (SHA256)
sha256,6d443c2e7c88e00a3daa12af87e8b848122edab27d74d07810ddb56fd46456c4,40,low,MalwareBazaar,1,2,2026-10-01T02:05:25+00:00,2026-10-01T09:35:21+00:00,,,,,,Zərərli fayl hash-i (SHA256)
sha256,30711086eb1fc8fd2de2ec3135ccf0a4c056749139d142eec78ca0fe2e7d7e53,40,low,MalwareBazaar,1,2,2026-10-01T02:05:25+00:00,2026-10-01T09:35:21+00:00,,,,,,Zərərli fayl hash-i (SHA256)
sha256,cded6f69826e1359c191dc2884b3397ed2eea2721f866aad7ffa03de46846178,40,low,MalwareBazaar,1,2,2026-10-01T02:05:25+00:00,2026-10-01T09:35:21+00:00,,,,,,Zərərli fayl hash-i (SHA256)
sha256,e72b315d3c425eb4701cbd78a30d21bce1cb4bda40536abc19e99d10b58cde69,40,low,MalwareBazaar,1,2,2026-10-01T02:05:25+00:00,2026-10-01T09:35:21+00:00,,,,,,Zərərli fayl hash-i (SHA256)
sha256,08c10a936c4d408e53f6f6971b778708f4bb56ab6df97c7f8af1da8c998211ab,38,low,MalwareBazaar,1,1,2026-10-01T02:05:25+00:00,2026-10-01T02:05:25+00:00,,,,,,Zərərli fayl hash-i (SHA256)
sha256,b5832522e94f5fa2a75f382faabbc4f61190c47c35e792400ebf8b6d32c798a5,38,low,MalwareBazaar,1,1,2026-10-01T02:05:25+00:00,2026-10-01T02:05:25+00:00,,,,,,Zərərli fayl hash-i (SHA256)
sha256,1a64a2d29964a9c6797d59bc5628c3b3e2639ae7f1ed2778e97064f63f6119fb,38,low,MalwareBazaar,1,1,2026-10-01T02:05:25+00:00,2026-10-01T02:05:25+00:00,,,,,,Zərərli fayl hash-i (SHA256)
sha256,f2a48263238b50587405045a5d1cdb12eca324109beb4db4f3d77ddec8d4cafc,38,low,MalwareBazaar,1,1,2026-10-01T02:05:25+00:00,2026-10-01T02:05:25+00:00,,,,,,Zərərli fayl hash-i (SHA256)
sha256,af41f25526d07a548b9039cbfa287acdf4014b04b37dd2e24e8ee11682477f91,38,low,MalwareBazaar,1,1,2026-10-01T02:05:25+00:00,2026-10-01T02:05:25+00:00,,,,,,Zərərli fayl hash-i (SHA256)
sha256,4711182f2b2292d003f868ac778df1b6fafa0f98ef62954e2b08e78f261fa6e5,38,low,MalwareBazaar,1,1,2026-10-01T02:05:25+00:00,2026-10-01T02:05:25+00:00,,,,,,Zərərli fayl hash-i (SHA256)
sha256,628b54d66d32f010d030cee9b0778bb04ba714d73262d0a97c964e6c883567c5,38,low,MalwareBazaar,1,1,2026-10-01T02:05:25+00:00,2026-10-01T02:05:25+00:00,,,,,,Zərərli fayl hash-i (SHA256)
sha256,837ffd60d165a52d0555ed15e1e9dafcb421f82c7519026e9a555f1572c544c7,38,low,MalwareBazaar,1,1,2026-10-01T02:05:25+00:00,2026-10-01T02:05:25+00:00,,,,,,Zərərli fayl hash-i (SHA256)
sha256,8a7d3b3fbb7d5fe439ac545ab3eb9d5cc6c81bfc30967a3d174b5dbc1e0e1f44,38,low,MalwareBazaar,1,1,2026-10-01T02:05:25+00:00,2026-10-01T02:05:25+00:00,,,,,,Zərərli fayl hash-i (SHA256)
sha256,4e48db8bee0137b5b5fe46b2a1bee9e0e8275513c931b8d39230045aa49d94b8,38,low,MalwareBazaar,1,1,2026-10-01T02:05:25+00:00,2026-10-01T02:05:25+00:00,,,,,,Zərərli fayl hash-i (SHA256)
sha256,ab1ae861b41f856ad304e965385d44eb4286e385943b83dda6f47e419c63071c,38,low,MalwareBazaar,1,1,2026-10-01T02:05:25+00:00,2026-10-01T02:05:25+00:00,,,,,,Zərərli fayl hash-i (SHA256)
sha256,dde323b2041356e8fffc634a0d52af38efcf99596c28a4d7c308936d30e53976,38,low,MalwareBazaar,1,1,2026-10-01T02:05:25+00:00,2026-10-01T02:05:25+00:00,,,,,,Zərərli fayl hash-i (SHA256)
sha256,c9561d44b4cf43aebcc4a86bc5032129f2a2af59fa9f8cbfcb207b6745d5c760,38,low,MalwareBazaar,1,1,2026-10-01T02:05:25+00:00,2026-10-01T02:05:25+00:00,,,,,,Zərərli fayl hash-i (SHA256)
sha256,1c4362abc3904e8aaa3950d56a2b7ab7edabe18e84276c45c8a8b1431141dd84,38,low,MalwareBazaar,1,1,2026-10-01T02:05:25+00:00,2026-10-01T02:05:25+00:00,,,,,,Zərərli fayl hash-i (SHA256)
sha256,b8e943f44d0f119858cddf9534bbd4199d430a8e0feb11e45e41986609b18b6d,38,low,MalwareBazaar,1,1,2026-10-01T02:05:25+00:00,2026-10-01T02:05:25+00:00,,,,,,Zərərli fayl hash-i (SHA256)
sha256,d249807fe7fb0ed9a73f79583dbaa74e3370138586da097212a27e9e704da4fd,38,low,MalwareBazaar,1,1,2026-10-01T02:05:25+00:00,2026-10-01T02:05:25+00:00,,,,,,Zərərli fayl hash-i (SHA256)
sha256,f8e71e2230e5feefcafa75b20104f89c1965e068b90693a291069db355e15a9f,38,low,MalwareBazaar,1,1,2026-10-01T02:05:25+00:00,2026-10-01T02:05:25+00:00,,,,,,Zərərli fayl hash-i (SHA256)
sha256,c717296a7196970a8c4a566f954ea8a931bf59a0cb2c08313ab026e389929c97,38,low,MalwareBazaar,1,1,2026-10-01T02:05:25+00:00,2026-10-01T02:05:25+00:00,,,,,,Zərərli fayl hash-i (SHA256)
sha256,6746b18bd10aaf2ea21ad54f6a44e5aa1a63147f8d2a6e0e5b41d765433bb6f9,38,low,MalwareBazaar,1,1,2026-10-01T02:05:25+00:00,2026-10-01T02:05:25+00:00,,,,,,Zərərli fayl hash-i (SHA256)
sha256,701898f366346358e1aa145b5a9588051fdbbfabc78749df03023a158e5f2e3a,38,low,MalwareBazaar,1,1,2026-10-01T02:05:25+00:00,2026-10-01T02:05:25+00:00,,,,,,Zərərli fayl hash-i (SHA256)
sha256,e117ae3ad71dd6d93a269402add24680b665e3e6a6caeb902c40968c4c15227c,38,low,MalwareBazaar,1,1,2026-10-01T02:05:25+00:00,2026-10-01T02:05:25+00:00,,,,,,Zərərli fayl hash-i (SHA256)
sha256,8f4fb18927b0b957769d5f8a405946fb27dc5b43c0a92ff4441caf8b64d25929,38,low,MalwareBazaar,1,1,2026-10-01T02:05:25+00:00,2026-10-01T02:05:25+00:00,,,,,,Zərərli fayl hash-i (SHA256)
sha256,d75efed4cf52bd9a6df2b45b46aaec81e7efb6c9ca0bbe5343bb9385fe4dc777,38,low,MalwareBazaar,1,1,2026-10-01T02:05:25+00:00,2026-10-01T02:05:25+00:00,,,,,,Zərərli fayl hash-i (SHA256)
sha256,fc33e34aa85032051ec3cdd49746396b5872e23b32410ea4454a9ed4e8fdef86,38,low,MalwareBazaar,1,1,2026-10-01T02:05:25+00:00,2026-10-01T02:05:25+00:00,,,,,,Zərərli fayl hash-i (SHA256)
sha256,2e1ddf9f146eae807e606f67ad9629cf1ef49fcacb2e141d5e465aa0e62ac4cd,38,low,MalwareBazaar,1,1,2026-10-01T02:05:25+00:00,2026-10-01T02:05:25+00:00,,,,,,Zərərli fayl hash-i (SHA256)
sha256,4a43f3b2d17fc03089cbb4b35024c94feed9554609c8761dcb0c03bf4b6040c7,38,low,MalwareBazaar,1,1,2026-10-01T02:05:25+00:00,2026-10-01T02:05:25+00:00,,,,,,Zərərli fayl hash-i (SHA256)
sha256,bf5d8a98294a9713a8e127078309ca613bbe0a4d21710149a10b4646ac6a910f,38,low,MalwareBazaar,1,1,2026-10-01T02:05:25+00:00,2026-10-01T02:05:25+00:00,,,,,,Zərərli fayl hash-i (SHA256)
sha256,13b77bda033ab3575d3ba5c33cf690188125dae4695bb0e824e0878bb53ada6e,38,low,MalwareBazaar,1,1,2026-10-01T02:05:25+00:00,2026-10-01T02:05:25+00:00,,,,,,Zərərli fayl hash-i (SHA256)
sha256,71343c483f16201005ef1b489464032c12dd938b16d942da245aa20c5fbfa959,38,low,MalwareBazaar,1,1,2026-10-01T02:05:25+00:00,2026-10-01T02:05:25+00:00,,,,,,Zərərli fayl hash-i (SHA256)
sha256,e7c9daa4ac7475b08afebbec7d421fed98d822db91bf4fbb8ca4e4831b69137b,38,low,MalwareBazaar,1,1,2026-10-01T02:05:25+00:00,2026-10-01T02:05:25+00:00,,,,,,Zərərli fayl hash-i (SHA256)
sha256,7f2852397704b09e573495e88dd28f96955b5f44a65522969e541ff641ee1ea8,38,low,MalwareBazaar,1,1,2026-10-01T02:05:25+00:00,2026-10-01T02:05:25+00:00,,,,,,Zərərli fayl hash-i (SHA256)
sha256,2f68027a04d5941ea71e3cdf6b8ddd13ca2bd7fbd15edff7cd44020830da0cb7,38,low,MalwareBazaar,1,1,2026-10-01T02:05:25+00:00,2026-10-01T02:05:25+00:00,,,,,,Zərərli fayl hash-i (SHA256)
sha256,8df346d65a944a9fd336577680c2a1a3ca3026ce16e3978ed161f665c0e891fa,38,low,MalwareBazaar,1,1,2026-10-01T02:05:25+00:00,2026-10-01T02:05:25+00:00,,,,,,Zərərli fayl hash-i (SHA256)
sha256,3283a6191ff876700e240f8f840c72aa56ebf0bc2d254974db7dd5287e658351,38,low,MalwareBazaar,1,1,2026-10-01T02:05:25+00:00,2026-10-01T02:05:25+00:00,,,,,,Zərərli fayl hash-i (SHA256)
sha256,b8cb23526afcfe9399e799d46c4478b892c565d428b70ce120c06b54ec72f784,38,low,MalwareBazaar,1,1,2026-10-01T02:05:25+00:00,2026-10-01T02:05:25+00:00,,,,,,Zərərli fayl hash-i (SHA256)
sha256,f38df0f8af3adce2d8366b80112e5403c8a1e7cb7d5614c693c15b6887849056,38,low,MalwareBazaar,1,1,2026-10-01T02:05:25+00:00,2026-10-01T02:05:25+00:00,,,,,,Zərərli fayl hash-i (SHA256)
sha256,7ff56929576bca9d05d87ca19bb0a045757b42afb9db392ff9c38c7335cefa8f,38,low,MalwareBazaar,1,1,2026-10-01T02:05:25+00:00,2026-10-01T02:05:25+00:00,,,,,,Zərərli fayl hash-i (SHA256)
sha256,5e7160ca285e072c85bce82623406786ce0037852088d4f8950f0aaf3fd34ad7,38,low,MalwareBazaar,1,1,2026-10-01T02:05:25+00:00,2026-10-01T02:05:25+00:00,,,,,,Zərərli fayl hash-i (SHA256)
sha256,7d27f5e01d827bdca66a3850d3f5fd9182ad876628945438e7d7f770bd9b8ed3,38,low,MalwareBazaar,1,1,2026-10-01T02:05:25+00:00,2026-10-01T02:05:25+00:00,,,,,,Zərərli fayl hash-i (SHA256)
sha256,cc181f3f0e343f05a51279fea28011e686c74303ea8dc55ff073c8d193b3b09a,38,low,MalwareBazaar,1,1,2026-10-01T02:05:25+00:00,2026-10-01T02:05:25+00:00,,,,,,Zərərli fayl hash-i (SHA256)
sha256,83e2eaa6d844c511412dddf2c96377e8ba88aac44eb081607439bd2ae5606aa3,38,low,MalwareBazaar,1,1,2026-10-01T02:05:25+00:00,2026-10-01T02:05:25+00:00,,,,,,Zərərli fayl hash-i (SHA256)
sha256,7631298de9d91e401c06e20b0efe16c5018c069565af0b210798e22284c1ebd7,38,low,MalwareBazaar,1,1,2026-10-01T02:05:25+00:00,2026-10-01T02:05:25+00:00,,,,,,Zərərli fayl hash-i (SHA256)
sha256,978b31566ac8f8c62c3f82a924d9d053026c09ad5850f713203d62c71cea5639,38,low,MalwareBazaar,1,1,2026-10-01T02:05:25+00:00,2026-10-01T02:05:25+00:00,,,,,,Zərərli fayl hash-i (SHA256)
sha256,5adc87e55d560f5ce3a57efa0c42a5383c7324528fe39520f1679684f8b53ef9,38,low,MalwareBazaar,1,1,2026-10-01T02:05:25+00:00,2026-10-01T02:05:25+00:00,,,,,,Zərərli fayl hash-i (SHA256)
sha256,268ae71bdcefaaa418cb42efcf0f6a3b828e233eca3cb55faa666058d9e6651b,38,low,MalwareBazaar,1,1,2026-10-01T02:05:25+00:00,2026-10-01T02:05:25+00:00,,,,,,Zərərli fayl hash-i (SHA256)
sha256,68b13fa7f50b882a7ff30b9a79eb609404a1d5efb621ccea952f8fe94992a25e,38,low,MalwareBazaar,1,1,2026-10-01T02:05:25+00:00,2026-10-01T02:05:25+00:00,,,,,,Zərərli fayl hash-i (SHA256)
sha256,4ee301d27dad0eb186c950082c03b03ea6ae7b6b0e93d9fc64ddee8605df5ff2,38,low,MalwareBazaar,1,1,2026-10-01T02:05:25+00:00,2026-10-01T02:05:25+00:00,,,,,,Zərərli fayl hash-i (SHA256)
sha256,027433e231ed62c101528dc1888d05f8b17ce0d85eb7cf9f245f3996b1bffa7d,38,low,MalwareBazaar,1,1,2026-10-01T02:05:25+00:00,2026-10-01T02:05:25+00:00,,,,,,Zərərli fayl hash-i (SHA256)
sha256,64ec5e2c4097e4387f88a28b893edf64f319672662518fb105f665b370252897,38,low,MalwareBazaar,1,1,2026-10-01T02:05:25+00:00,2026-10-01T02:05:25+00:00,,,,,,Zərərli fayl hash-i (SHA256)
sha256,d310fdca95ff56ee79d8774e90e5b135b5889925171a780fb73621c3c55ce4ad,38,low,MalwareBazaar,1,1,2026-10-01T02:05:25+00:00,2026-10-01T02:05:25+00:00,,,,,,Zərərli fayl hash-i (SHA256)
sha256,852873e7a8afacdebabd38f8a5291c6a430e8bbdf50b08e63b397e307d7f54d6,38,low,MalwareBazaar,1,1,2026-10-01T02:05:25+00:00,2026-10-01T02:05:25+00:00,,,,,,Zərərli fayl hash-i (SHA256)
sha256,d658b8f43eec389cf6f508fca3179fc197aab3913c2db48dc44be3b2421185d0,38,low,MalwareBazaar,1,1,2026-10-01T02:05:25+00:00,2026-10-01T02:05:25+00:00,,,,,,Zərərli fayl hash-i (SHA256)
sha256,46699e038b1828204699f46bab2804102b938cf7015e91045667d9b8fa7bb355,38,low,MalwareBazaar,1,1,2026-10-01T02:05:25+00:00,2026-10-01T02:05:25+00:00,,,,,,Zərərli fayl hash-i (SHA256)
sha256,12f328ac40755f6e404d8a793d251021aee307e29db716d49aaa0708fbc0f7f3,38,low,MalwareBazaar,1,1,2026-10-01T02:05:25+00:00,2026-10-01T02:05:25+00:00,,,,,,Zərərli fayl hash-i (SHA256)
sha256,bce78d775533b710335ef16a2b3c859bd923e012ca9e113b755d4ac5d31a0e37,38,low,MalwareBazaar,1,1,2026-10-01T02:05:25+00:00,2026-10-01T02:05:25+00:00,,,,,,Zərərli fayl hash-i (SHA256)
sha256,106132631b6c1520949229b4fdc9f3efc29053fc833e9beccc87ecaaca6924db,38,low,MalwareBazaar,1,1,2026-10-01T02:05:25+00:00,2026-10-01T02:05:25+00:00,,,,,,Zərərli fayl hash-i (SHA256)
sha256,e6008e974c5caf5219cc011a060f3f5dd09c4454a727e2542aa45b26b6df2081,38,low,MalwareBazaar,1,1,2026-10-01T02:05:25+00:00,2026-10-01T02:05:25+00:00,,,,,,Zərərli fayl hash-i (SHA256)
sha256,23d76b76590c1ee6a37de909b76eb2333d166e85e7857e1d46d954daba1732e0,38,low,MalwareBazaar,1,1,2026-10-01T02:05:25+00:00,2026-10-01T02:05:25+00:00,,,,,,Zərərli fayl hash-i (SHA256)
sha256,58975361e0b53db0874ff742bd1c99ac3587946ff274e58df6e5478884546e56,38,low,MalwareBazaar,1,1,2026-10-01T02:05:25+00:00,2026-10-01T02:05:25+00:00,,,,,,Zərərli fayl hash-i (SHA256)
sha256,a546574e4638eebc4a18685744627222cb0c7c102b5d89979ee6689c03266550,38,low,MalwareBazaar,1,1,2026-10-01T02:05:25+00:00,2026-10-01T02:05:25+00:00,,,,,,Zərərli fayl hash-i (SHA256)
sha256,426e5457c9e6bf2eeaf79b5336f22fb8b1a9afccd039b2912e56500f57618eeb,38,low,MalwareBazaar,1,1,2026-10-01T02:05:25+00:00,2026-10-01T02:05:25+00:00,,,,,,Zərərli fayl hash-i (SHA256)
sha256,790a90d32a32e76918851d26c854ef6af63c172c6bbb1f32b70249f451f11c4b,38,low,MalwareBazaar,1,1,2026-10-01T02:05:25+00:00,2026-10-01T02:05:25+00:00,,,,,,Zərərli fayl hash-i (SHA256)
sha256,ff6b054765f96ec628e864a7b54d5adf6ebc280849ee30b9ede7f51901f0a749,38,low,MalwareBazaar,1,1,2026-10-01T02:05:25+00:00,2026-10-01T02:05:25+00:00,,,,,,Zərərli fayl hash-i (SHA256)
sha256,994e3908823894f612b5081094f2e398f9855bc91297c06182f8a2cee0803484,38,low,MalwareBazaar,1,1,2026-10-01T02:05:25+00:00,2026-10-01T02:05:25+00:00,,,,,,Zərərli fayl hash-i (SHA256)
sha256,50f9d4b4713ac843511806fdcf1cd939cffd9d5cd2352b65b940def425d06789,38,low,MalwareBazaar,1,1,2026-10-01T02:05:25+00:00,2026-10-01T02:05:25+00:00,,,,,,Zərərli fayl hash-i (SHA256)
sha256,ca1506693ed071639aa034c80ce52f95d35ad0e9bc39ae4b850e92b21af6c124,38,low,MalwareBazaar,1,1,2026-10-01T02:05:25+00:00,2026-10-01T02:05:25+00:00,,,,,,Zərərli fayl hash-i (SHA256)
sha256,39c8c95325a5a1cb68805af3f1aa181a6120fe0732276f43dc309bbe8332c0b1,38,low,MalwareBazaar,1,1,2026-10-01T02:05:25+00:00,2026-10-01T02:05:25+00:00,,,,,,Zərərli fayl hash-i (SHA256)
sha256,add0ab40f641c02691156df56f96fa7b04ee300093ce80bc9654d59abc04b349,38,low,MalwareBazaar,1,1,2026-10-01T02:05:25+00:00,2026-10-01T02:05:25+00:00,,,,,,Zərərli fayl hash-i (SHA256)
sha256,3d7c2188282db1b19a02ba58dd5305bc4fdeb34fb9e211d326b79c19447a8905,38,low,MalwareBazaar,1,1,2026-10-01T02:05:25+00:00,2026-10-01T02:05:25+00:00,,,,,,Zərərli fayl hash-i (SHA256)
sha256,773ba0b94ef6289e35d30caff025e2bfeb617423e4b2d66291d87614ce058c04,38,low,MalwareBazaar,1,1,2026-10-01T02:05:25+00:00,2026-10-01T02:05:25+00:00,,,,,,Zərərli fayl hash-i (SHA256)
sha256,198e3f768974e5e59e350f6f61dc0e1a8b9a44ac77c5983033ab084959d4f37a,38,low,MalwareBazaar,1,1,2026-10-01T02:05:25+00:00,2026-10-01T02:05:25+00:00,,,,,,Zərərli fayl hash-i (SHA256)
sha256,65073ad891fb66599d4879df5c03f0ea1f8e9b2631a3896e2e29faa38615eb2a,38,low,MalwareBazaar,1,1,2026-10-01T02:05:25+00:00,2026-10-01T02:05:25+00:00,,,,,,Zərərli fayl hash-i (SHA256)
sha256,58d4e495746fc2f9a21388849a4a565bba5b9debca70b6e02f40d91469999912,38,low,MalwareBazaar,1,1,2026-10-01T02:05:25+00:00,2026-10-01T02:05:25+00:00,,,,,,Zərərli fayl hash-i (SHA256)
sha256,25d93f1b38ea432b3cb756558d449c8a473f724cbf0465381b09f1cf84283aa7,38,low,MalwareBazaar,1,1,2026-10-01T02:05:25+00:00,2026-10-01T02:05:25+00:00,,,,,,Zərərli fayl hash-i (SHA256)
sha256,3af0150b565426e153a432bb66c73f2f206fec709b26298fb59f337efae57691,38,low,MalwareBazaar,1,1,2026-10-01T02:05:25+00:00,2026-10-01T02:05:25+00:00,,,,,,Zərərli fayl hash-i (SHA256)
sha256,be3fab9d78805fee7c0a2f445542fb9b594a7e6b9deae04bd5c76a30eed433d5,38,low,MalwareBazaar,1,1,2026-10-01T02:05:25+00:00,2026-10-01T02:05:25+00:00,,,,,,Zərərli fayl hash-i (SHA256)
sha256,3e19a1cf931bbc6c4985db538ef8f2d42df0817248675be5c323fe37d1b401a2,38,low,MalwareBazaar,1,1,2026-10-01T02:05:25+00:00,2026-10-01T02:05:25+00:00,,,,,,Zərərli fayl hash-i (SHA256)
sha256,f5fc2ad954d20d57bdfd4fb4853c37054e1fab6190a27af777306595303c0832,38,low,MalwareBazaar,1,1,2026-10-01T02:05:25+00:00,2026-10-01T02:05:25+00:00,,,,,,Zərərli fayl hash-i (SHA256)
sha256,86bf6d7b3c6e92931d02419450acb02876584cfe0cd8f788050656f563157599,38,low,MalwareBazaar,1,1,2026-10-01T02:05:25+00:00,2026-10-01T02:05:25+00:00,,,,,,Zərərli fayl hash-i (SHA256)
sha256,f9ae881e059ef6519c7c1489448233f3c6a282558a69eda711597fb82b295a5b,38,low,MalwareBazaar,1,1,2026-10-01T02:05:25+00:00,2026-10-01T02:05:25+00:00,,,,,,Zərərli fayl hash-i (SHA256)
sha256,a32aac56f6d1abe0bc17fe5eb7adb3c658652d0e07d0b1fec1aaf50b2a816de9,38,low,MalwareBazaar,1,1,2026-10-01T02:05:25+00:00,2026-10-01T02:05:25+00:00,,,,,,Zərərli fayl hash-i (SHA256)
sha256,c87585dc70c1d191a257d1f3149d6791b4465ed6169e068b48d4708bf37cf479,38,low,MalwareBazaar,1,1,2026-10-01T02:05:25+00:00,2026-10-01T02:05:25+00:00,,,,,,Zərərli fayl hash-i (SHA256)
sha256,f5684bd882213d598b6d716ea7c0f082ae4a458c797cf70345f85108b7b72739,38,low,MalwareBazaar,1,1,2026-10-01T02:05:25+00:00,2026-10-01T02:05:25+00:00,,,,,,Zərərli fayl hash-i (SHA256)
sha256,6757bb5372669f168aee72a8bc5efaa63f5b922a3e7e972c2394b74108576ab5,38,low,MalwareBazaar,1,1,2026-10-01T02:05:25+00:00,2026-10-01T02:05:25+00:00,,,,,,Zərərli fayl hash-i (SHA256)
sha256,0830d32d9f509cf252139e411f6e2820355f1dd48797aa1609a1817ccc91da06,38,low,MalwareBazaar,1,1,2026-10-01T02:05:25+00:00,2026-10-01T02:05:25+00:00,,,,,,Zərərli fayl hash-i (SHA256)
sha256,3d8d229a315669af89e5dee465ded9fb380a067a8bad621cee7e78e76785dacc,38,low,MalwareBazaar,1,1,2026-10-01T02:05:25+00:00,2026-10-01T02:05:25+00:00,,,,,,Zərərli fayl hash-i (SHA256)
sha256,171785acdb1595e6a4d2fc0a2a153895b1ebfd75b9dcfb30c8ffa43885abbf58,38,low,MalwareBazaar,1,1,2026-10-01T02:05:25+00:00,2026-10-01T02:05:25+00:00,,,,,,Zərərli fayl hash-i (SHA256)
sha256,ed9bb9f145b063bac0c9e62229a5f2412f393f07da6ed7733a94df54455f513a,38,low,MalwareBazaar,1,1,2026-10-01T02:05:25+00:00,2026-10-01T02:05:25+00:00,,,,,,Zərərli fayl hash-i (SHA256)
sha256,2822065b1c70159dbc7690a9d74181520a448ffc6737e3cecf31e6c31d83c45e,38,low,MalwareBazaar,1,1,2026-10-01T02:05:25+00:00,2026-10-01T02:05:25+00:00,,,,,,Zərərli fayl hash-i (SHA256)
sha256,a02f1c4b39efbb348c865afacb761230d109026322781e6cd92a420357471aba,38,low,MalwareBazaar,1,1,2026-10-01T02:05:25+00:00,2026-10-01T02:05:25+00:00,,,,,,Zərərli fayl hash-i (SHA256)
sha256,ab5f16202639e9e8ad539ba30e0a9a129066f0f9f0f2cf90653c7941ea0cb339,38,low,MalwareBazaar,1,1,2026-10-01T02:05:25+00:00,2026-10-01T02:05:25+00:00,,,,,,Zərərli fayl hash-i (SHA256)
sha256,c86f549301c69876779814b6b4ed7f74d55a725bb9da1356571e789e4f4eaaa4,38,low,MalwareBazaar,1,1,2026-10-01T02:05:25+00:00,2026-10-01T02:05:25+00:00,,,,,,Zərərli fayl hash-i (SHA256)
sha256,457c53c3b384252a71dc51a6e73cdfdd12bfe1bf2330545acd7968006590133e,38,low,MalwareBazaar,1,1,2026-10-01T02:05:25+00:00,2026-10-01T02:05:25+00:00,,,,,,Zərərli fayl hash-i (SHA256)
sha256,c85618123e34580ff678c969387883cee33183615b38405f09a129988579f872,38,low,MalwareBazaar,1,1,2026-10-01T02:05:25+00:00,2026-10-01T02:05:25+00:00,,,,,,Zərərli fayl hash-i (SHA256)
sha256,6bb8d355f0e965cde513cee8d18172dae93ad4ce53b0a1a72def6e79db27ec32,38,low,MalwareBazaar,1,1,2026-10-01T02:05:25+00:00,2026-10-01T02:05:25+00:00,,,,,,Zərərli fayl hash-i (SHA256)
sha256,1a56264052af72a512ad3e6d9a1f5eae72f07be03109ea14dee0646afb77e3a2,38,low,MalwareBazaar,1,1,2026-10-01T02:05:25+00:00,2026-10-01T02:05:25+00:00,,,,,,Zərərli fayl hash-i (SHA256)
sha256,a6a05ef0ec8450295a58fcd2bdf57f6bcf0575b266e4a40613b4f021f983c3c8,38,low,MalwareBazaar,1,1,2026-10-01T02:05:25+00:00,2026-10-01T02:05:25+00:00,,,,,,Zərərli fayl hash-i (SHA256)
sha256,1e0f632d93aa0bd30a1c1966c0d9ae297b61d15e2c4e35d760c673ea4b58da46,38,low,MalwareBazaar,1,1,2026-10-01T02:05:25+00:00,2026-10-01T02:05:25+00:00,,,,,,Zərərli fayl hash-i (SHA256)
sha256,b1aed1fecf0970af3fcf8e37261e14859ee01fb7cb8c458afe674c8e1f0d5e4e,38,low,MalwareBazaar,1,1,2026-10-01T02:05:25+00:00,2026-10-01T02:05:25+00:00,,,,,,Zərərli fayl hash-i (SHA256)
sha256,ce49bd9c0bc51ea42bc16328fcbff8514b13e7916cbee20cde222693bb137b8a,38,low,MalwareBazaar,1,1,2026-10-01T02:05:25+00:00,2026-10-01T02:05:25+00:00,,,,,,Zərərli fayl hash-i (SHA256)
sha256,e87d41cf1583e627c40233458912ad8e1092f735fb4c3cc44fa9533a4a037e16,38,low,MalwareBazaar,1,1,2026-10-01T02:05:25+00:00,2026-10-01T02:05:25+00:00,,,,,,Zərərli fayl hash-i (SHA256)
sha256,a9ad7ad21d6b5b33fac6e1c5e49eaa0cf8fda3751001d8316116458ffe492fe3,38,low,MalwareBazaar,1,1,2026-10-01T02:05:25+00:00,2026-10-01T02:05:25+00:00,,,,,,Zərərli fayl hash-i (SHA256)
sha256,059a1dc5280223b2a55ee373722e7b8850f28da144062661877f8f0f7fc6e085,38,low,MalwareBazaar,1,1,2026-10-01T02:05:25+00:00,2026-10-01T02:05:25+00:00,,,,,,Zərərli fayl hash-i (SHA256)
sha256,cd94e9870014616eda96a06e3d91cb0a27a1df72354061f9958841e27517a6b6,38,low,MalwareBazaar,1,1,2026-10-01T02:05:25+00:00,2026-10-01T02:05:25+00:00,,,,,,Zərərli fayl hash-i (SHA256)
sha256,707f39f896c415ed170f2a5df48d334e8364f87a97ed9cfefe9f0ff4b0cc8a8c,38,low,MalwareBazaar,1,1,2026-10-01T02:05:25+00:00,2026-10-01T02:05:25+00:00,,,,,,Zərərli fayl hash-i (SHA256)
sha256,caef9d5a148a273c7396f1dc96263f83d330f08bb7ab97438eb2275234ae152e,38,low,MalwareBazaar,1,1,2026-10-01T02:05:25+00:00,2026-10-01T02:05:25+00:00,,,,,,Zərərli fayl hash-i (SHA256)
sha256,1a9fab97d323289aff7fb6be049c3dad90e17dba85a7ba13d9a3db59692037cc,38,low,MalwareBazaar,1,1,2026-10-01T02:05:25+00:00,2026-10-01T02:05:25+00:00,,,,,,Zərərli fayl hash-i (SHA256)
sha256,36b408e6bc25bf6c4d2e7249491275a574e5fb502476d827c66afa16df37c5a5,38,low,MalwareBazaar,1,1,2026-10-01T02:05:25+00:00,2026-10-01T02:05:25+00:00,,,,,,Zərərli fayl hash-i (SHA256)
sha256,ec643228b9baf53e2b8675acc8b1abb79ddb147cda5c0453432fb730c483e0c5,38,low,MalwareBazaar,1,1,2026-10-01T02:05:25+00:00,2026-10-01T02:05:25+00:00,,,,,,Zərərli fayl hash-i (SHA256)
sha256,cbf984440e560493e208e4c72c3541e3a7467e9fab8390ec8a0dccb1b4d06469,38,low,MalwareBazaar,1,1,2026-10-01T02:05:25+00:00,2026-10-01T02:05:25+00:00,,,,,,Zərərli fayl hash-i (SHA256)
sha256,c8a1e6f7da8908d82dbf25e6973e1b77d1eb81430a7554e71d66e9fd3edd9e7a,38,low,MalwareBazaar,1,1,2026-10-01T02:05:25+00:00,2026-10-01T02:05:25+00:00,,,,,,Zərərli fayl hash-i (SHA256)
sha256,28e18f02bd5bf443cfd3e0d236ee71b5164fefdbf867865d3743171f58cc576d,38,low,MalwareBazaar,1,1,2026-10-01T02:05:25+00:00,2026-10-01T02:05:25+00:00,,,,,,Zərərli fayl hash-i (SHA256)
sha256,eb2e0b6edf878e51c9f8895ed7502f9718b076f410607ce0c939d8feeffca60d,38,low,MalwareBazaar,1,1,2026-10-01T02:05:25+00:00,2026-10-01T02:05:25+00:00,,,,,,Zərərli fayl hash-i (SHA256)
sha256,84b352b314d71d6887ef94b8094bbb4c6cbcb409e52ee748dca7583b8f75002a,38,low,MalwareBazaar,1,1,2026-10-01T02:05:25+00:00,2026-10-01T02:05:25+00:00,,,,,,Zərərli fayl hash-i (SHA256)
sha256,a0e7e5b25346340da9e58ac4fe8691409f8dbc99d1e2aa3f496c3f9b10016d8c,38,low,MalwareBazaar,1,1,2026-10-01T02:05:25+00:00,2026-10-01T02:05:25+00:00,,,,,,Zərərli fayl hash-i (SHA256)
sha256,d1f0d6f767c5385b7129e9bf95bf9a769b8066e8709b0be045411e1bc895ebfb,38,low,MalwareBazaar,1,1,2026-10-01T02:05:25+00:00,2026-10-01T02:05:25+00:00,,,,,,Zərərli fayl hash-i (SHA256)
sha256,553855b485206d2cbe0756235116ce329b5185c4a40092bb1707ffdc9da26d5a,38,low,MalwareBazaar,1,1,2026-10-01T02:05:25+00:00,2026-10-01T02:05:25+00:00,,,,,,Zərərli fayl hash-i (SHA256)
sha256,ffa2e9f6bbb20dadd7826c22edfc490d3459a7946cbf78947e6cb387ce26a461,38,low,MalwareBazaar,1,1,2026-10-01T02:05:25+00:00,2026-10-01T02:05:25+00:00,,,,,,Zərərli fayl hash-i (SHA256)
sha256,d506d5569974f911f97170eb6182ae849214bdff51f6ed59d885e4d0a0e276a8,38,low,MalwareBazaar,1,1,2026-10-01T02:05:25+00:00,2026-10-01T02:05:25+00:00,,,,,,Zərərli fayl hash-i (SHA256)
sha256,71cea4256cc288235abb453bf5770c5a0cb50735234147c357a1b2c49c06bb9e,38,low,MalwareBazaar,1,1,2026-10-01T02:05:25+00:00,2026-10-01T02:05:25+00:00,,,,,,Zərərli fayl hash-i (SHA256)
sha256,f741df2cd1d070a59afe4d50cb3ae35820902b12438bdb2f16f8c08fe5613ac9,38,low,MalwareBazaar,1,1,2026-10-01T02:05:25+00:00,2026-10-01T02:05:25+00:00,,,,,,Zərərli fayl hash-i (SHA256)
sha256,a12160a46e090207a99eeecbb669c595e8d4f5d7d4f58a7c1523a48308778ab9,38,low,MalwareBazaar,1,1,2026-10-01T02:05:25+00:00,2026-10-01T02:05:25+00:00,,,,,,Zərərli fayl hash-i (SHA256)
sha256,474676951b42ae39a0c139ca0c587ae4032d2741d6da7d813a496c712ec1cd6b,38,low,MalwareBazaar,1,1,2026-10-01T02:05:25+00:00,2026-10-01T02:05:25+00:00,,,,,,Zərərli fayl hash-i (SHA256)
sha256,f32022ab243f138082db309660a6b3fd960add001f2f8a6b997b97badd28ffd9,38,low,MalwareBazaar,1,1,2026-10-01T02:05:25+00:00,2026-10-01T02:05:25+00:00,,,,,,Zərərli fayl hash-i (SHA256)
sha256,89f3307a4977c65a029c1201580adb228451264fe10e598188f6130dfd75b8fb,38,low,MalwareBazaar,1,1,2026-10-01T02:05:25+00:00,2026-10-01T02:05:25+00:00,,,,,,Zərərli fayl hash-i (SHA256)
sha256,1d8dc19bdc896b2a632e940ac3df2acac755ee59b2cc050b82ad6549fff6f231,38,low,MalwareBazaar,1,1,2026-10-01T02:05:25+00:00,2026-10-01T02:05:25+00:00,,,,,,Zərərli fayl hash-i (SHA256)
sha256,ea6469f084d3846554c7864989a74dcbe8e1e61505ee6071f4ae3f2496b5c34b,38,low,MalwareBazaar,1,1,2026-10-01T02:05:25+00:00,2026-10-01T02:05:25+00:00,,,,,,Zərərli fayl hash-i (SHA256)
sha256,25fb568a543c76271cda383a49294e65c97bfa7e26736353c8744a8098750603,38,low,MalwareBazaar,1,1,2026-10-01T02:05:25+00:00,2026-10-01T02:05:25+00:00,,,,,,Zərərli fayl hash-i (SHA256)
sha256,8e3e009995f26df08e06c3a95ca7267408a47fc4e6fb30e75a1903f7f926e92e,38,low,MalwareBazaar,1,1,2026-10-01T02:05:25+00:00,2026-10-01T02:05:25+00:00,,,,,,Zərərli fayl hash-i (SHA256)
sha256,59c6b38fe390ccb3b2913a619ad38d8033d24a8467aca0c50f94f032ea5c2552,38,low,MalwareBazaar,1,1,2026-10-01T02:05:25+00:00,2026-10-01T02:05:25+00:00,,,,,,Zərərli fayl hash-i (SHA256)
sha256,5a3541e4dd89bc89772df74147d5e5f64e57eedd4a359b0b38cfe2167131af6c,38,low,MalwareBazaar,1,1,2026-10-01T02:05:25+00:00,2026-10-01T02:05:25+00:00,,,,,,Zərərli fayl hash-i (SHA256)
sha256,9617b19e905497ad9b0f4a6cca19b5c0ab86c334408a35f42622b2b2ad798afa,38,low,MalwareBazaar,1,1,2026-10-01T02:05:25+00:00,2026-10-01T02:05:25+00:00,,,,,,Zərərli fayl hash-i (SHA256)
sha256,80a121e3843db5f4a9641d4c464f2f9531f1994d4c20e5456d59319cdf0aef32,38,low,MalwareBazaar,1,1,2026-10-01T02:05:25+00:00,2026-10-01T02:05:25+00:00,,,,,,Zərərli fayl hash-i (SHA256)
sha256,e8276fff914fb3f2626fb9fa1e8121572a9fb7201d223b9555a741c4350434e3,38,low,MalwareBazaar,1,1,2026-10-01T02:05:25+00:00,2026-10-01T02:05:25+00:00,,,,,,Zərərli fayl hash-i (SHA256)
sha256,d6aefd41bc869a5b189b340e0f74d45457a50acd2e898a079dc7a7eb676e09ed,38,low,MalwareBazaar,1,1,2026-10-01T02:05:25+00:00,2026-10-01T02:05:25+00:00,,,,,,Zərərli fayl hash-i (SHA256)
sha256,55e72dcd13462bf4da3a02b0fe35c10f25869a78bc88dc3f4a235afbc6384773,38,low,MalwareBazaar,1,1,2026-10-01T02:05:25+00:00,2026-10-01T02:05:25+00:00,,,,,,Zərərli fayl hash-i (SHA256)
sha256,72da1d9d36c223f4a9e0a6037f18dfc5ae9d7be9d4a97ba544a4c96a0a0d2582,38,low,MalwareBazaar,1,1,2026-10-01T02:05:25+00:00,2026-10-01T02:05:25+00:00,,,,,,Zərərli fayl hash-i (SHA256)
sha256,64690dd19373b5df539d66e64e39dbbd51b2734e35143d53c223a19bfea74f50,38,low,MalwareBazaar,1,1,2026-10-01T02:05:25+00:00,2026-10-01T02:05:25+00:00,,,,,,Zərərli fayl hash-i (SHA256)
sha256,b5c517046323ddc8baaeec0a67cd1f3fc2b84bb3ea4b1db74bb55c382fa93a01,38,low,MalwareBazaar,1,1,2026-10-01T02:05:25+00:00,2026-10-01T02:05:25+00:00,,,,,,Zərərli fayl hash-i (SHA256)
sha256,9c4d8998f423e8f32f602a5706ab16a2a7f238f711eb8dddc3b9155ea7afb250,38,low,MalwareBazaar,1,1,2026-10-01T02:05:25+00:00,2026-10-01T02:05:25+00:00,,,,,,Zərərli fayl hash-i (SHA256)
sha256,228da7fadd8f85b13062addcb4aeb8ef960926346deb6c46898e9cf27034cf33,38,low,MalwareBazaar,1,1,2026-10-01T02:05:25+00:00,2026-10-01T02:05:25+00:00,,,,,,Zərərli fayl hash-i (SHA256)
sha256,6810ff810bf888ebb99ccf93e3a692a85d4762784487bc195ceb204187531575,38,low,MalwareBazaar,1,1,2026-10-01T02:05:25+00:00,2026-10-01T02:05:25+00:00,,,,,,Zərərli fayl hash-i (SHA256)
sha256,9e4cbff8e55bcd3dd88b9df12f3c4333dfc08c5ceaa174e2f40bb163d4783cb6,38,low,MalwareBazaar,1,1,2026-10-01T02:05:25+00:00,2026-10-01T02:05:25+00:00,,,,,,Zərərli fayl hash-i (SHA256)
sha256,f120c56e6377e30ada45390e8fc9030b085ce87999d46f68100f02a201385d92,38,low,MalwareBazaar,1,1,2026-10-01T02:05:25+00:00,2026-10-01T02:05:25+00:00,,,,,,Zərərli fayl hash-i (SHA256)
sha256,90ccc569237888ba624092df7d4c65176c74e689a72e295c8f88dce3d4888ab8,38,low,MalwareBazaar,1,1,2026-10-01T02:05:25+00:00,2026-10-01T02:05:25+00:00,,,,,,Zərərli fayl hash-i (SHA256)
sha256,a038aad92c5375a1b7dcf2a4f0e6a4cadc05cfa552f42157f4a53baf588f4392,38,low,MalwareBazaar,1,1,2026-10-01T02:05:25+00:00,2026-10-01T02:05:25+00:00,,,,,,Zərərli fayl hash-i (SHA256)
sha256,ea8fde05f77c7f08f6a3ab39d2969f2d57f86525eacdd5e8e0ab065b99336dac,38,low,MalwareBazaar,1,1,2026-10-01T02:05:25+00:00,2026-10-01T02:05:25+00:00,,,,,,Zərərli fayl hash-i (SHA256)
sha256,18b4b6f3c051c84eefdb8d8793b3aba7616b3b9ecafd437d967d9b43691f7d41,38,low,MalwareBazaar,1,1,2026-10-01T02:05:25+00:00,2026-10-01T02:05:25+00:00,,,,,,Zərərli fayl hash-i (SHA256)
sha256,efc18c75af9688a5d471d80954fa64dea70b04a2c872a0d6e34cc4a9137073cb,38,low,MalwareBazaar,1,1,2026-10-01T02:05:25+00:00,2026-10-01T02:05:25+00:00,,,,,,Zərərli fayl hash-i (SHA256)
sha256,abc492db031c7a2cbbab178dbfba63eeb0520ad7dc72fd62c2e74c8b6f59f42d,38,low,MalwareBazaar,1,1,2026-10-01T02:05:25+00:00,2026-10-01T02:05:25+00:00,,,,,,Zərərli fayl hash-i (SHA256)
sha256,b05c24e8823b71481d43ba02a7383f9ef13066c9b8eb6349037cfbb638f09d0b,38,low,MalwareBazaar,1,1,2026-10-01T02:05:25+00:00,2026-10-01T02:05:25+00:00,,,,,,Zərərli fayl hash-i (SHA256)
sha256,3bef89a430be6418e9a8c5ddfb24ec1dd6e426e334db9d5acf7af07461929c05,38,low,MalwareBazaar,1,1,2026-10-01T02:05:25+00:00,2026-10-01T02:05:25+00:00,,,,,,Zərərli fayl hash-i (SHA256)
sha256,47e8a66124310758285a549ba29900bd30a86e13ded7f165640954f7b5602ca1,38,low,MalwareBazaar,1,1,2026-10-01T02:05:25+00:00,2026-10-01T02:05:25+00:00,,,,,,Zərərli fayl hash-i (SHA256)
sha256,c7c541e012ff4ded471bf15b45a20836bf6eb3693f2c656760912e4a2856e5aa,38,low,MalwareBazaar,1,1,2026-10-01T02:05:25+00:00,2026-10-01T02:05:25+00:00,,,,,,Zərərli fayl hash-i (SHA256)
sha256,ec3c9bca3e1f94270b34110967b8355f64423b9268386c75fc968e520da7d42b,38,low,MalwareBazaar,1,1,2026-10-01T02:05:25+00:00,2026-10-01T02:05:25+00:00,,,,,,Zərərli fayl hash-i (SHA256)
sha256,0039f2338c8e2a749dc343fc12e8c57cad0998ccfa9e86739e26219deebc35d3,38,low,MalwareBazaar,1,1,2026-10-01T02:05:25+00:00,2026-10-01T02:05:25+00:00,,,,,,Zərərli fayl hash-i (SHA256)
sha256,0e2b8cfbecfda35c7bfd63fb8f8ffef598ee5e637ded2e13a0016033a6e41f70,38,low,MalwareBazaar,1,1,2026-10-01T02:05:25+00:00,2026-10-01T02:05:25+00:00,,,,,,Zərərli fayl hash-i (SHA256)
sha256,160ce379f2a1587c1ca8d21a699cff4ce1b70aea335f9da0c2c44ab460fbab8e,38,low,MalwareBazaar,1,1,2026-10-01T02:05:25+00:00,2026-10-01T02:05:25+00:00,,,,,,Zərərli fayl hash-i (SHA256)
sha256,979986a9f41c99f74085643c89f639a32e09cab4ef250ffcfca791a6200316ef,38,low,MalwareBazaar,1,1,2026-10-01T02:05:25+00:00,2026-10-01T02:05:25+00:00,,,,,,Zərərli fayl hash-i (SHA256)
sha256,fb370476092e61c556c479e0d20ce7ceb2c6f298423131a5206cf31ab740cb5f,38,low,MalwareBazaar,1,1,2026-10-01T02:05:25+00:00,2026-10-01T02:05:25+00:00,,,,,,Zərərli fayl hash-i (SHA256)
sha256,6ed608c5e8a31f822994fe89f894232e5a5bc0ad6a7a1a61b07cb2d83256a111,38,low,MalwareBazaar,1,1,2026-10-01T02:05:25+00:00,2026-10-01T02:05:25+00:00,,,,,,Zərərli fayl hash-i (SHA256)
sha256,a3baacf4f30a119de635776710cfece4376c631de701450d0e8e499242ac430f,38,low,MalwareBazaar,1,1,2026-10-01T02:05:25+00:00,2026-10-01T02:05:25+00:00,,,,,,Zərərli fayl hash-i (SHA256)
sha256,85a36825c3a55adac0e55ccf6cee211c2be057e6baacb2724bf928be4a9dd2ed,38,low,MalwareBazaar,1,1,2026-10-01T02:05:25+00:00,2026-10-01T02:05:25+00:00,,,,,,Zərərli fayl hash-i (SHA256)
sha256,958082dc16cd432739ea8b795ee03128c1e410810d6bd63ef2fa669619008b86,38,low,MalwareBazaar,1,1,2026-10-01T02:05:25+00:00,2026-10-01T02:05:25+00:00,,,,,,Zərərli fayl hash-i (SHA256)
sha256,82245bb2b21c5c22e2cc603f0201fc0bce46482ac3c2310eb125ad40fd45a4f8,38,low,MalwareBazaar,1,1,2026-10-01T02:05:25+00:00,2026-10-01T02:05:25+00:00,,,,,,Zərərli fayl hash-i (SHA256)
sha256,2811ce65c5cb9c918b6d8233bfb50455424a1c27dda9a17f0bc1966b8b06937b,38,low,MalwareBazaar,1,1,2026-10-01T02:05:25+00:00,2026-10-01T02:05:25+00:00,,,,,,Zərərli fayl hash-i (SHA256)
sha256,d45b2882ba0755ac5ca53a053a026486b2f00a3f9a24826379d3a20730482070,38,low,MalwareBazaar,1,1,2026-10-01T02:05:25+00:00,2026-10-01T02:05:25+00:00,,,,,,Zərərli fayl hash-i (SHA256)
sha256,3213b549b2cd92d22e7153a5f360cea1e3f0f018c45ebf43310d074ddf97b6bc,38,low,MalwareBazaar,1,1,2026-10-01T02:05:25+00:00,2026-10-01T02:05:25+00:00,,,,,,Zərərli fayl hash-i (SHA256)
sha256,6a18cee8971a9c17686d5d67e9799943df353fce1e382b4e405c4a1450ebb008,38,low,MalwareBazaar,1,1,2026-10-01T02:05:25+00:00,2026-10-01T02:05:25+00:00,,,,,,Zərərli fayl hash-i (SHA256)
sha256,f9b12ae35695159a523ac9c2067f6e816ea2468602c4b87bd1568637ede40200,38,low,MalwareBazaar,1,1,2026-10-01T02:05:25+00:00,2026-10-01T02:05:25+00:00,,,,,,Zərərli fayl hash-i (SHA256)
sha256,9dcd94a22960911d1b0756ad7b81fdf9cfce16031a7a75908ae54c56b9aa4bd8,38,low,MalwareBazaar,1,1,2026-10-01T02:05:25+00:00,2026-10-01T02:05:25+00:00,,,,,,Zərərli fayl hash-i (SHA256)
sha256,ce61e53d5168643763383fae41d272abf5f756fa47a21af75393c6d1615575de,38,low,MalwareBazaar,1,1,2026-10-01T02:05:25+00:00,2026-10-01T02:05:25+00:00,,,,,,Zərərli fayl hash-i (SHA256)
sha256,2a9ff2786cb8e9ab3606b464b19ebd063d833d8daf72f608bba97e6cc04941be,38,low,MalwareBazaar,1,1,2026-10-01T02:05:25+00:00,2026-10-01T02:05:25+00:00,,,,,,Zərərli fayl hash-i (SHA256)
sha256,842987b5d174aa4e5418c9464446a0a44362c1ed54e8e7150d8ac5a618548cf9,38,low,MalwareBazaar,1,1,2026-10-01T02:05:25+00:00,2026-10-01T02:05:25+00:00,,,,,,Zərərli fayl hash-i (SHA256)
sha256,a6f0b4f8555b9c067a5b9db32ed390fdbad2aa75d06ad8f59744053b813ca28e,38,low,MalwareBazaar,1,1,2026-10-01T02:05:25+00:00,2026-10-01T02:05:25+00:00,,,,,,Zərərli fayl hash-i (SHA256)
sha256,ec617e393544d37af6ec2b21d22a835cd82788c95e16a0dafcda39f9876c1125,38,low,MalwareBazaar,1,1,2026-10-01T02:05:25+00:00,2026-10-01T02:05:25+00:00,,,,,,Zərərli fayl hash-i (SHA256)
sha256,2581e11d3612e914a58c723394ff6e527e55f644fc57e948829b42b7f4613cdb,38,low,MalwareBazaar,1,1,2026-10-01T02:05:25+00:00,2026-10-01T02:05:25+00:00,,,,,,Zərərli fayl hash-i (SHA256)
sha256,58d56342977c1eee089f5bddc14204cb89d31bc7d09f352d1bb4fe92fb62ef42,38,low,MalwareBazaar,1,1,2026-10-01T02:05:25+00:00,2026-10-01T02:05:25+00:00,,,,,,Zərərli fayl hash-i (SHA256)
sha256,4d4e390e7c8878ad3611998b622f18c3cc350b8fee4f669998b3305a36c2b3e9,38,low,MalwareBazaar,1,1,2026-10-01T02:05:25+00:00,2026-10-01T02:05:25+00:00,,,,,,Zərərli fayl hash-i (SHA256)
sha256,24d476813db9620e82d258b20f2d6987b39d54ec25403fe40e2da7b9965f1095,38,low,MalwareBazaar,1,1,2026-10-01T02:05:25+00:00,2026-10-01T02:05:25+00:00,,,,,,Zərərli fayl hash-i (SHA256)
sha256,08577b8bd77de51bfffa7ca8a1bb00f35fd3f393899cd46e03f539c966dfa713,38,low,MalwareBazaar,1,1,2026-10-01T02:05:25+00:00,2026-10-01T02:05:25+00:00,,,,,,Zərərli fayl hash-i (SHA256)
sha256,f80045325720976855624e245beea3c8e411224723a7b56699dce52a42a3bb75,38,low,MalwareBazaar,1,1,2026-10-01T02:05:25+00:00,2026-10-01T02:05:25+00:00,,,,,,Zərərli fayl hash-i (SHA256)
sha256,898d71431e91e9b512f116729cbb9ab48f675f29f6e7e600bb7ef5de8884a0eb,38,low,MalwareBazaar,1,1,2026-10-01T02:05:25+00:00,2026-10-01T02:05:25+00:00,,,,,,Zərərli fayl hash-i (SHA256)
sha256,8de623293cccc9ca198198a3dbf576d7b73169cbafb1eafee404b4d98a7550b8,38,low,MalwareBazaar,1,1,2026-10-01T02:05:25+00:00,2026-10-01T02:05:25+00:00,,,,,,Zərərli fayl hash-i (SHA256)
sha256,1317d04b9992f3838cdfe08f4f1f358c06d07cbd3a874624c90e1abc0608d645,38,low,MalwareBazaar,1,1,2026-10-01T02:05:25+00:00,2026-10-01T02:05:25+00:00,,,,,,Zərərli fayl hash-i (SHA256)
sha256,11eb1ef781593cdb86df5145af87119a3eba1c78e894f927f718378e012b7d24,38,low,MalwareBazaar,1,1,2026-10-01T02:05:25+00:00,2026-10-01T02:05:25+00:00,,,,,,Zərərli fayl hash-i (SHA256)
sha256,0c7c2cd3483ee0b03e2cba1ec44eda97a509e6e97e51c695801e09382c6a41d7,38,low,MalwareBazaar,1,1,2026-10-01T02:05:25+00:00,2026-10-01T02:05:25+00:00,,,,,,Zərərli fayl hash-i (SHA256)
sha256,12fc543c0e6dfc4b1542117b68bc5a8896e019de213633f65caf797c93a063e9,38,low,MalwareBazaar,1,1,2026-10-01T02:05:25+00:00,2026-10-01T02:05:25+00:00,,,,,,Zərərli fayl hash-i (SHA256)
sha256,f4618b15a3e4e02aead52f828c905899262c794d825193352ac1ce1b71983378,38,low,MalwareBazaar,1,1,2026-10-01T02:05:25+00:00,2026-10-01T02:05:25+00:00,,,,,,Zərərli fayl hash-i (SHA256)
sha256,93e1a2507a6739baf7ecea52b403e6e70ea3eb170377b8ca6db40f4dc3ff9886,38,low,MalwareBazaar,1,1,2026-10-01T02:05:25+00:00,2026-10-01T02:05:25+00:00,,,,,,Zərərli fayl hash-i (SHA256)
sha256,b00d2942457169953f1dc009edc00f484f14e83a09c8437cc2166776d23ace3c,38,low,MalwareBazaar,1,1,2026-10-01T02:05:25+00:00,2026-10-01T02:05:25+00:00,,,,,,Zərərli fayl hash-i (SHA256)
sha256,f0b910c4acd7ead9d966492c21302d51c2a68c2af552683250fa9d1707db29f6,38,low,MalwareBazaar,1,1,2026-10-01T02:05:25+00:00,2026-10-01T02:05:25+00:00,,,,,,Zərərli fayl hash-i (SHA256)
sha256,64752b6c1a67a900f4e71d17555406a257a0a82f7bb22328e3d7f225a01a4ad7,38,low,MalwareBazaar,1,1,2026-10-01T02:05:25+00:00,2026-10-01T02:05:25+00:00,,,,,,Zərərli fayl hash-i (SHA256)
sha256,f26ae78b51e068d1323bdd1c74d55db2679ea2be2e609eb451d0dd4ca0a742cf,38,low,MalwareBazaar,1,1,2026-10-01T02:05:25+00:00,2026-10-01T02:05:25+00:00,,,,,,Zərərli fayl hash-i (SHA256)
sha256,d36ac472929af3339452f9bdbac9692b149be6885f689306c24d5fba6a3adc47,38,low,MalwareBazaar,1,1,2026-10-01T02:05:25+00:00,2026-10-01T02:05:25+00:00,,,,,,Zərərli fayl hash-i (SHA256)
sha256,fc796f28953c575b8ab8e00c5233fc4e44966592fa8e95e7bda5ac196b496d4f,38,low,MalwareBazaar,1,1,2026-10-01T02:05:25+00:00,2026-10-01T02:05:25+00:00,,,,,,Zərərli fayl hash-i (SHA256)
sha256,ebcb18de01e4dc24a1be62b9433f9c05157b8e801f4e2864fecd80f1a8467ae6,38,low,MalwareBazaar,1,1,2026-10-01T02:05:25+00:00,2026-10-01T02:05:25+00:00,,,,,,Zərərli fayl hash-i (SHA256)
sha256,91766aa43299c2cdc4f928d78bf3d393ac96b6a86a20f28ee1b5fb26b87dce8a,38,low,MalwareBazaar,1,1,2026-10-01T02:05:25+00:00,2026-10-01T02:05:25+00:00,,,,,,Zərərli fayl hash-i (SHA256)
sha256,308c3a08755665e84f4771b869b4df3f2eee9adde83cf1efe935e47d92583fc3,38,low,MalwareBazaar,1,1,2026-10-01T02:05:25+00:00,2026-10-01T02:05:25+00:00,,,,,,Zərərli fayl hash-i (SHA256)
sha256,ad9f5068b17e4fa00b58a2aaf0d71b8a1530476d619b39607463f4c704397a35,38,low,MalwareBazaar,1,1,2026-10-01T02:05:25+00:00,2026-10-01T02:05:25+00:00,,,,,,Zərərli fayl hash-i (SHA256)
sha256,7e395c997a9085c5be0a2f8997e834491f06fc02b85560bf23a9002afa4e8000,38,low,MalwareBazaar,1,1,2026-10-01T02:05:25+00:00,2026-10-01T02:05:25+00:00,,,,,,Zərərli fayl hash-i (SHA256)
sha256,dc900bfbc7009b914a2064be4732533dc3a2210e5e9fd69bcd2482da5f3614c2,38,low,MalwareBazaar,1,1,2026-10-01T02:05:25+00:00,2026-10-01T02:05:25+00:00,,,,,,Zərərli fayl hash-i (SHA256)
sha256,8a28b491205f27b111b5c851dab1a2fbbbc50f02985a25437362157c8c2f7286,38,low,MalwareBazaar,1,1,2026-10-01T02:05:25+00:00,2026-10-01T02:05:25+00:00,,,,,,Zərərli fayl hash-i (SHA256)
sha256,791aef7c4b22b3b7aa930d54734be059587b7ceae735279fdd076373506284a3,38,low,MalwareBazaar,1,1,2026-10-01T02:05:25+00:00,2026-10-01T02:05:25+00:00,,,,,,Zərərli fayl hash-i (SHA256)
sha256,cabb31719b9297b71e446fcdd4bdf4dcb9fb3f93f4d7eb8054cd7e82d11372b3,38,low,MalwareBazaar,1,1,2026-10-01T02:05:25+00:00,2026-10-01T02:05:25+00:00,,,,,,Zərərli fayl hash-i (SHA256)
sha256,78fecd4a8982793ff9d9e8b5754d40ffd9eb0d61bab1aa79393b3e24e4befec3,38,low,MalwareBazaar,1,1,2026-10-01T02:05:25+00:00,2026-10-01T02:05:25+00:00,,,,,,Zərərli fayl hash-i (SHA256)
sha256,14838da1c0ba72570b0e3161aabe8697e536108f73aea3d8125427cd4740a0c8,38,low,MalwareBazaar,1,1,2026-10-01T02:05:25+00:00,2026-10-01T02:05:25+00:00,,,,,,Zərərli fayl hash-i (SHA256)
sha256,d7c49a2a55a11da0fafbddc493bb506cf7a73ac9256db7c2261a26089bcd8c65,38,low,MalwareBazaar,1,1,2026-10-01T02:05:25+00:00,2026-10-01T02:05:25+00:00,,,,,,Zərərli fayl hash-i (SHA256)
sha256,9fcd99fb402d988bf64df1e23258ea703baf887e8ba033f8f1a32cd31dc65dce,38,low,MalwareBazaar,1,1,2026-10-01T02:05:25+00:00,2026-10-01T02:05:25+00:00,,,,,,Zərərli fayl hash-i (SHA256)
sha256,ce84f5d0faf4fe973a4a5e367c36963e98a2e4679e6a85e9e79747cd8d350fe0,38,low,MalwareBazaar,1,1,2026-10-01T02:05:25+00:00,2026-10-01T02:05:25+00:00,,,,,,Zərərli fayl hash-i (SHA256)
sha256,0a7d36fe8bc94e07ee2c984e61105d0ac8a5575cb2966ef9866fd398a3ff2cc0,38,low,MalwareBazaar,1,1,2026-10-01T02:05:25+00:00,2026-10-01T02:05:25+00:00,,,,,,Zərərli fayl hash-i (SHA256)
sha256,fecd9ebc7b161ec55ee2c8a23e64e3cf15e911daf12577b3a9b4c454d8e7a4de,38,low,MalwareBazaar,1,1,2026-10-01T02:05:25+00:00,2026-10-01T02:05:25+00:00,,,,,,Zərərli fayl hash-i (SHA256)
sha256,8645372969e8a3373e73368047a49917e69f4c876329edcb0d27e17f2339fdc8,38,low,MalwareBazaar,1,1,2026-10-01T02:05:25+00:00,2026-10-01T02:05:25+00:00,,,,,,Zərərli fayl hash-i (SHA256)
sha256,375b4b7cf0e9be1400e3b12047b8705e1d34f2d630f1f4ea7a22c22490642716,38,low,MalwareBazaar,1,1,2026-10-01T02:05:25+00:00,2026-10-01T02:05:25+00:00,,,,,,Zərərli fayl hash-i (SHA256)
sha256,b637e891fb5491ff30b1a6d2f24a6d1cb0bdf64845c6a4c5c5019f64cf2c7b3e,38,low,MalwareBazaar,1,1,2026-10-01T02:05:25+00:00,2026-10-01T02:05:25+00:00,,,,,,Zərərli fayl hash-i (SHA256)
sha256,7dbfcd674e5261d4371f94eba86640a0913abebfad875b932091cec4dba9dac9,38,low,MalwareBazaar,1,1,2026-10-01T02:05:25+00:00,2026-10-01T02:05:25+00:00,,,,,,Zərərli fayl hash-i (SHA256)
sha256,f42c744d89eb0dedb625a31ff87908c872668a31396f06c4de3516cfad8aee9e,38,low,MalwareBazaar,1,1,2026-10-01T02:05:25+00:00,2026-10-01T02:05:25+00:00,,,,,,Zərərli fayl hash-i (SHA256)
sha256,4ae25cebce11fd16f4d0d0310ee6f4eee7cd601b676622ac5ba03ed7463f31ec,38,low,MalwareBazaar,1,1,2026-10-01T02:05:25+00:00,2026-10-01T02:05:25+00:00,,,,,,Zərərli fayl hash-i (SHA256)
sha256,a59fd4f5ff39047a9e026201b31fb9b1ccfa273be36ea0bf093f3b4c1098a1cc,38,low,MalwareBazaar,1,1,2026-10-01T02:05:25+00:00,2026-10-01T02:05:25+00:00,,,,,,Zərərli fayl hash-i (SHA256)
sha256,6c324799a2849a59c27c9ad4509a361103d5a7ee526cde5c2cb2aea58d1a5064,38,low,MalwareBazaar,1,1,2026-10-01T02:05:25+00:00,2026-10-01T02:05:25+00:00,,,,,,Zərərli fayl hash-i (SHA256)
sha256,1140ff219cc0d6064ebfd3142f2d30d46f2fcd5aff0c22b241fb6b7e373597dd,38,low,MalwareBazaar,1,1,2026-10-01T02:05:25+00:00,2026-10-01T02:05:25+00:00,,,,,,Zərərli fayl hash-i (SHA256)
sha256,ac681965377c286b8607358a7b7b880999e5d03afb1a1d58e29b9294438e29a2,38,low,MalwareBazaar,1,1,2026-10-01T02:05:25+00:00,2026-10-01T02:05:25+00:00,,,,,,Zərərli fayl hash-i (SHA256)
sha256,0614a88115bc0bc4827c3608b88dc0927aa9c08e6ed10d0f1bac206c3c363c7c,38,low,MalwareBazaar,1,1,2026-10-01T02:05:25+00:00,2026-10-01T02:05:25+00:00,,,,,,Zərərli fayl hash-i (SHA256)
sha256,20d5fcc27775dec1ebd09aaa326ecec3cbe415e77527efe4f6367961effaea79,38,low,MalwareBazaar,1,1,2026-10-01T02:05:25+00:00,2026-10-01T02:05:25+00:00,,,,,,Zərərli fayl hash-i (SHA256)
sha256,87e468e42268b28059783560b8cd908fee5f3b13e3ff39fb7392334ef3dedfa1,38,low,MalwareBazaar,1,1,2026-10-01T02:05:25+00:00,2026-10-01T02:05:25+00:00,,,,,,Zərərli fayl hash-i (SHA256)
sha256,d07b2660e7812ed8cbf40d0f37c67b8c60533e0df35076d01bc7ae77474ea1b0,38,low,MalwareBazaar,1,1,2026-10-01T02:05:25+00:00,2026-10-01T02:05:25+00:00,,,,,,Zərərli fayl hash-i (SHA256)
sha256,2f628ec25633d4b9f1a50f958ac6abcd6f341942b6deebe23807d4a792c00ca5,38,low,MalwareBazaar,1,1,2026-10-01T02:05:25+00:00,2026-10-01T02:05:25+00:00,,,,,,Zərərli fayl hash-i (SHA256)
sha256,9e9aad5520f90fb831e35e5ad4be1e0039a7a891f854f3f513399edf729c0c84,38,low,MalwareBazaar,1,1,2026-10-01T02:05:25+00:00,2026-10-01T02:05:25+00:00,,,,,,Zərərli fayl hash-i (SHA256)
sha256,beda570aa022ae2a08a2e3647fd50c60cfb1f8827568b2bba669bbac3161bf49,38,low,MalwareBazaar,1,1,2026-10-01T02:05:25+00:00,2026-10-01T02:05:25+00:00,,,,,,Zərərli fayl hash-i (SHA256)
sha256,3ccf794dd168536bb856808f694b545568f37d3d338b9c084eecbb003dc6bcc4,38,low,MalwareBazaar,1,1,2026-10-01T02:05:25+00:00,2026-10-01T02:05:25+00:00,,,,,,Zərərli fayl hash-i (SHA256)
sha256,4785f0c3da9e43dc8d79cc842326702276d95188bc78fbd407ab7e935f547991,38,low,MalwareBazaar,1,1,2026-10-01T02:05:25+00:00,2026-10-01T02:05:25+00:00,,,,,,Zərərli fayl hash-i (SHA256)
sha256,9fad8a6e6bcd59a066160846b119a37c2786a235af80696368fc3f0f19f1c6b0,38,low,MalwareBazaar,1,1,2026-10-01T02:05:25+00:00,2026-10-01T02:05:25+00:00,,,,,,Zərərli fayl hash-i (SHA256)
sha256,1c7df6430643164ca8a0b2f36ff5cc2b27ee88ef4132b0f62160fe523c91c383,38,low,MalwareBazaar,1,1,2026-10-01T02:05:25+00:00,2026-10-01T02:05:25+00:00,,,,,,Zərərli fayl hash-i (SHA256)
sha256,5d4242262fb4b13a8ee8c13d040dbe3820b6729d9d5924d48b78f3df53f3f94a,38,low,MalwareBazaar,1,1,2026-10-01T02:05:25+00:00,2026-10-01T02:05:25+00:00,,,,,,Zərərli fayl hash-i (SHA256)
sha256,3a98d48c9346e330c7eaccdd25d231e735958f5029e7756b2f9deec75b8125f2,38,low,MalwareBazaar,1,1,2026-10-01T02:05:25+00:00,2026-10-01T02:05:25+00:00,,,,,,Zərərli fayl hash-i (SHA256)
sha256,c37fe23eff2c9d1c879ad5493a86666aed1d9551c12c9a38cc3fcbc7ea33cdd2,38,low,MalwareBazaar,1,1,2026-10-01T02:05:25+00:00,2026-10-01T02:05:25+00:00,,,,,,Zərərli fayl hash-i (SHA256)
sha256,7a4dcfa6f8c24150bb6f751e7c8c6b3a628cfac25dd6989c3b5b050c56259bc1,38,low,MalwareBazaar,1,1,2026-10-01T02:05:25+00:00,2026-10-01T02:05:25+00:00,,,,,,Zərərli fayl hash-i (SHA256)
